Rk,Player,Nation,Pos,Squad,Age,Born,MP,Starts,Min,90s,Gls,Ast,G+A,G-PK,PK,PKatt,CrdY,CrdR,Gls.1,Ast.1,G+A.1,G-PK.1,G+A-PK,Matches,Season
1,Hiroyuki Abe,jp JPN,FW,Shonan Bellmare,32,1989,13,4,489,5.4,3,1,4,3,0,0,0,0,0.55,0.18,0.74,0.55,0.74,Matches,2022
2,Hiroyuki Abe,jp JPN,MF,Grampus,32,1989,16,1,352,3.9,1,0,1,0,1,1,0,0,0.26,0.00,0.26,0.00,0.00,Matches,2022
3,Shuto Abe,jp JPN,MF,FC Tokyo,24,1997,30,25,"2,127",23.6,4,3,7,4,0,0,2,0,0.17,0.13,0.30,0.17,0.30,Matches,2022
4,Adaílton,br BRA,"FW,MF",FC Tokyo,31,1990,31,17,"1,682",18.7,12,2,14,11,1,1,0,0,0.64,0.11,0.75,0.59,0.70,Matches,2022
5,Takahiro Akimoto,jp JPN,"DF,MF",Urawa Reds,24,1998,31,22,"2,104",23.4,0,5,5,0,0,0,0,1,0.00,0.21,0.21,0.00,0.21,Matches,2022
6,Juan Alano,br BRA,"MF,FW",Kashima Antlers,25,1996,12,5,465,5.2,1,0,1,1,0,0,1,0,0.19,0.00,0.19,0.19,0.19,Matches,2022
7,Juan Alano,br BRA,MF,Gamba Osaka,25,1996,11,10,825,9.2,1,2,3,1,0,0,2,0,0.11,0.22,0.33,0.11,0.33,Matches,2022
8,Lukian Araújo de Almeida,br BRA,"FW,MF",Avispa Fukuoka,30,1991,34,22,"2,177",24.2,3,3,6,3,0,1,2,0,0.12,0.12,0.25,0.12,0.25,Matches,2022
9,Koki Anzai,jp JPN,DF,Kashima Antlers,26,1995,33,28,"2,49",27.7,0,1,1,0,0,0,1,0,0.00,0.04,0.04,0.00,0.04,Matches,2022
10,Ryota Aoki,jp JPN,MF,Consa Sapporo,25,1996,31,21,"1,966",21.8,8,3,11,8,0,0,2,0,0.37,0.14,0.50,0.37,0.50,Matches,2022
11,Takuya Aoki,jp JPN,MF,FC Tokyo,32,1989,18,16,"1,325",14.7,0,0,0,0,0,0,3,1,0.00,0.00,0.00,0.00,0.00,Matches,2022
12,Toshihiro Aoyama,jp JPN,MF,Sanfrecce Hiroshima,35,1986,15,4,382,4.2,0,0,0,0,0,0,0,0,0.00,0.00,0.00,0.00,0.00,Matches,2022
13,Haruki Arai,jp JPN,MF,Cerezo Osaka,23,1998,2,0,43,0.5,0,0,0,0,0,0,0,0,0.00,0.00,0.00,0.00,0.00,Matches,2022
14,Daigo Araki,jp JPN,"FW,DF",Kyoto Sanga,27,1994,15,5,556,6.2,0,0,0,0,0,0,3,0,0.00,0.00,0.00,0.00,0.00,Matches,2022
15,Hayato Araki,jp JPN,DF,Sanfrecce Hiroshima,25,1996,31,31,"2,783",30.9,2,0,2,2,0,0,4,0,0.06,0.00,0.06,0.06,0.06,Matches,2022
16,Ryotaro Araki,jp JPN,"MF,FW",Kashima Antlers,20,2002,13,6,533,5.9,1,1,2,1,0,0,3,0,0.17,0.17,0.34,0.17,0.34,Matches,2022
17,Shunta Araki,jp JPN,"FW,MF",Sagan Tosu,22,1999,12,0,203,2.3,0,0,0,0,0,0,0,0,0.00,0.00,0.00,0.00,0.00,Matches,2022
18,Takuma Arano,jp JPN,"MF,FW",Consa Sapporo,28,1993,29,20,"1,788",19.9,1,3,4,1,0,0,2,1,0.05,0.15,0.20,0.05,0.20,Matches,2022
19,Arthur,br BRA,"MF,FW",Kashima Antlers,29,1992,29,23,"2,05",22.8,9,3,12,9,0,0,2,0,0.40,0.13,0.53,0.40,0.53,Matches,2022
20,Shogo Asada,jp JPN,DF,Kyoto Sanga,23,1998,32,31,"2,792",31.0,0,1,1,0,0,0,1,1,0.00,0.03,0.03,0.00,0.03,Matches,2022
21,Yuya Asano,jp JPN,"MF,FW",Sanfrecce Hiroshima,24,1997,12,8,571,6.3,0,0,0,0,0,0,0,0,0.00,0.00,0.00,0.00,0.00,Matches,2022
22,Shun Ayukawa,jp JPN,FW,Sanfrecce Hiroshima,20,2001,3,1,104,1.2,1,0,1,1,0,0,0,0,0.87,0.00,0.87,0.87,0.87,Matches,2022
23,Kashif Bangunagande,jp JPN,DF,FC Tokyo,20,2001,17,13,"1,248",13.9,1,2,3,1,0,0,4,0,0.07,0.14,0.22,0.07,0.22,Matches,2022
24,Akimi Barada,jp JPN,MF,Shonan Bellmare,30,1991,31,24,"1,776",19.7,0,4,4,0,0,0,2,0,0.00,0.20,0.20,0.00,0.20,Matches,2022
25,Nassim Ben Khalifa,ch SUI,FW,Sanfrecce Hiroshima,30,1992,25,19,"1,426",15.8,5,1,6,5,0,0,3,0,0.32,0.06,0.38,0.32,0.38,Matches,2022
26,Paulinho Bóia,br BRA,"FW,MF",Kyoto Sanga,23,1998,6,0,165,1.8,1,0,1,1,0,0,1,0,0.55,0.00,0.55,0.55,0.55,Matches,2022
27,Carlinhos,br BRA,"MF,FW",Shimizu S-Pulse,27,1994,22,16,"1,387",15.4,3,6,9,3,0,0,2,0,0.19,0.39,0.58,0.19,0.58,Matches,2022
28,Yusuke Chajima,jp JPN,MF,Sanfrecce Hiroshima,30,1991,7,4,331,3.7,1,0,1,1,0,0,0,0,0.27,0.00,0.27,0.27,0.27,Matches,2022
29,Kei Chinen,jp JPN,"FW,MF",Kawasaki Frontale,26,1995,27,10,"1,22",13.6,7,1,8,6,1,1,3,0,0.52,0.07,0.59,0.44,0.52,Matches,2022
30,Tetsuya Chinen,jp JPN,DF,Urawa Reds,24,1997,9,4,387,4.3,1,0,1,1,0,0,0,0,0.23,0.00,0.23,0.23,0.23,Matches,2022
31,Jordy Croux,be BEL,MF,Avispa Fukuoka,28,1994,31,23,"1,962",21.8,4,4,8,4,0,0,3,0,0.18,0.18,0.37,0.18,0.37,Matches,2022
32,Leandro Damião,br BRA,FW,Kawasaki Frontale,32,1989,23,17,"1,352",15.0,5,1,6,5,0,0,1,0,0.33,0.07,0.40,0.33,0.40,Matches,2022
33,Wellington Daniel Bueno,br BRA,DF,Kashima Antlers,26,1995,7,4,306,3.4,0,1,1,0,0,0,1,0,0.00,0.29,0.29,0.00,0.29,Matches,2022
34,Dawhan,br BRA,MF,Gamba Osaka,25,1996,27,22,"1,911",21.2,3,1,4,3,0,0,6,0,0.14,0.05,0.19,0.14,0.19,Matches,2022
35,Diego,br BRA,DF,Sagan Tosu,26,1995,32,30,"2,723",30.3,2,4,6,2,0,0,5,0,0.07,0.13,0.20,0.07,0.20,Matches,2022
36,Akira Disaro,jp JPN,FW,Shimizu S-Pulse,25,1996,3,0,53,0.6,0,0,0,0,0,0,0,0,0.00,0.00,0.00,0.00,0.00,Matches,2022
37,Dodi,br BRA,MF,Kashiwa Reysol,25,1996,29,17,"1,73",19.2,1,1,2,1,0,0,7,0,0.05,0.05,0.10,0.05,0.10,Matches,2022
38,Shoma Doi,jp JPN,"MF,FW",Kashima Antlers,29,1992,23,11,864,9.6,1,1,2,1,0,0,1,0,0.10,0.10,0.21,0.10,0.21,Matches,2022
39,Douglas,br BRA,FW,Kashiwa Reysol,34,1987,10,9,660,7.3,4,1,5,4,0,0,0,0,0.55,0.14,0.68,0.55,0.68,Matches,2022
40,Douglas,br BRA,FW,Consa Sapporo,27,1995,7,0,180,2.0,1,0,1,1,0,0,1,0,0.50,0.00,0.50,0.50,0.50,Matches,2022
41,Dudu,br BRA,MF,Júbilo Iwata,24,1997,2,0,19,0.2,0,0,0,0,0,0,0,0,0.00,0.00,0.00,0.00,0.00,Matches,2022
42,Dudu,br BRA,DF,Yokohama F. Marinos,28,1993,23,21,"1,921",21.3,1,1,2,1,0,0,4,0,0.05,0.05,0.09,0.05,0.09,Matches,2022
43,Élber,br BRA,"MF,FW",Yokohama F. Marinos,29,1992,29,24,"1,753",19.5,8,5,13,8,0,0,1,0,0.41,0.26,0.67,0.41,0.67,Matches,2022
44,Blessing Eleke,ng NGA,FW,Kashima Antlers,25,1996,4,2,141,1.6,1,1,2,1,0,0,0,0,0.64,0.64,1.28,0.64,1.28,Matches,2022
45,Tarik Elyounoussi,no NOR,"MF,FW",Shonan Bellmare,33,1988,31,18,"1,495",16.6,1,3,4,1,0,0,1,0,0.06,0.18,0.24,0.06,0.24,Matches,2022
46,Yasuhito Endō,jp JPN,MF,Júbilo Iwata,42,1980,31,27,"2,29",25.4,0,3,3,0,0,0,2,0,0.00,0.12,0.12,0.00,0.12,Matches,2022
47,Ataru Esaka,jp JPN,"MF,FW",Urawa Reds,29,1992,30,20,"1,937",21.5,2,1,3,1,1,1,1,0,0.09,0.05,0.14,0.05,0.09,Matches,2022
48,Ezequiel,br BRA,MF,Sanfrecce Hiroshima,23,1998,9,2,241,2.7,1,0,1,1,0,0,0,0,0.37,0.00,0.37,0.37,0.37,Matches,2022
49,Lucas Fernandes,br BRA,MF,Consa Sapporo,27,1994,28,26,"2,255",25.1,3,4,7,3,0,1,2,0,0.12,0.16,0.28,0.12,0.28,Matches,2022
50,Yūta Fujihara,jp JPN,FW,Sagan Tosu,22,1999,8,2,217,2.4,1,0,1,1,0,0,0,0,0.41,0.00,0.41,0.41,0.41,Matches,2022
51,Hiroki Fujiharu,jp JPN,"DF,MF",Gamba Osaka,33,1988,18,10,"1,083",12.0,0,0,0,0,0,0,0,0,0.00,0.00,0.00,0.00,0.00,Matches,2022
52,Haruya Fujii,jp JPN,DF,Grampus,21,2000,31,28,"2,635",29.3,1,0,1,1,0,0,4,0,0.03,0.00,0.03,0.03,0.03,Matches,2022
53,Tomoya Fujii,jp JPN,MF,Sanfrecce Hiroshima,23,1998,27,23,"2,105",23.4,1,1,2,1,0,0,3,0,0.04,0.04,0.09,0.04,0.09,Matches,2022
54,Noriaki Fujimoto,jp JPN,FW,Vissel Kobe,32,1989,3,0,45,0.5,0,0,0,0,0,0,0,0,0.00,0.00,0.00,0.00,0.00,Matches,2022
55,Joel Fujita,jp JPN,MF,Yokohama F. Marinos,19,2002,29,14,"1,522",16.9,1,1,2,1,0,0,0,0,0.06,0.06,0.12,0.06,0.12,Matches,2022
56,Naoyuki Fujita,jp JPN,MF,Sagan Tosu,34,1987,26,9,981,10.9,2,2,4,2,0,0,1,0,0.18,0.18,0.37,0.18,0.37,Matches,2022
57,Kensuke Fujiwara,jp JPN,MF,Júbilo Iwata,18,2003,1,0,10,0.1,0,0,0,0,0,0,0,0,0.00,0.00,0.00,0.00,0.00,Matches,2022
58,Kazuki Fukai,jp JPN,MF,Consa Sapporo,26,1995,23,12,"1,167",13.0,2,0,2,2,0,0,2,0,0.15,0.00,0.15,0.15,0.15,Matches,2022
59,Yuya Fukuda,jp JPN,MF,Gamba Osaka,22,1999,15,3,422,4.7,2,0,2,2,0,0,1,0,0.43,0.00,0.43,0.43,0.43,Matches,2022
60,Taichi Fukui,jp JPN,MF,Sagan Tosu,17,2004,1,0,7,0.1,0,0,0,0,0,0,0,0,0.00,0.00,0.00,0.00,0.00,Matches,2022
61,Akito Fukumori,jp JPN,DF,Consa Sapporo,29,1992,29,22,"1,71",19.0,1,5,6,1,0,0,2,1,0.05,0.26,0.32,0.05,0.32,Matches,2022
62,Shimpei Fukuoka,jp JPN,MF,Kyoto Sanga,21,2000,28,21,"1,774",19.7,0,1,1,0,0,0,3,0,0.00,0.05,0.05,0.00,0.05,Matches,2022
63,Shota Fukuoka,jp JPN,DF,Gamba Osaka,26,1995,11,6,491,5.5,0,0,0,0,0,0,0,0,0.00,0.00,0.00,0.00,0.00,Matches,2022
64,Hayato Fukushima,jp JPN,DF,Shonan Bellmare,21,2000,4,2,168,1.9,0,0,0,0,0,0,0,0,0.00,0.00,0.00,0.00,0.00,Matches,2022
65,Akito Fukuta,jp JPN,MF,Sagan Tosu,29,1992,33,32,"2,65",29.4,2,7,9,2,0,0,2,0,0.07,0.24,0.31,0.07,0.31,Matches,2022
66,Yu Funabashi,jp JPN,MF,Kashima Antlers,19,2002,13,3,391,4.3,0,0,0,0,0,0,0,0,0.00,0.00,0.00,0.00,0.00,Matches,2022
67,Kakeru Funaki,jp JPN,DF,Cerezo Osaka,23,1998,14,7,785,8.7,2,0,2,2,0,0,1,0,0.23,0.00,0.23,0.23,0.23,Matches,2022
68,Yōsuke Furukawa,jp JPN,MF,Júbilo Iwata,18,2003,7,1,144,1.6,1,1,2,1,0,0,0,0,0.62,0.62,1.25,0.62,1.25,Matches,2022
69,Park Geonwoo,kr KOR,DF,Sagan Tosu,20,2001,2,0,8,0.1,0,0,0,0,0,0,1,0,0.00,0.00,0.00,0.00,0.00,Matches,2022
70,Ryo Germain,jp JPN,"MF,FW",Júbilo Iwata,26,1995,29,8,"1,028",11.4,3,0,3,3,0,0,1,0,0.26,0.00,0.26,0.26,0.26,Matches,2022
71,Yuta Goke,jp JPN,MF,Vissel Kobe,22,1999,18,8,690,7.7,0,0,0,0,0,0,1,0,0.00,0.00,0.00,0.00,0.00,Matches,2022
72,Shūichi Gonda,jp JPN,GK,Shimizu S-Pulse,32,1989,33,33,"2,925",32.5,0,0,0,0,0,0,0,0,0.00,0.00,0.00,0.00,0.00,Matches,2022
73,Fabián González Lasso,co COL,FW,Júbilo Iwata,29,1992,18,4,665,7.4,6,0,6,6,0,0,4,1,0.81,0.00,0.81,0.81,0.81,Matches,2022
74,Yusuke Goto,jp JPN,MF,Shimizu S-Pulse,28,1993,15,7,610,6.8,0,0,0,0,0,0,0,0,0.00,0.00,0.00,0.00,0.00,Matches,2022
75,Douglas Grolli,br BRA,DF,Avispa Fukuoka,32,1989,26,24,"2,106",23.4,0,0,0,0,0,0,5,1,0.00,0.00,0.00,0.00,0.00,Matches,2022
76,Kim Gun-hee,kr KOR,FW,Consa Sapporo,26,1995,8,0,255,2.8,2,2,4,2,0,0,1,0,0.71,0.71,1.41,0.71,1.41,Matches,2022
77,Yutaro Hakamata,jp JPN,MF,Júbilo Iwata,25,1996,2,1,72,0.8,0,0,0,0,0,0,0,0,0.00,0.00,0.00,0.00,0.00,Matches,2022
78,Teruki Hara,jp JPN,DF,Shimizu S-Pulse,23,1998,25,21,"1,891",21.0,0,2,2,0,0,0,1,0,0.00,0.10,0.10,0.00,0.10,Matches,2022
79,Wataru Harada,jp JPN,"DF,MF",Sagan Tosu,25,1996,27,21,"2,004",22.3,0,1,1,0,0,0,1,0,0.00,0.04,0.04,0.00,0.04,Matches,2022
80,Riki Harakawa,jp JPN,MF,Cerezo Osaka,28,1993,18,18,"1,532",17.0,0,2,2,0,0,0,1,0,0.00,0.12,0.12,0.00,0.12,Matches,2022
81,Kento Hashimoto,jp JPN,MF,Vissel Kobe,28,1993,9,7,664,7.4,1,0,1,1,0,0,1,0,0.14,0.00,0.14,0.14,0.14,Matches,2022
82,Taiga Hata,jp JPN,MF,Shonan Bellmare,20,2002,18,11,"1,131",12.6,0,1,1,0,0,0,1,0,0.00,0.08,0.08,0.00,0.08,Matches,2022
83,Shinnosuke Hatanaka,jp JPN,DF,Yokohama F. Marinos,26,1995,16,11,944,10.5,0,1,1,0,0,0,4,1,0.00,0.10,0.10,0.00,0.10,Matches,2022
84,Go Hatano,jp JPN,GK,FC Tokyo,23,1998,1,1,90,1.0,0,0,0,0,0,0,0,0,0.00,0.00,0.00,0.00,0.00,Matches,2022
85,Ryo Hatsuse,jp JPN,"DF,MF",Vissel Kobe,24,1997,17,9,891,9.9,1,0,1,1,0,0,1,0,0.10,0.00,0.10,0.10,0.10,Matches,2022
86,Tomoki Hayakawa,jp JPN,GK,Kashima Antlers,22,1999,5,5,450,5.0,0,0,0,0,0,0,0,0,0.00,0.00,0.00,0.00,0.00,Matches,2022
87,Naoki Hayashi,jp JPN,DF,Kashima Antlers,23,1998,1,0,10,0.1,0,0,0,0,0,0,0,0,0.00,0.00,0.00,0.00,0.00,Matches,2022
88,Takuto Hayashi,jp JPN,GK,Sanfrecce Hiroshima,39,1982,5,5,450,5.0,0,0,0,0,0,0,0,0,0.00,0.00,0.00,0.00,0.00,Matches,2022
89,Keigo Higashi,jp JPN,MF,FC Tokyo,31,1990,24,17,"1,6",17.8,0,0,0,0,0,0,3,0,0.00,0.00,0.00,0.00,0.00,Matches,2022
90,Shunki Higashi,jp JPN,MF,Sanfrecce Hiroshima,21,2000,19,10,932,10.4,0,1,1,0,0,0,0,0,0.00,0.10,0.10,0.00,0.10,Matches,2022
91,Masaaki Higashiguchi,jp JPN,GK,Gamba Osaka,35,1986,19,19,"1,71",19.0,0,1,1,0,0,0,2,0,0.00,0.05,0.05,0.00,0.05,Matches,2022
92,Yuta Higuchi,jp JPN,MF,Kashima Antlers,25,1996,32,29,"2,401",26.7,2,8,10,2,0,0,5,0,0.07,0.30,0.37,0.07,0.37,Matches,2022
93,Yuichi Hirano,jp JPN,MF,Urawa Reds,25,1996,9,6,479,5.3,0,0,0,0,0,0,2,0,0.00,0.00,0.00,0.00,0.00,Matches,2022
94,Taiyo Hiraoka,jp JPN,MF,Shonan Bellmare,19,2002,13,10,659,7.3,0,0,0,0,0,0,0,0,0.00,0.00,0.00,0.00,0.00,Matches,2022
95,Dai Hirase,jp JPN,DF,Sagan Tosu,20,2001,1,0,5,0.1,0,0,0,0,0,0,0,0,0.00,0.00,0.00,0.00,0.00,Matches,2022
96,Yuto Hiratsuka,jp JPN,MF,Avispa Fukuoka,25,1996,4,3,264,2.9,1,0,1,1,0,0,0,0,0.34,0.00,0.34,0.34,0.34,Matches,2022
97,Rikuto Hirose,jp JPN,DF,Kashima Antlers,26,1995,20,15,"1,29",14.3,0,3,3,0,0,0,4,0,0.00,0.21,0.21,0.00,0.21,Matches,2022
98,Fuchi Honda,jp JPN,"MF,FW",Sagan Tosu,20,2001,24,13,"1,302",14.5,5,2,7,5,0,0,0,0,0.35,0.14,0.48,0.35,0.48,Matches,2022
99,Yuki Honda,jp JPN,DF,Kyoto Sanga,31,1991,15,5,622,6.9,0,0,0,0,0,0,2,0,0.00,0.00,0.00,0.00,0.00,Matches,2022
100,Yuki Horigome,jp JPN,MF,Sagan Tosu,29,1992,26,16,"1,316",14.6,3,2,5,3,0,0,2,0,0.21,0.14,0.34,0.21,0.34,Matches,2022
101,Mao Hosoya,jp JPN,"FW,MF",Kashiwa Reysol,20,2001,33,29,"2,37",26.3,8,4,12,8,0,0,3,0,0.30,0.15,0.46,0.30,0.46,Matches,2022
102,Akira Ibayashi,jp JPN,DF,Shimizu S-Pulse,31,1990,4,2,213,2.4,0,0,0,0,0,0,0,0,0.00,0.00,0.00,0.00,0.00,Matches,2022
103,Jun Ichimori,jp JPN,GK,Gamba Osaka,30,1991,9,9,810,9.0,0,0,0,0,0,0,0,0,0.00,0.00,0.00,0.00,0.00,Matches,2022
104,Akihiro Ienaga,jp JPN,"FW,MF",Kawasaki Frontale,35,1986,34,31,"2,73",30.3,12,5,17,7,5,5,3,0,0.40,0.16,0.56,0.23,0.40,Matches,2022
105,Takahiro Iida,jp JPN,DF,Kyoto Sanga,27,1994,6,4,369,4.1,0,0,0,0,0,0,0,0,0.00,0.00,0.00,0.00,0.00,Matches,2022
106,Hiroki Iikura,jp JPN,GK,Vissel Kobe,35,1986,14,14,"1,26",14.0,0,0,0,0,0,0,1,0,0.00,0.00,0.00,0.00,0.00,Matches,2022
107,Nanasei Iino,jp JPN,"FW,MF",Vissel Kobe,25,1996,8,7,575,6.4,0,0,0,0,0,0,0,0,0.00,0.00,0.00,0.00,0.00,Matches,2022
108,Nanasei Iino,jp JPN,MF,Sagan Tosu,25,1996,16,16,"1,351",15.0,1,2,3,1,0,0,2,0,0.07,0.13,0.20,0.07,0.20,Matches,2022
109,Masaki Ikeda,jp JPN,MF,Shonan Bellmare,22,1999,22,16,"1,103",12.3,3,1,4,3,0,0,2,0,0.24,0.08,0.33,0.24,0.33,Matches,2022
110,Yuta Imazu,jp JPN,DF,Sanfrecce Hiroshima,26,1995,5,2,124,1.4,0,0,0,0,0,0,0,1,0.00,0.00,0.00,0.00,0.00,Matches,2022
111,Sho Inagaki,jp JPN,MF,Grampus,30,1991,34,34,"2,988",33.2,2,0,2,2,0,0,2,0,0.06,0.00,0.06,0.06,0.06,Matches,2022
112,Andrés Iniesta,es ESP,"MF,FW",Vissel Kobe,37,1984,24,17,"1,473",16.4,2,3,5,2,0,0,1,0,0.12,0.18,0.31,0.12,0.31,Matches,2022
113,Rikito Inoue,jp JPN,"DF,MF",Kyoto Sanga,24,1997,28,21,"2,011",22.3,1,0,1,1,0,0,1,0,0.04,0.00,0.04,0.04,0.04,Matches,2022
114,Shion Inoue,jp JPN,MF,Vissel Kobe,24,1997,7,2,170,1.9,0,0,0,0,0,0,0,0,0.00,0.00,0.00,0.00,0.00,Matches,2022
115,Takashi Inui,jp JPN,MF,Shimizu S-Pulse,33,1988,10,7,620,6.9,1,0,1,1,0,0,3,0,0.15,0.00,0.15,0.15,0.15,Matches,2022
116,Takashi Inui,jp JPN,MF,Cerezo Osaka,33,1988,5,5,327,3.6,3,1,4,3,0,0,1,0,0.83,0.28,1.10,0.83,1.10,Matches,2022
117,Tomoya Inukai,jp JPN,DF,Urawa Reds,28,1993,6,3,292,3.2,1,0,1,1,0,0,0,0,0.31,0.00,0.31,0.31,0.31,Matches,2022
118,Park Iru-gyu,jp JPN,GK,Sagan Tosu,32,1989,34,34,"3,06",34.0,0,0,0,0,0,0,1,0,0.00,0.00,0.00,0.00,0.00,Matches,2022
119,Ryotaro Ishida,jp JPN,FW,Grampus,20,2001,8,1,181,2.0,0,0,0,0,0,0,1,0,0.00,0.00,0.00,0.00,0.00,Matches,2022
120,Hideki Ishige,jp JPN,"MF,FW",Gamba Osaka,27,1994,20,14,921,10.2,0,3,3,0,0,0,0,0,0.00,0.29,0.29,0.00,0.29,Matches,2022
121,Hirokazu Ishihara,jp JPN,MF,Shonan Bellmare,22,1999,30,28,"2,497",27.7,0,3,3,0,0,0,2,1,0.00,0.11,0.11,0.00,0.11,Matches,2022
122,Kei Ishikawa,jp JPN,GK,Gamba Osaka,29,1992,5,5,450,5.0,0,0,0,0,0,0,0,0,0.00,0.00,0.00,0.00,0.00,Matches,2022
123,Nelson Ishiwatari,jp JPN,MF,Cerezo Osaka,16,2005,1,0,45,0.5,0,0,0,0,0,0,0,0,0.00,0.00,0.00,0.00,0.00,Matches,2022
124,Origbaajo Ismaila,ng NGA,FW,Kyoto Sanga,23,1998,10,1,157,1.7,0,0,0,0,0,0,1,0,0.00,0.00,0.00,0.00,0.00,Matches,2022
125,Atsuki Ito,jp JPN,MF,Urawa Reds,23,1998,28,25,"2,103",23.4,4,3,7,4,0,0,4,1,0.17,0.13,0.30,0.17,0.30,Matches,2022
126,Makito Ito,jp JPN,DF,Júbilo Iwata,29,1992,33,32,"2,881",32.0,1,0,1,1,0,0,5,0,0.03,0.00,0.03,0.03,0.03,Matches,2022
127,Takuya Iwanami,jp JPN,DF,Urawa Reds,27,1994,31,30,"2,664",29.6,3,1,4,3,0,0,3,0,0.10,0.03,0.14,0.10,0.14,Matches,2022
128,Ken Iwao,jp JPN,MF,Urawa Reds,33,1988,29,26,"2,392",26.6,1,6,7,1,0,0,2,1,0.04,0.23,0.26,0.04,0.26,Matches,2022
129,Yuto Iwasaki,jp JPN,MF,Sagan Tosu,23,1998,32,31,"2,404",26.7,2,1,3,2,0,0,0,0,0.07,0.04,0.11,0.07,0.11,Matches,2022
130,Wataru Iwashita,jp JPN,MF,Kashiwa Reysol,22,1999,3,1,98,1.1,0,0,0,0,0,0,0,0,0.00,0.00,0.00,0.00,0.00,Matches,2022
131,Tomoki Iwata,jp JPN,"DF,MF",Yokohama F. Marinos,24,1997,32,31,"2,713",30.1,2,1,3,2,0,0,2,1,0.07,0.03,0.10,0.07,0.10,Matches,2022
132,Ryuji Izumi,jp JPN,MF,Kashima Antlers,28,1993,30,23,"2,059",22.9,1,4,5,1,0,0,2,0,0.04,0.17,0.22,0.04,0.22,Matches,2022
133,Jesiel,br BRA,DF,Kawasaki Frontale,27,1994,12,11,937,10.4,1,0,1,1,0,0,2,0,0.10,0.00,0.10,0.10,0.10,Matches,2022
134,Kim Jin-hyeon,kr KOR,GK,Cerezo Osaka,34,1987,33,33,"2,946",32.7,0,0,0,0,0,0,1,1,0.00,0.00,0.00,0.00,0.00,Matches,2022
135,Hisashi Jogo,jp JPN,MF,Avispa Fukuoka,35,1986,6,2,147,1.6,0,0,0,0,0,0,0,0,0.00,0.00,0.00,0.00,0.00,Matches,2022
136,Matej Jonjić,hr CRO,DF,Cerezo Osaka,31,1991,26,26,"2,327",25.9,1,0,1,1,0,0,0,0,0.04,0.00,0.04,0.04,0.04,Matches,2022
137,Juanma,es ESP,FW,Avispa Fukuoka,31,1990,31,16,"1,437",16.0,4,4,8,3,1,1,7,0,0.25,0.25,0.50,0.19,0.44,Matches,2022
138,Marcos Júnior,br BRA,MF,Yokohama F. Marinos,29,1993,23,11,"1,027",11.4,0,3,3,0,0,1,2,0,0.00,0.26,0.26,0.00,0.26,Matches,2022
139,Kasper Junker,dk DEN,FW,Urawa Reds,27,1994,21,14,"1,096",12.2,7,0,7,7,0,0,0,0,0.57,0.00,0.57,0.57,0.57,Matches,2022
140,Ryonosuke Kabayama,jp JPN,MF,Yokohama F. Marinos,19,2002,7,0,68,0.8,0,0,0,0,0,0,0,0,0.00,0.00,0.00,0.00,0.00,Matches,2022
141,Yuji Kajikawa,jp JPN,GK,Júbilo Iwata,30,1991,3,3,270,3.0,0,0,0,0,0,0,0,0,0.00,0.00,0.00,0.00,0.00,Matches,2022
142,Yūki Kajiura,jp JPN,MF,FC Tokyo,18,2004,3,2,145,1.6,0,0,0,0,0,0,0,0,0.00,0.00,0.00,0.00,0.00,Matches,2022
143,Yuki Kakita,jp JPN,FW,Sagan Tosu,24,1997,28,10,"1,138",12.6,6,1,7,6,0,0,1,0,0.47,0.08,0.55,0.47,0.55,Matches,2022
144,Yoichiro Kakitani,jp JPN,"FW,MF",Grampus,32,1990,21,11,896,10.0,0,0,0,0,0,0,0,0,0.00,0.00,0.00,0.00,0.00,Matches,2022
145,Naoto Kamifukumoto,jp JPN,GK,Kyoto Sanga,32,1989,31,31,"2,744",30.5,0,0,0,0,0,0,0,1,0.00,0.00,0.00,0.00,0.00,Matches,2022
146,Takumi Kamijima,jp JPN,DF,Kashiwa Reysol,24,1997,24,22,"1,907",21.2,0,1,1,0,0,0,6,1,0.00,0.05,0.05,0.00,0.05,Matches,2022
147,Yuta Kamiya,jp JPN,"FW,MF",Shimizu S-Pulse,24,1997,21,14,"1,14",12.7,1,4,5,1,0,0,0,0,0.08,0.32,0.39,0.08,0.39,Matches,2022
148,Takeshi Kanamori,jp JPN,MF,Avispa Fukuoka,27,1994,26,8,815,9.1,0,1,1,0,0,0,0,0,0.00,0.11,0.11,0.00,0.11,Matches,2022
149,Mu Kanazaki,jp JPN,FW,Grampus,32,1989,7,2,200,2.2,0,1,1,0,0,0,0,0,0.00,0.45,0.45,0.00,0.45,Matches,2022
150,Daiki Kaneko,jp JPN,MF,Kyoto Sanga,23,1998,22,11,"1,142",12.7,1,1,2,1,0,0,4,1,0.08,0.08,0.16,0.08,0.16,Matches,2022
151,Shota Kaneko,jp JPN,MF,Júbilo Iwata,26,1995,23,12,"1,138",12.6,3,2,5,3,0,0,0,0,0.24,0.16,0.40,0.24,0.40,Matches,2022
152,Takuro Kaneko,jp JPN,MF,Consa Sapporo,24,1997,27,26,"2,156",24.0,2,4,6,2,0,0,4,0,0.08,0.17,0.25,0.08,0.25,Matches,2022
153,Naoki Kanuma,jp JPN,MF,Júbilo Iwata,24,1997,11,7,614,6.8,2,1,3,2,0,0,2,1,0.29,0.15,0.44,0.29,0.44,Matches,2022
154,Yoshifumi Kashiwa,jp JPN,MF,Sanfrecce Hiroshima,34,1987,25,24,"1,966",21.8,3,5,8,3,0,0,1,0,0.14,0.23,0.37,0.14,0.37,Matches,2022
155,Eiichi Katayama,jp JPN,"DF,MF",Shimizu S-Pulse,30,1991,31,24,"2,195",24.4,2,0,2,2,0,0,4,0,0.08,0.00,0.08,0.08,0.08,Matches,2022
156,Taichi Kato,jp JPN,GK,Gamba Osaka,24,1997,1,1,90,1.0,0,0,0,0,0,0,0,0,0.00,0.00,0.00,0.00,0.00,Matches,2022
157,Takuto Katō,jp JPN,MF,Kashiwa Reysol,22,1999,11,0,186,2.1,0,0,0,0,0,0,0,0,0.00,0.00,0.00,0.00,0.00,Matches,2022
158,Naoki Kawaguchi,jp JPN,"MF,DF",Kashiwa Reysol,27,1994,21,9,"1,082",12.0,0,2,2,0,0,0,2,0,0.00,0.17,0.17,0.00,0.17,Matches,2022
159,Takumu Kawamura,jp JPN,MF,Sanfrecce Hiroshima,22,1999,16,7,700,7.8,3,1,4,3,0,0,0,0,0.39,0.13,0.51,0.39,0.51,Matches,2022
160,Goro Kawanami,jp JPN,GK,Sanfrecce Hiroshima,30,1991,1,1,90,1.0,0,0,0,0,0,0,0,0,0.00,0.00,0.00,0.00,0.00,Matches,2022
161,Sota Kawasaki,jp JPN,MF,Kyoto Sanga,20,2001,28,26,"2,165",24.1,1,3,4,1,0,0,2,0,0.04,0.12,0.17,0.04,0.17,Matches,2022
162,Akinari Kawazura,jp JPN,DF,Grampus,27,1994,1,1,77,0.9,0,0,0,0,0,0,0,0,0.00,0.00,0.00,0.00,0.00,Matches,2022
163,Hinata Kida,jp JPN,MF,Cerezo Osaka,21,2000,1,1,73,0.8,0,0,0,0,0,0,0,0,0.00,0.00,0.00,0.00,0.00,Matches,2022
164,Takuya Kida,jp JPN,MF,Yokohama F. Marinos,27,1994,23,21,"1,769",19.7,0,2,2,0,0,0,3,0,0.00,0.10,0.10,0.00,0.10,Matches,2022
165,Ryuho Kikuchi,jp JPN,DF,Vissel Kobe,25,1996,24,23,"1,959",21.8,4,0,4,4,0,0,3,1,0.18,0.00,0.18,0.18,0.18,Matches,2022
166,Taichi Kikuchi,jp JPN,"MF,FW",Sagan Tosu,22,1999,27,15,"1,233",13.7,0,0,0,0,0,0,1,0,0.00,0.00,0.00,0.00,0.00,Matches,2022
167,Yasuki Kimoto,jp JPN,DF,FC Tokyo,28,1993,33,33,"2,954",32.8,2,0,2,2,0,0,3,0,0.06,0.00,0.06,0.06,0.06,Matches,2022
168,Seiji Kimura,jp JPN,DF,FC Tokyo,20,2001,6,1,146,1.6,0,0,0,0,0,0,0,0,0.00,0.00,0.00,0.00,0.00,Matches,2022
169,Yūdai Kimura,jp JPN,"MF,FW",Kyoto Sanga,20,2001,7,2,287,3.2,0,0,0,0,0,0,2,0,0.00,0.00,0.00,0.00,0.00,Matches,2022
170,Takeru Kishimoto,jp JPN,DF,Shimizu S-Pulse,24,1997,10,1,195,2.2,0,1,1,0,0,0,0,0,0.00,0.46,0.46,0.00,0.46,Matches,2022
171,Koya Kitagawa,jp JPN,FW,Shimizu S-Pulse,25,1996,10,4,376,4.2,1,0,1,1,0,0,1,0,0.24,0.00,0.24,0.24,0.24,Matches,2022
172,Yuji Kitajima,jp JPN,MF,Avispa Fukuoka,21,2000,9,4,301,3.3,0,0,0,0,0,0,0,0,0.00,0.00,0.00,0.00,0.00,Matches,2022
173,Sota Kitano,jp JPN,FW,Cerezo Osaka,17,2004,19,2,596,6.6,0,0,0,0,0,0,1,0,0.00,0.00,0.00,0.00,0.00,Matches,2022
174,Kengo Kitazume,jp JPN,"MF,DF",Kashiwa Reysol,29,1992,8,3,371,4.1,0,0,0,0,0,0,0,0,0.00,0.00,0.00,0.00,0.00,Matches,2022
175,Hiroshi Kiyotake,jp JPN,MF,Cerezo Osaka,32,1989,24,18,"1,514",16.8,2,4,6,1,1,1,0,0,0.12,0.24,0.36,0.06,0.30,Matches,2022
176,Shota Kobayashi,jp JPN,MF,Shonan Bellmare,30,1991,6,5,367,4.1,0,0,0,0,0,0,0,0,0.00,0.00,0.00,0.00,0.00,Matches,2022
177,Yu Kobayashi,jp JPN,"FW,MF",Kawasaki Frontale,34,1987,30,12,"1,305",14.5,5,3,8,5,0,0,1,0,0.34,0.21,0.55,0.34,0.55,Matches,2022
178,Yuki Kobayashi,jp JPN,"MF,FW",Vissel Kobe,29,1992,9,8,587,6.5,3,0,3,3,0,0,0,0,0.46,0.00,0.46,0.46,0.46,Matches,2022
179,Yuki Kobayashi,jp JPN,DF,Vissel Kobe,21,2000,32,28,"2,589",28.8,0,0,0,0,0,0,3,1,0.00,0.00,0.00,0.00,0.00,Matches,2022
180,Hidemasa Kōda,jp JPN,MF,Grampus,18,2003,7,0,118,1.3,0,0,0,0,0,0,0,0,0.00,0.00,0.00,0.00,0.00,Matches,2022
181,Taiyo Koga,jp JPN,DF,Kashiwa Reysol,23,1998,32,32,"2,88",32.0,0,2,2,0,0,0,2,0,0.00,0.06,0.06,0.00,0.06,Matches,2022
182,Ryuta Koike,jp JPN,DF,Yokohama F. Marinos,26,1995,26,24,"2,158",24.0,3,2,5,3,0,0,1,0,0.13,0.08,0.21,0.13,0.21,Matches,2022
183,Yuta Koike,jp JPN,"DF,MF",Yokohama F. Marinos,25,1996,8,4,399,4.4,1,1,2,1,0,0,0,0,0.23,0.23,0.45,0.23,0.45,Matches,2022
184,Kei Koizumi,jp JPN,MF,Sagan Tosu,26,1995,30,30,"2,616",29.1,1,2,3,1,0,0,5,0,0.03,0.07,0.10,0.03,0.10,Matches,2022
185,Yoshio Koizumi,jp JPN,MF,Urawa Reds,25,1996,27,18,"1,66",18.4,3,2,5,3,0,0,2,0,0.16,0.11,0.27,0.16,0.27,Matches,2022
186,Benjamin Kololli,xk KVX,FW,Shimizu S-Pulse,29,1992,20,3,584,6.5,3,1,4,3,0,0,1,0,0.46,0.15,0.62,0.46,0.62,Matches,2022
187,Yoshiaki Komai,jp JPN,"MF,FW",Consa Sapporo,29,1992,31,31,"2,545",28.3,3,0,3,3,0,0,3,0,0.11,0.00,0.11,0.11,0.11,Matches,2022
188,Kazuya Konno,jp JPN,"FW,MF",FC Tokyo,24,1997,30,13,"1,126",12.5,2,1,3,2,0,0,0,0,0.16,0.08,0.24,0.16,0.24,Matches,2022
189,Shinzo Koroki,jp JPN,FW,Consa Sapporo,35,1986,21,18,"1,337",14.9,5,1,6,4,1,1,1,0,0.34,0.07,0.40,0.27,0.34,Matches,2022
190,Alexei Koșelev,md MDA,GK,Júbilo Iwata,28,1993,4,3,339,3.8,0,0,0,0,0,0,0,0,0.00,0.00,0.00,0.00,0.00,Matches,2022
191,Tomoya Koyamatsu,jp JPN,"FW,MF",Kashiwa Reysol,26,1995,33,23,"2,024",22.5,4,6,10,4,0,0,0,0,0.18,0.27,0.44,0.18,0.44,Matches,2022
192,Kazuki Kozuka,jp JPN,MF,Kawasaki Frontale,27,1994,12,2,281,3.1,0,2,2,0,0,0,0,0,0.00,0.64,0.64,0.00,0.64,Matches,2022
193,Bojan Krkić,es ESP,"MF,FW",Vissel Kobe,31,1990,14,3,424,4.7,0,1,1,0,0,0,0,0,0.00,0.21,0.21,0.00,0.21,Matches,2022
194,Yuta Kumamoto,jp JPN,DF,Avispa Fukuoka,26,1995,5,2,233,2.6,0,0,0,0,0,0,2,0,0.00,0.00,0.00,0.00,0.00,Matches,2022
195,Shu Kurata,jp JPN,MF,Gamba Osaka,33,1988,18,11,"1,085",12.1,0,0,0,0,0,0,3,0,0.00,0.00,0.00,0.00,0.00,Matches,2022
196,Ibrahim Kuribara,jp JPN,FW,Shimizu S-Pulse,20,2001,2,0,9,0.1,0,0,0,0,0,0,0,0,0.00,0.00,0.00,0.00,0.00,Matches,2022
197,Atsushi Kurokawa,jp JPN,MF,Júbilo Iwata,23,1998,8,5,373,4.1,0,0,0,0,0,0,1,0,0.00,0.00,0.00,0.00,0.00,Matches,2022
198,Keisuke Kurokawa,jp JPN,"DF,MF",Gamba Osaka,24,1997,29,28,"2,271",25.2,2,2,4,2,0,0,4,0,0.08,0.08,0.16,0.08,0.16,Matches,2022
199,Shintaro Kurumaya,jp JPN,DF,Kawasaki Frontale,29,1992,19,15,"1,457",16.2,1,0,1,1,0,0,2,0,0.06,0.00,0.06,0.06,0.06,Matches,2022
200,Kwon Kyung-won,kr KOR,DF,Gamba Osaka,30,1992,16,13,"1,14",12.7,2,0,2,2,0,0,6,1,0.16,0.00,0.16,0.16,0.16,Matches,2022
201,Mitchell Langerak,au AUS,GK,Grampus,33,1988,33,33,"2,888",32.1,0,0,0,0,0,0,0,0,0.00,0.00,0.00,0.00,0.00,Matches,2022
202,Leandro,br BRA,"FW,MF",FC Tokyo,28,1993,20,11,"1,088",12.1,5,0,5,4,1,1,2,0,0.41,0.00,0.41,0.33,0.33,Matches,2022
203,Leonardo,br BRA,FW,Yokohama F. Marinos,26,1995,31,14,"1,308",14.5,11,3,14,9,2,2,1,0,0.76,0.21,0.96,0.62,0.83,Matches,2022
204,Alan Lima Cariús,br BRA,FW,Kyoto Sanga,24,1997,1,0,24,0.3,0,0,0,0,0,0,0,0,0.00,0.00,0.00,0.00,0.00,Matches,2022
205,Lincoln,br BRA,FW,Vissel Kobe,21,2000,8,3,318,3.5,0,0,0,0,0,0,1,0,0.00,0.00,0.00,0.00,0.00,Matches,2022
206,Bryan Linssen,nl NED,FW,Urawa Reds,31,1990,3,2,156,1.7,0,1,1,0,0,0,1,0,0.00,0.58,0.58,0.00,0.58,Matches,2022
207,Anderson Lopes,br BRA,"FW,MF",Yokohama F. Marinos,28,1993,28,20,"1,722",19.1,11,6,17,10,1,1,0,1,0.57,0.31,0.89,0.52,0.84,Matches,2022
208,Rodrigo Luiz Angelotti,br BRA,FW,Kashiwa Reysol,23,1998,13,1,302,3.4,0,0,0,0,0,0,2,0,0.00,0.00,0.00,0.00,0.00,Matches,2022
209,Shuto Machino,jp JPN,FW,Shonan Bellmare,22,1999,30,19,"1,788",19.9,13,0,13,12,1,1,1,0,0.65,0.00,0.65,0.60,0.60,Matches,2022
210,Hiroyuki Mae,jp JPN,MF,Avispa Fukuoka,26,1995,34,33,"3,005",33.4,0,0,0,0,0,0,2,0,0.00,0.00,0.00,0.00,0.00,Matches,2022
211,Yota Maejima,jp JPN,DF,Avispa Fukuoka,24,1997,23,17,"1,4",15.6,1,1,2,1,0,0,2,0,0.06,0.06,0.13,0.06,0.13,Matches,2022
212,Daiya Maekawa,jp JPN,GK,Vissel Kobe,27,1994,18,18,"1,62",18.0,0,0,0,0,0,0,0,0,0.00,0.00,0.00,0.00,0.00,Matches,2022
213,Hidetaka Maie,jp JPN,FW,Kashiwa Reysol,18,2003,5,1,155,1.7,0,0,0,0,0,0,0,0,0.00,0.00,0.00,0.00,0.00,Matches,2022
214,Seiya Maikuma,jp JPN,MF,Cerezo Osaka,24,1997,28,21,"1,767",19.6,3,3,6,3,0,0,2,0,0.15,0.15,0.31,0.15,0.31,Matches,2022
215,Tomoaki Makino,jp JPN,DF,Vissel Kobe,34,1987,16,7,719,8.0,1,0,1,1,0,0,0,0,0.13,0.00,0.13,0.13,0.13,Matches,2022
216,Marcinho,br BRA,"FW,MF",Kawasaki Frontale,26,1995,30,24,"1,968",21.9,12,6,18,12,0,0,1,0,0.55,0.27,0.82,0.55,0.82,Matches,2022
217,Quenten Martinus,cw CUW,MF,Kyoto Sanga,30,1991,3,0,29,0.3,0,0,0,0,0,0,1,0,0.00,0.00,0.00,0.00,0.00,Matches,2022
218,Yusuke Maruhashi,jp JPN,DF,Cerezo Osaka,31,1990,5,5,381,4.2,0,0,0,0,0,0,0,0,0.00,0.00,0.00,0.00,0.00,Matches,2022
219,Yuichi Maruyama,jp JPN,DF,Grampus,32,1989,25,25,"2,202",24.5,0,0,0,0,0,0,0,0,0.00,0.00,0.00,0.00,0.00,Matches,2022
220,John Mary,cm CMR,FW,Avispa Fukuoka,28,1993,9,2,287,3.2,0,0,0,0,0,0,1,0,0.00,0.00,0.00,0.00,0.00,Matches,2022
221,Yūgo Masukake,jp JPN,FW,Kashiwa Reysol,18,2003,10,0,123,1.4,0,0,0,0,0,0,0,0,0.00,0.00,0.00,0.00,0.00,Matches,2022
222,Mateus,br BRA,"FW,MF",Grampus,27,1994,30,30,"2,526",28.1,8,4,12,7,1,1,4,0,0.29,0.14,0.43,0.25,0.39,Matches,2022
223,Yan Matheus,br BRA,"FW,MF",Yokohama F. Marinos,23,1998,5,0,102,1.1,1,0,1,1,0,0,0,0,0.88,0.00,0.88,0.88,0.88,Matches,2022
224,Ken Matsubara,jp JPN,DF,Yokohama F. Marinos,28,1993,21,18,"1,56",17.3,1,2,3,1,0,0,2,0,0.06,0.12,0.17,0.06,0.17,Matches,2022
225,Ko Matsubara,jp JPN,MF,Júbilo Iwata,25,1996,8,1,224,2.5,0,1,1,0,0,0,1,0,0.00,0.40,0.40,0.00,0.40,Matches,2022
226,Riku Matsuda,jp JPN,DF,Cerezo Osaka,30,1991,33,33,"2,919",32.4,0,1,1,0,0,0,5,0,0.00,0.03,0.03,0.00,0.03,Matches,2022
227,Temma Matsuda,jp JPN,"FW,MF",Kyoto Sanga,26,1995,26,25,"1,878",20.9,1,2,3,1,0,0,2,0,0.05,0.10,0.14,0.05,0.14,Matches,2022
228,Kuryū Matsuki,jp JPN,MF,FC Tokyo,18,2003,31,28,"2,427",27.0,2,3,5,2,0,0,5,1,0.07,0.11,0.19,0.07,0.19,Matches,2022
229,Kenta Matsumoto,jp JPN,GK,Kashiwa Reysol,24,1997,1,1,90,1.0,0,0,0,0,0,0,0,0,0.00,0.00,0.00,0.00,0.00,Matches,2022
230,Masaya Matsumoto,jp JPN,MF,Júbilo Iwata,27,1995,31,27,"2,368",26.3,0,2,2,0,0,0,0,0,0.00,0.08,0.08,0.00,0.08,Matches,2022
231,Taishi Matsumoto,jp JPN,MF,Sanfrecce Hiroshima,23,1998,23,13,"1,238",13.8,3,0,3,3,0,0,1,0,0.22,0.00,0.22,0.22,0.22,Matches,2022
232,Sere Matsumura,jp JPN,DF,Shonan Bellmare,18,2003,1,0,5,0.1,0,0,0,0,0,0,0,0,0.00,0.00,0.00,0.00,0.00,Matches,2022
233,Yuta Matsumura,id IDN,MF,Kashima Antlers,20,2001,12,5,502,5.6,1,2,3,1,0,0,0,0,0.18,0.36,0.54,0.18,0.54,Matches,2022
234,Yusuke Matsuo,jp JPN,"FW,MF",Urawa Reds,24,1997,25,13,"1,349",15.0,4,3,7,4,0,0,0,0,0.27,0.20,0.47,0.27,0.47,Matches,2022
235,Daiki Matsuoka,jp JPN,MF,Shimizu S-Pulse,20,2001,22,10,"1,132",12.6,0,0,0,0,0,0,1,0,0.00,0.00,0.00,0.00,0.00,Matches,2022
236,Kai Matsuzaki,jp JPN,MF,Urawa Reds,24,1997,11,5,375,4.2,1,0,1,1,0,0,1,0,0.24,0.00,0.24,0.24,0.24,Matches,2022
237,Hiroki Mawatari,jp JPN,GK,Shonan Bellmare,27,1994,1,1,90,1.0,0,0,0,0,0,0,0,0,0.00,0.00,0.00,0.00,0.00,Matches,2022
238,Kazuaki Mawatari,jp JPN,DF,Urawa Reds,30,1991,19,9,987,11.0,1,1,2,1,0,1,0,0,0.09,0.09,0.18,0.09,0.18,Matches,2022
239,Bruno Mendes,br BRA,FW,Cerezo Osaka,27,1994,22,6,747,8.3,3,1,4,2,1,1,1,0,0.36,0.12,0.48,0.24,0.36,Matches,2022
240,Holneiker Mendes Marreiros,br BRA,DF,Kyoto Sanga,26,1995,20,8,963,10.7,0,0,0,0,0,0,6,0,0.00,0.00,0.00,0.00,0.00,Matches,2022
241,Ryotaro Meshino,jp JPN,"MF,FW",Gamba Osaka,23,1998,13,10,823,9.1,2,0,2,2,0,0,2,0,0.22,0.00,0.22,0.22,0.22,Matches,2022
242,Masatoshi Mihara,jp JPN,MF,Kashiwa Reysol,33,1988,4,1,74,0.8,0,0,0,0,0,0,1,0,0.00,0.00,0.00,0.00,0.00,Matches,2022
243,Kenedyegbus Mikuni,jp JPN,DF,Avispa Fukuoka,21,2000,5,2,187,2.1,0,0,0,0,0,0,1,0,0.00,0.00,0.00,0.00,0.00,Matches,2022
244,Kim Min-tae,kr KOR,DF,Kashima Antlers,28,1993,21,13,"1,281",14.2,1,0,1,1,0,0,2,1,0.07,0.00,0.07,0.07,0.07,Matches,2022
245,Harumi Minamino,jp JPN,FW,Gamba Osaka,17,2004,4,1,92,1.0,0,0,0,0,0,0,0,0,0.00,0.00,0.00,0.00,0.00,Matches,2022
246,Kōdai Minoda,jp JPN,DF,Shonan Bellmare,22,1999,1,0,29,0.3,0,0,0,0,0,0,0,0,0.00,0.00,0.00,0.00,0.00,Matches,2022
247,Kento Misao,jp JPN,"DF,MF",Kashima Antlers,25,1996,33,31,"2,823",31.4,2,0,2,2,0,0,4,0,0.06,0.00,0.06,0.06,0.06,Matches,2022
248,Naoto Misawa,jp JPN,MF,Kyoto Sanga,26,1995,1,0,71,0.8,0,0,0,0,0,0,0,0,0.00,0.00,0.00,0.00,0.00,Matches,2022
249,Hirotaka Mita,jp JPN,FW,FC Tokyo,31,1990,16,2,352,3.9,0,1,1,0,0,0,1,0,0.00,0.26,0.26,0.00,0.26,Matches,2022
250,Hiromu Mitsumaru,jp JPN,MF,Kashiwa Reysol,28,1993,31,31,"2,734",30.4,1,1,2,1,0,0,3,0,0.03,0.03,0.07,0.03,0.07,Matches,2022
251,Makoto Mitsuta,jp JPN,MF,Sanfrecce Hiroshima,22,1999,29,27,"2,344",26.0,9,8,17,9,0,0,0,0,0.35,0.31,0.65,0.35,0.65,Matches,2022
252,Genta Miura,jp JPN,DF,Gamba Osaka,26,1995,33,31,"2,846",31.6,0,1,1,0,0,0,2,0,0.00,0.03,0.03,0.00,0.03,Matches,2022
253,Ryuki Miura,jp JPN,GK,Júbilo Iwata,29,1992,28,28,"2,451",27.2,0,0,0,0,0,0,0,0,0.00,0.00,0.00,0.00,0.00,Matches,2022
254,Daiki Miya,jp JPN,DF,Avispa Fukuoka,25,1996,27,26,"2,357",26.2,2,0,2,2,0,0,5,1,0.08,0.00,0.08,0.08,0.08,Matches,2022
255,Ten Miyagi,jp JPN,"FW,MF",Kawasaki Frontale,20,2001,20,3,470,5.2,1,0,1,1,0,0,0,0,0.19,0.00,0.19,0.19,0.19,Matches,2022
256,Kazuya Miyahara,jp JPN,"DF,MF",Grampus,25,1996,21,7,791,8.8,0,1,1,0,0,0,0,0,0.00,0.11,0.11,0.00,0.11,Matches,2022
257,Ryo Miyaichi,jp JPN,"MF,FW",Yokohama F. Marinos,29,1992,15,7,625,6.9,3,3,6,3,0,0,1,0,0.43,0.43,0.86,0.43,0.86,Matches,2022
258,Kota Miyamoto,jp JPN,MF,Shimizu S-Pulse,25,1996,20,16,"1,34",14.9,0,0,0,0,0,0,0,0,0.00,0.00,0.00,0.00,0.00,Matches,2022
259,Yūta Miyamoto,jp JPN,DF,Urawa Reds,22,1999,15,12,955,10.6,0,0,0,0,0,0,0,0,0.00,0.00,0.00,0.00,0.00,Matches,2022
260,Taisei Miyashiro,jp JPN,FW,Sagan Tosu,21,2000,22,18,"1,568",17.4,8,3,11,8,0,0,2,0,0.46,0.17,0.63,0.46,0.63,Matches,2022
261,Takumi Miyayoshi,jp JPN,"FW,MF",Kyoto Sanga,29,1992,15,7,579,6.4,2,0,2,2,0,0,1,0,0.31,0.00,0.31,0.31,0.31,Matches,2022
262,Hiroki Miyazawa,jp JPN,"DF,MF",Consa Sapporo,32,1989,25,21,"1,74",19.3,3,0,3,3,0,0,5,0,0.16,0.00,0.16,0.16,0.16,Matches,2022
263,Kota Mizunuma,jp JPN,"MF,FW",Yokohama F. Marinos,31,1990,31,20,"1,694",18.8,7,7,14,7,0,0,2,0,0.37,0.37,0.74,0.37,0.74,Matches,2022
264,David Moberg Karlsson,se SWE,MF,Urawa Reds,27,1994,20,11,"1,048",11.6,8,1,9,6,2,3,0,0,0.69,0.09,0.77,0.52,0.60,Matches,2022
265,Kaito Mori,jp JPN,FW,Kashiwa Reysol,21,2000,15,2,319,3.5,4,0,4,3,1,1,0,0,1.13,0.00,1.13,0.85,0.85,Matches,2022
266,Riku Morioka,jp JPN,DF,Júbilo Iwata,23,1998,13,10,752,8.4,0,0,0,0,0,0,0,0,0.00,0.00,0.00,0.00,0.00,Matches,2022
267,Masato Morishige,jp JPN,DF,FC Tokyo,34,1987,28,28,"2,512",27.9,2,0,2,2,0,0,4,0,0.07,0.00,0.07,0.07,0.07,Matches,2022
268,Tsukasa Morishima,jp JPN,"MF,FW",Sanfrecce Hiroshima,24,1997,31,29,"2,515",27.9,8,2,10,8,0,0,0,0,0.29,0.07,0.36,0.29,0.36,Matches,2022
269,Ryoya Morishita,jp JPN,"MF,DF",Grampus,24,1997,32,28,"2,471",27.5,1,2,3,1,0,0,5,0,0.04,0.07,0.11,0.04,0.11,Matches,2022
270,Kentaro Moriya,jp JPN,MF,Sagan Tosu,33,1988,12,4,313,3.5,0,1,1,0,0,0,0,0,0.00,0.29,0.29,0.00,0.29,Matches,2022
271,Stefan Mugoša,me MNE,FW,Vissel Kobe,29,1992,5,1,89,1.0,0,0,0,0,0,0,0,0,0.00,0.00,0.00,0.00,0.00,Matches,2022
272,Masaaki Murakami,jp JPN,GK,Avispa Fukuoka,29,1992,27,26,"2,425",26.9,0,0,0,0,0,0,0,0,0.00,0.00,0.00,0.00,0.00,Matches,2022
273,Yoshinori Mutō,jp JPN,"FW,MF",Vissel Kobe,29,1992,26,25,"2,077",23.1,6,1,7,6,0,1,1,0,0.26,0.04,0.30,0.26,0.30,Matches,2022
274,Yuki Muto,jp JPN,FW,Kashiwa Reysol,33,1988,19,5,709,7.9,7,2,9,7,0,0,0,0,0.89,0.25,1.14,0.89,1.14,Matches,2022
275,Kato Mutsuki,jp JPN,FW,Cerezo Osaka,24,1997,26,16,"1,269",14.1,6,3,9,6,0,0,0,0,0.43,0.21,0.64,0.43,0.64,Matches,2022
276,Kazuma Nagai,jp JPN,DF,Kyoto Sanga,23,1998,10,3,338,3.8,0,0,0,0,0,0,0,0,0.00,0.00,0.00,0.00,0.00,Matches,2022
277,Kensuke Nagai,jp JPN,"FW,MF",FC Tokyo,32,1989,20,12,"1,054",11.7,0,1,1,0,0,0,1,0,0.00,0.09,0.09,0.00,0.09,Matches,2022
278,Kensuke Nagai,jp JPN,FW,Grampus,32,1989,13,11,857,9.5,4,3,7,4,0,0,1,0,0.42,0.32,0.74,0.42,0.74,Matches,2022
279,Ryo Nagai,jp JPN,FW,Sanfrecce Hiroshima,30,1991,8,4,307,3.4,0,0,0,0,0,1,0,0,0.00,0.00,0.00,0.00,0.00,Matches,2022
280,Takumi Nagaishi,jp JPN,GK,Avispa Fukuoka,25,1996,8,8,635,7.1,0,0,0,0,0,0,0,0,0.00,0.00,0.00,0.00,0.00,Matches,2022
281,Ryota Nagaki,jp JPN,MF,Shonan Bellmare,33,1988,6,2,345,3.8,0,0,0,0,0,0,2,0,0.00,0.00,0.00,0.00,0.00,Matches,2022
282,Ryota Nagaki,jp JPN,MF,Grampus,33,1988,12,4,440,4.9,0,0,0,0,0,0,0,0,0.00,0.00,0.00,0.00,0.00,Matches,2022
283,Yoichi Naganuma,jp JPN,MF,Sanfrecce Hiroshima,24,1997,3,1,79,0.9,0,0,0,0,0,0,0,0,0.00,0.00,0.00,0.00,0.00,Matches,2022
284,Yoichi Naganuma,jp JPN,MF,Sagan Tosu,24,1997,13,13,"1,09",12.1,1,1,2,1,0,0,3,0,0.08,0.08,0.17,0.08,0.17,Matches,2022
285,Kazuki Nagasawa,jp JPN,MF,Grampus,30,1991,4,0,90,1.0,0,0,0,0,0,0,0,0,0.00,0.00,0.00,0.00,0.00,Matches,2022
286,Katsuya Nagato,jp JPN,DF,Yokohama F. Marinos,27,1995,26,24,"2,144",23.8,0,4,4,0,0,0,3,0,0.00,0.17,0.17,0.00,0.17,Matches,2022
287,Yuto Nagatomo,jp JPN,DF,FC Tokyo,35,1986,30,25,"2,221",24.7,0,0,0,0,0,0,2,0,0.00,0.00,0.00,0.00,0.00,Matches,2022
288,Shintaro Nago,jp JPN,MF,Kashima Antlers,25,1996,5,1,192,2.1,0,0,0,0,0,0,1,0,0.00,0.00,0.00,0.00,0.00,Matches,2022
289,Teruhito Nakagawa,jp JPN,MF,Yokohama F. Marinos,29,1992,31,15,"1,478",16.4,7,6,13,7,0,0,1,0,0.43,0.37,0.79,0.43,0.79,Matches,2022
290,Hikaru Nakahara,jp JPN,MF,Cerezo Osaka,25,1996,27,12,"1,125",12.5,1,2,3,1,0,0,0,0,0.08,0.16,0.24,0.08,0.24,Matches,2022
291,Hayato Nakama,jp JPN,"MF,FW",Kashima Antlers,29,1992,19,12,872,9.7,2,0,2,2,0,0,1,0,0.21,0.00,0.21,0.21,0.21,Matches,2022
292,Hotaka Nakamura,jp JPN,DF,FC Tokyo,24,1997,22,11,990,11.0,0,2,2,0,0,0,1,0,0.00,0.18,0.18,0.00,0.18,Matches,2022
293,Jiro Nakamura,jp JPN,"MF,FW",Gamba Osaka,18,2003,9,5,439,4.9,0,0,0,0,0,0,1,0,0.00,0.00,0.00,0.00,0.00,Matches,2022
294,Keita Nakamura,jp JPN,MF,Kashiwa Reysol,28,1993,12,9,637,7.1,0,1,1,0,0,0,1,0,0.00,0.14,0.14,0.00,0.14,Matches,2022
295,Ryotaro Nakamura,jp JPN,MF,Kashima Antlers,24,1997,12,2,358,4.0,0,0,0,0,0,0,1,0,0.00,0.00,0.00,0.00,0.00,Matches,2022
296,Shun Nakamura,jp JPN,MF,Avispa Fukuoka,27,1994,26,23,"2,075",23.1,1,1,2,1,0,1,3,0,0.04,0.04,0.09,0.04,0.09,Matches,2022
297,Toya Nakamura,jp JPN,DF,Consa Sapporo,21,2000,12,3,363,4.0,0,0,0,0,0,0,2,0,0.00,0.00,0.00,0.00,0.00,Matches,2022
298,Keita Nakano,jp JPN,MF,Kyoto Sanga,19,2002,2,0,31,0.3,0,0,0,0,0,0,0,0,0.00,0.00,0.00,0.00,0.00,Matches,2022
299,Kojiro Nakano,jp JPN,GK,Consa Sapporo,22,1999,6,4,436,4.8,0,0,0,0,0,0,0,0,0.00,0.00,0.00,0.00,0.00,Matches,2022
300,Shinya Nakano,jp JPN,DF,Sagan Tosu,18,2003,19,13,"1,126",12.5,1,0,1,1,0,0,0,0,0.08,0.00,0.08,0.08,0.08,Matches,2022
301,Shuto Nakano,jp JPN,"DF,MF",Sanfrecce Hiroshima,21,2000,1,0,35,0.4,0,0,0,0,0,0,0,0,0.00,0.00,0.00,0.00,0.00,Matches,2022
302,Yoshihiro Nakano,jp JPN,MF,Sagan Tosu,28,1993,4,1,149,1.7,0,0,0,0,0,0,0,0,0.00,0.00,0.00,0.00,0.00,Matches,2022
303,Yoshihiro Nakano,jp JPN,MF,Shonan Bellmare,28,1993,13,8,796,8.8,0,1,1,0,0,0,0,0,0.00,0.11,0.11,0.00,0.11,Matches,2022
304,Yuya Nakasaka,jp JPN,"FW,MF",Vissel Kobe,24,1997,8,3,269,3.0,0,0,0,0,0,0,0,0,0.00,0.00,0.00,0.00,0.00,Matches,2022
305,Taika Nakashima,jp JPN,FW,Consa Sapporo,19,2002,15,0,276,3.1,1,0,1,1,0,0,3,0,0.33,0.00,0.33,0.33,0.33,Matches,2022
306,Shinnosuke Nakatani,jp JPN,DF,Grampus,25,1996,33,33,"2,97",33.0,2,0,2,2,0,0,3,0,0.06,0.00,0.06,0.06,0.06,Matches,2022
307,Katsuhiro Nakayama,jp JPN,MF,Shimizu S-Pulse,25,1996,19,13,"1,005",11.2,2,0,2,2,0,0,0,0,0.18,0.00,0.18,0.18,0.18,Matches,2022
308,Naldinho,br BRA,FW,Grampus,29,1992,9,1,232,2.6,0,0,0,0,0,0,0,0,0.00,0.00,0.00,0.00,0.00,Matches,2022
309,Tatsuki Nara,jp JPN,DF,Avispa Fukuoka,28,1993,22,22,"1,98",22.0,0,0,0,0,0,0,5,0,0.00,0.00,0.00,0.00,0.00,Matches,2022
310,Yoshiki Narahara,jp JPN,MF,Sagan Tosu,17,2004,1,0,9,0.1,0,0,0,0,0,0,0,0,0.00,0.00,0.00,0.00,0.00,Matches,2022
311,Tara Ndao,jp JPN,FW,Yokohama F. Marinos,22,1999,1,0,23,0.3,0,0,0,0,0,0,0,0,0.00,0.00,0.00,0.00,0.00,Matches,2022
312,Daigo Nishi,jp JPN,"MF,DF",Consa Sapporo,34,1987,13,2,353,3.9,0,0,0,0,0,0,0,0,0.00,0.00,0.00,0.00,0.00,Matches,2022
313,Jun Nishikawa,jp JPN,"MF,FW",Sagan Tosu,19,2002,14,5,538,6.0,1,2,3,1,0,1,1,0,0.17,0.33,0.50,0.17,0.50,Matches,2022
314,Shusaku Nishikawa,jp JPN,GK,Urawa Reds,35,1986,32,32,"2,88",32.0,0,0,0,0,0,0,0,0,0.00,0.00,0.00,0.00,0.00,Matches,2022
315,Takuma Nishimura,jp JPN,MF,Yokohama F. Marinos,25,1996,27,21,"1,742",19.4,10,2,12,10,0,0,1,0,0.52,0.10,0.62,0.52,0.62,Matches,2022
316,Ryuya Nishio,,DF,Cerezo Osaka,20,2001,2,2,180,2.0,0,0,0,0,0,0,1,0,0.00,0.00,0.00,0.00,0.00,Matches,2022
317,Ryūya Nishio,jp JPN,DF,Cerezo Osaka,20,2001,22,20,"1,811",20.1,0,1,1,0,0,0,1,0,0.00,0.05,0.05,0.00,0.05,Matches,2022
318,Kenta Nishizawa,jp JPN,MF,Shimizu S-Pulse,25,1996,10,7,554,6.2,2,1,3,2,0,0,0,0,0.32,0.16,0.49,0.32,0.49,Matches,2022
319,Kyohei Noborizato,jp JPN,DF,Kawasaki Frontale,31,1990,12,10,708,7.9,0,0,0,0,0,0,2,0,0.00,0.00,0.00,0.00,0.00,Matches,2022
320,Yuki Nogami,jp JPN,"DF,MF",Sanfrecce Hiroshima,30,1991,25,20,"1,704",18.9,1,1,2,1,0,0,3,0,0.05,0.05,0.11,0.05,0.11,Matches,2022
321,Gakuto Notsuda,jp JPN,MF,Sanfrecce Hiroshima,27,1994,28,26,"2,295",25.5,3,8,11,3,0,0,5,0,0.12,0.31,0.43,0.12,0.43,Matches,2022
322,Itsuki Oda,jp JPN,DF,Kashima Antlers,23,1998,2,1,70,0.8,0,0,0,0,0,0,0,0,0.00,0.00,0.00,0.00,0.00,Matches,2022
323,Yutaro Oda,jp JPN,"MF,FW",Vissel Kobe,20,2001,21,6,794,8.8,0,1,1,0,0,0,1,0,0.00,0.11,0.11,0.00,0.11,Matches,2022
324,Tsuyoshi Ogashiwa,jp JPN,MF,Consa Sapporo,23,1998,13,11,874,9.7,2,3,5,2,0,0,0,0,0.21,0.31,0.51,0.21,0.51,Matches,2022
325,Daiki Ogawa,jp JPN,"MF,DF",Júbilo Iwata,30,1991,22,13,"1,325",14.7,0,0,0,0,0,0,1,0,0.00,0.00,0.00,0.00,0.00,Matches,2022
326,Ryoya Ogawa,jp JPN,DF,FC Tokyo,25,1996,15,14,"1,266",14.1,2,0,2,2,0,0,1,0,0.14,0.00,0.14,0.14,0.14,Matches,2022
327,Takahiro Ogihara,jp JPN,MF,Vissel Kobe,30,1991,12,6,589,6.5,0,0,0,0,0,0,2,1,0.00,0.00,0.00,0.00,0.00,Matches,2022
328,Takuya Ogiwara,jp JPN,"DF,MF",Kyoto Sanga,22,1999,21,17,"1,453",16.1,2,1,3,2,0,0,4,0,0.12,0.06,0.19,0.12,0.19,Matches,2022
329,Yuki Ohashi,jp JPN,FW,Shonan Bellmare,25,1996,23,9,900,10.0,2,2,4,2,0,0,0,0,0.20,0.20,0.40,0.20,0.40,Matches,2022
330,Ayumu Ohata,jp JPN,DF,Urawa Reds,20,2001,22,19,"1,413",15.7,0,1,1,0,0,0,0,0,0.00,0.06,0.06,0.00,0.06,Matches,2022
331,Kentaro Oi,jp JPN,DF,Júbilo Iwata,37,1984,21,17,"1,362",15.1,0,1,1,0,0,0,2,0,0.00,0.07,0.07,0.00,0.07,Matches,2022
332,Kazuki Oiwa,jp JPN,DF,Shonan Bellmare,32,1989,18,17,"1,518",16.9,1,0,1,1,0,0,3,1,0.06,0.00,0.06,0.06,0.06,Matches,2022
333,Takuya Okamoto,jp JPN,"MF,DF",Shonan Bellmare,29,1992,11,10,796,8.8,0,0,0,0,0,0,1,0,0.00,0.00,0.00,0.00,0.00,Matches,2022
334,Daihachi Okamura,jp JPN,DF,Consa Sapporo,24,1997,26,21,"2,002",22.2,1,1,2,1,0,0,2,0,0.04,0.04,0.09,0.04,0.09,Matches,2022
335,Makoto Okazaki,jp JPN,DF,FC Tokyo,23,1998,5,2,172,1.9,0,0,0,0,0,0,0,0,0.00,0.00,0.00,0.00,0.00,Matches,2022
336,Yuya Oki,jp JPN,GK,Kashima Antlers,22,1999,2,2,180,2.0,0,0,0,0,0,0,0,0,0.00,0.00,0.00,0.00,0.00,Matches,2022
337,Takuo Ōkubo,jp JPN,GK,Shimizu S-Pulse,32,1989,2,1,135,1.5,0,0,0,0,0,0,0,0,0.00,0.00,0.00,0.00,0.00,Matches,2022
338,Tomoaki Okubo,jp JPN,MF,Urawa Reds,23,1998,23,13,"1,332",14.8,1,5,6,1,0,0,0,0,0.07,0.34,0.41,0.07,0.41,Matches,2022
339,Hiroaki Okuno,jp JPN,MF,Cerezo Osaka,32,1989,31,30,"2,662",29.6,3,3,6,3,0,0,1,0,0.10,0.10,0.20,0.10,0.20,Matches,2022
340,Kohei Okuno,jp JPN,MF,Gamba Osaka,21,2000,24,13,"1,135",12.6,0,1,1,0,0,0,2,1,0.00,0.08,0.08,0.00,0.08,Matches,2022
341,Diego Oliveira,br BRA,FW,FC Tokyo,31,1990,30,27,"2,165",24.1,3,4,7,2,1,1,0,0,0.12,0.17,0.29,0.08,0.25,Matches,2022
342,Genki Omae,jp JPN,FW,Kyoto Sanga,32,1989,13,3,379,4.2,2,1,3,1,1,1,0,0,0.47,0.24,0.71,0.24,0.47,Matches,2022
343,Takuma Ominami,jp JPN,"MF,DF",Kashiwa Reysol,24,1997,26,25,"2,14",23.8,2,2,4,2,0,0,5,0,0.08,0.08,0.17,0.08,0.17,Matches,2022
344,Kotaro Omori,jp JPN,"MF,FW",Júbilo Iwata,29,1992,25,19,"1,469",16.3,2,1,3,2,0,0,3,0,0.12,0.06,0.18,0.12,0.18,Matches,2022
345,Kazunari Ono,jp JPN,DF,Shonan Bellmare,32,1989,19,15,"1,303",14.5,0,1,1,0,0,0,2,0,0.00,0.07,0.07,0.00,0.07,Matches,2022
346,Shinji Ono,jp JPN,MF,Consa Sapporo,42,1979,1,0,3,0.0,0,0,0,0,0,0,0,0,0.00,0.00,0.00,0.00,0.00,Matches,2022
347,Yuji Ono,jp JPN,"FW,MF",Sagan Tosu,29,1992,26,9,"1,026",11.4,2,3,5,1,1,1,1,0,0.18,0.26,0.44,0.09,0.35,Matches,2022
348,Kosuke Onose,jp JPN,"MF,FW",Gamba Osaka,28,1993,26,23,"1,973",21.9,3,0,3,3,0,0,3,0,0.14,0.00,0.14,0.14,0.14,Matches,2022
349,Leo Osaki,jp JPN,"MF,DF",Vissel Kobe,30,1991,25,24,"2,075",23.1,0,0,0,0,0,0,3,0,0.00,0.00,0.00,0.00,0.00,Matches,2022
350,Keisuke Ōsako,jp JPN,GK,Sanfrecce Hiroshima,22,1999,28,28,"2,52",28.0,0,0,0,0,0,0,0,0,0.00,0.00,0.00,0.00,0.00,Matches,2022
351,Yuya Osako,jp JPN,FW,Vissel Kobe,31,1990,26,16,"1,67",18.6,7,2,9,5,2,2,1,0,0.38,0.11,0.49,0.27,0.38,Matches,2022
352,Ryota Oshima,jp JPN,MF,Kawasaki Frontale,29,1993,11,4,566,6.3,1,0,1,1,0,0,0,0,0.16,0.00,0.16,0.16,0.16,Matches,2022
353,Hidekazu Otani,jp JPN,MF,Kashiwa Reysol,37,1984,4,0,64,0.7,0,0,0,0,0,0,0,0,0.00,0.00,0.00,0.00,0.00,Matches,2022
354,Koki Otani,jp JPN,GK,Consa Sapporo,32,1989,4,3,266,3.0,0,0,0,0,0,0,0,0,0.00,0.00,0.00,0.00,0.00,Matches,2022
355,Yūki Ōtsu,jp JPN,"FW,MF",Júbilo Iwata,31,1990,26,11,"1,143",12.7,3,1,4,3,0,0,5,0,0.24,0.08,0.31,0.24,0.31,Matches,2022
356,Joan Oumari,lb LIB,DF,Sagan Tosu,33,1988,1,0,1,0.0,0,0,0,0,0,0,0,0,0.00,0.00,0.00,0.00,0.00,Matches,2022
357,Tiago Pagnussat,br BRA,DF,Grampus,31,1990,14,8,667,7.4,0,0,0,0,0,0,1,1,0.00,0.00,0.00,0.00,0.00,Matches,2022
358,Patric,br BRA,FW,Gamba Osaka,34,1987,28,20,"1,878",20.9,5,2,7,5,0,0,3,1,0.24,0.10,0.34,0.24,0.34,Matches,2022
359,Jean Patric,br BRA,MF,Cerezo Osaka,24,1997,28,8,"1,038",11.5,5,0,5,4,1,1,2,0,0.43,0.00,0.43,0.35,0.35,Matches,2022
360,Leandro Pereira,br BRA,FW,Gamba Osaka,30,1991,23,11,"1,017",11.3,4,2,6,4,0,0,2,0,0.35,0.18,0.53,0.35,0.53,Matches,2022
361,Luiz Phellype,br BRA,FW,FC Tokyo,28,1993,12,3,459,5.1,2,1,3,2,0,0,2,0,0.39,0.20,0.59,0.39,0.59,Matches,2022
362,Yago Pikachu,br BRA,MF,Shimizu S-Pulse,29,1992,12,8,650,7.2,0,0,0,0,0,0,0,0,0.00,0.00,0.00,0.00,0.00,Matches,2022
363,Diego Pituca,br BRA,MF,Kashima Antlers,29,1992,28,24,"2,105",23.4,1,2,3,1,0,0,7,1,0.04,0.09,0.13,0.04,0.13,Matches,2022
364,Ricardo,br BRA,DF,Júbilo Iwata,24,1997,22,17,"1,57",17.4,0,2,2,0,0,0,4,1,0.00,0.11,0.11,0.00,0.11,Matches,2022
365,Ronaldo,br BRA,MF,Shimizu S-Pulse,25,1996,19,11,947,10.5,1,1,2,1,0,0,2,0,0.10,0.10,0.19,0.10,0.19,Matches,2022
366,Ryunosuke Sagara,jp JPN,MF,Sagan Tosu,19,2002,2,0,26,0.3,0,0,0,0,0,0,0,0,0.00,0.00,0.00,0.00,0.00,Matches,2022
367,Manabu Saitō,jp JPN,"FW,MF",Grampus,31,1990,3,0,28,0.3,0,0,0,0,0,0,0,0,0.00,0.00,0.00,0.00,0.00,Matches,2022
368,Mitsuki Saito,jp JPN,MF,Gamba Osaka,23,1999,26,19,"1,69",18.8,2,2,4,2,0,0,4,0,0.11,0.11,0.21,0.11,0.21,Matches,2022
369,Gōtoku Sakai,jp JPN,DF,Vissel Kobe,30,1991,34,34,"3,049",33.9,1,4,5,1,0,0,2,0,0.03,0.12,0.15,0.03,0.15,Matches,2022
370,Hiroki Sakai,jp JPN,DF,Urawa Reds,31,1990,20,16,"1,532",17.0,0,0,0,0,0,0,4,0,0.00,0.00,0.00,0.00,0.00,Matches,2022
371,Noriyoshi Sakai,jp JPN,"FW,MF",Grampus,29,1992,17,10,995,11.1,2,0,2,2,0,0,1,0,0.18,0.00,0.18,0.18,0.18,Matches,2022
372,Isa Sakamoto,jp JPN,FW,Gamba Osaka,18,2003,9,5,413,4.6,1,0,1,1,0,0,1,0,0.22,0.00,0.22,0.22,0.22,Matches,2022
373,Sergi Samper,es ESP,MF,Vissel Kobe,27,1995,6,4,397,4.4,0,0,0,0,0,0,1,0,0.00,0.00,0.00,0.00,0.00,Matches,2022
374,Yuki Saneto,jp JPN,DF,Yokohama F. Marinos,33,1989,5,5,440,4.9,1,0,1,1,0,0,1,0,0.20,0.00,0.20,0.20,0.20,Matches,2022
375,Thiago Santana,br BRA,FW,Shimizu S-Pulse,28,1993,27,25,"2,127",23.6,14,6,20,13,1,1,3,0,0.59,0.25,0.85,0.55,0.80,Matches,2022
376,Júnior Santos,br BRA,FW,Sanfrecce Hiroshima,27,1994,22,13,"1,196",13.3,2,2,4,2,0,0,3,0,0.15,0.15,0.30,0.15,0.30,Matches,2022
377,Supachok Sarachat,th THA,MF,Consa Sapporo,23,1998,7,0,101,1.1,0,2,2,0,0,0,0,0,0.00,1.78,1.78,0.00,1.78,Matches,2022
378,Asahi Sasaki,jp JPN,DF,Kawasaki Frontale,22,2000,21,18,"1,548",17.2,1,2,3,1,0,0,3,0,0.06,0.12,0.17,0.06,0.17,Matches,2022
379,Daiju Sasaki,jp JPN,"MF,FW",Vissel Kobe,31,1990,19,9,783,8.7,0,1,1,0,0,0,0,0,0.00,0.11,0.11,0.00,0.11,Matches,2022
380,Masato Sasaki,jp JPN,GK,Kashiwa Reysol,19,2002,20,20,"1,8",20.0,0,0,0,0,0,0,1,0,0.00,0.00,0.00,0.00,0.00,Matches,2022
381,Sho Sasaki,jp JPN,DF,Sanfrecce Hiroshima,32,1989,34,32,"2,986",33.2,3,2,5,3,0,0,2,0,0.09,0.06,0.15,0.09,0.15,Matches,2022
382,Kyō Satō,jp JPN,DF,Sagan Tosu,21,2000,4,0,38,0.4,0,0,0,0,0,0,0,0,0.00,0.00,0.00,0.00,0.00,Matches,2022
383,Kyō Satō,jp JPN,"DF,MF",Kyoto Sanga,21,2000,6,5,375,4.2,0,0,0,0,0,0,1,0,0.00,0.00,0.00,0.00,0.00,Matches,2022
384,Yota Sato,jp JPN,DF,Gamba Osaka,23,1998,2,0,44,0.5,0,0,0,0,0,0,0,0,0.00,0.00,0.00,0.00,0.00,Matches,2022
385,Matheus Sávio,br BRA,MF,Kashiwa Reysol,24,1997,32,32,"2,519",28.0,6,5,11,4,2,2,3,0,0.21,0.18,0.39,0.14,0.32,Matches,2022
386,Alex Schalk,nl NED,"MF,FW",Urawa Reds,29,1992,12,8,573,6.4,1,0,1,1,0,0,1,0,0.16,0.00,0.16,0.16,0.16,Matches,2022
387,João Schmidt,br BRA,MF,Kawasaki Frontale,28,1993,22,15,"1,356",15.1,1,0,1,1,0,0,5,0,0.07,0.00,0.07,0.07,0.07,Matches,2022
388,Alexander Scholz,dk DEN,DF,Urawa Reds,29,1992,32,31,"2,775",30.8,6,0,6,1,5,5,0,0,0.19,0.00,0.19,0.03,0.03,Matches,2022
389,Ju Se-jong,kr KOR,MF,Gamba Osaka,31,1990,5,2,183,2.0,0,1,1,0,0,0,0,0,0.00,0.49,0.49,0.00,0.49,Matches,2022
390,Yusuke Segawa,jp JPN,FW,Shonan Bellmare,27,1994,32,25,"2,273",25.3,3,1,4,3,0,0,4,1,0.12,0.04,0.16,0.12,0.16,Matches,2022
391,Oh Sehun,kr KOR,FW,Shimizu S-Pulse,23,1999,13,2,344,3.8,1,0,1,1,0,0,0,0,0.26,0.00,0.26,0.26,0.26,Matches,2022
392,Ikuma Sekigawa,jp JPN,DF,Kashima Antlers,21,2000,32,27,"2,382",26.5,0,0,0,0,0,0,2,0,0.00,0.00,0.00,0.00,0.00,Matches,2022
393,Takahiro Sekine,jp JPN,MF,Urawa Reds,26,1995,30,20,"1,607",17.9,1,1,2,1,0,0,2,0,0.06,0.06,0.11,0.06,0.11,Matches,2022
394,Tatsuki Seko,jp JPN,"MF,DF",Kawasaki Frontale,24,1997,13,2,308,3.4,0,0,0,0,0,0,0,0,0.00,0.00,0.00,0.00,0.00,Matches,2022
395,Taishi Semba,jp JPN,MF,Sanfrecce Hiroshima,22,1999,2,1,90,1.0,0,0,0,0,0,0,0,0,0.00,0.00,0.00,0.00,0.00,Matches,2022
396,Keiya Sento,jp JPN,MF,Grampus,27,1994,34,27,"1,882",20.9,2,0,2,2,0,0,1,0,0.10,0.00,0.10,0.10,0.10,Matches,2022
397,Hwang Seok-ho,kr KOR,DF,Sagan Tosu,32,1989,25,24,"2,088",23.2,4,1,5,4,0,0,4,0,0.17,0.04,0.22,0.17,0.22,Matches,2022
398,Kim Seung-gyu,kr KOR,GK,Kashiwa Reysol,31,1990,13,13,"1,17",13.0,0,0,0,0,0,0,0,0,0.00,0.00,0.00,0.00,0.00,Matches,2022
399,Kosei Shibasaki,jp JPN,MF,Sanfrecce Hiroshima,37,1984,30,4,584,6.5,1,0,1,1,0,0,2,0,0.15,0.00,0.15,0.15,0.15,Matches,2022
400,Kai Shibato,jp JPN,MF,Urawa Reds,26,1995,24,12,"1,172",13.0,2,0,2,2,0,0,2,0,0.15,0.00,0.15,0.15,0.15,Matches,2022
401,Takaaki Shichi,jp JPN,"DF,MF",Avispa Fukuoka,28,1993,33,31,"2,779",30.9,0,3,3,0,0,0,1,0,0.00,0.10,0.10,0.00,0.10,Matches,2022
402,Takuya Shigehiro,jp JPN,MF,Avispa Fukuoka,26,1995,2,1,77,0.9,0,0,0,0,0,0,0,0,0.00,0.00,0.00,0.00,0.00,Matches,2022
403,Takuya Shigehiro,jp JPN,MF,Grampus,26,1995,9,8,518,5.8,1,1,2,1,0,0,1,0,0.17,0.17,0.35,0.17,0.35,Matches,2022
404,Keiya Shiihashi,jp JPN,MF,Kashiwa Reysol,24,1997,31,28,"2,284",25.4,1,1,2,1,0,0,5,0,0.04,0.04,0.08,0.04,0.08,Matches,2022
405,Toshio Shimakawa,jp JPN,"DF,MF",Sagan Tosu,31,1990,9,8,641,7.1,0,0,0,0,0,0,1,0,0.00,0.00,0.00,0.00,0.00,Matches,2022
406,Keisuke Shimizu,jp JPN,GK,Cerezo Osaka,33,1988,3,1,112,1.2,0,0,0,0,0,0,0,0,0.00,0.00,0.00,0.00,0.00,Matches,2022
407,Manato Shinada,jp JPN,MF,FC Tokyo,22,1999,2,0,29,0.3,0,0,0,0,0,0,0,0,0.00,0.00,0.00,0.00,0.00,Matches,2022
408,Ryosuke Shindo,jp JPN,DF,Cerezo Osaka,25,1996,7,3,367,4.1,2,0,2,2,0,0,0,0,0.49,0.00,0.49,0.49,0.49,Matches,2022
409,Tsukasa Shiotani,jp JPN,"DF,MF",Sanfrecce Hiroshima,33,1988,26,25,"2,262",25.1,0,4,4,0,0,0,3,1,0.00,0.16,0.16,0.00,0.16,Matches,2022
410,Kosuke Shirai,jp JPN,"DF,MF",Kyoto Sanga,27,1994,33,29,"2,581",28.7,0,2,2,0,0,0,1,0,0.00,0.07,0.07,0.00,0.07,Matches,2022
411,Ryōhei Shirasaki,jp JPN,MF,Shimizu S-Pulse,28,1993,31,31,"2,621",29.1,4,1,5,4,0,0,1,0,0.14,0.03,0.17,0.14,0.17,Matches,2022
412,Gen Shoji,jp JPN,DF,Gamba Osaka,29,1992,25,23,"2,106",23.4,0,1,1,0,0,0,0,0,0.00,0.04,0.04,0.00,0.04,Matches,2022
413,Léo Silva,br BRA,MF,Grampus,36,1985,33,29,"2,363",26.3,1,1,2,1,0,0,1,0,0.04,0.04,0.08,0.04,0.08,Matches,2022
414,Wellington Silva,br BRA,"FW,MF",Gamba Osaka,29,1993,12,0,194,2.2,1,1,2,1,0,0,0,0,0.46,0.46,0.93,0.46,0.93,Matches,2022
415,Yuki Soma,jp JPN,MF,Grampus,24,1997,34,29,"2,584",28.7,2,1,3,2,0,0,3,0,0.07,0.03,0.10,0.07,0.10,Matches,2022
416,Itsuki Someno,jp JPN,FW,Kashima Antlers,20,2001,12,0,108,1.2,1,0,1,1,0,0,0,0,0.83,0.00,0.83,0.83,0.83,Matches,2022
417,Yuta Someya,jp JPN,DF,Kashiwa Reysol,35,1986,2,2,156,1.7,0,0,0,0,0,0,0,0,0.00,0.00,0.00,0.00,0.00,Matches,2022
418,Chanathip Songkrasin,th THA,MF,Kawasaki Frontale,28,1993,16,15,942,10.5,0,2,2,0,0,0,4,0,0.00,0.19,0.19,0.00,0.19,Matches,2022
419,Pieros Sotiriou,cy CYP,FW,Sanfrecce Hiroshima,29,1993,7,3,260,2.9,1,0,1,1,0,0,0,0,0.35,0.00,0.35,0.35,0.35,Matches,2022
420,Everaldo Stum,br BRA,FW,Kashima Antlers,30,1991,19,3,553,6.1,5,0,5,4,1,1,2,0,0.81,0.00,0.81,0.65,0.65,Matches,2022
421,Daiki Suga,jp JPN,"MF,DF",Consa Sapporo,23,1998,31,27,"2,449",27.2,4,0,4,4,0,0,5,0,0.15,0.00,0.15,0.15,0.15,Matches,2022
422,Takanori Sugeno,jp JPN,GK,Consa Sapporo,37,1984,27,27,"2,353",26.1,0,0,0,0,0,0,2,1,0.00,0.00,0.00,0.00,0.00,Matches,2022
423,Kenyu Sugimoto,jp JPN,FW,Júbilo Iwata,29,1992,30,22,"1,77",19.7,1,0,1,0,1,1,2,0,0.05,0.00,0.05,0.00,0.00,Matches,2022
424,Taro Sugimoto,jp JPN,MF,Avispa Fukuoka,25,1996,4,2,117,1.3,0,0,0,0,0,0,0,0,0.00,0.00,0.00,0.00,0.00,Matches,2022
425,Daiki Sugioka,jp JPN,DF,Shonan Bellmare,23,1998,29,27,"2,455",27.3,0,4,4,0,0,0,4,1,0.00,0.15,0.15,0.00,0.15,Matches,2022
426,Jelani Sumiyoshi,jp JPN,DF,Sanfrecce Hiroshima,24,1997,8,4,393,4.4,0,0,0,0,0,0,1,0,0.00,0.00,0.00,0.00,0.00,Matches,2022
427,Kwoun Sun-tae,kr KOR,GK,Kashima Antlers,37,1984,27,27,"2,43",27.0,0,0,0,0,0,0,1,0,0.00,0.00,0.00,0.00,0.00,Matches,2022
428,Jung Sung-ryong,kr KOR,GK,Kawasaki Frontale,37,1985,31,31,"2,728",30.3,0,0,0,0,0,0,0,1,0.00,0.00,0.00,0.00,0.00,Matches,2022
429,Akito Suzuki,jp JPN,FW,Shonan Bellmare,18,2003,2,1,82,0.9,0,0,0,0,0,0,0,0,0.00,0.00,0.00,0.00,0.00,Matches,2022
430,Junya Suzuki,jp JPN,DF,FC Tokyo,26,1996,4,0,37,0.4,0,0,0,0,0,0,0,0,0.00,0.00,0.00,0.00,0.00,Matches,2022
431,Musashi Suzuki,jp JPN,FW,Gamba Osaka,27,1994,9,3,310,3.4,1,0,1,1,0,0,0,0,0.29,0.00,0.29,0.29,0.29,Matches,2022
432,Tokuma Suzuki,jp JPN,MF,Cerezo Osaka,24,1997,25,16,"1,461",16.2,2,3,5,2,0,0,1,0,0.12,0.18,0.31,0.12,0.31,Matches,2022
433,Yoshinori Suzuki,jp JPN,DF,Shimizu S-Pulse,29,1992,33,33,"2,97",33.0,1,1,2,1,0,0,1,0,0.03,0.03,0.06,0.03,0.06,Matches,2022
434,Yuito Suzuki,jp JPN,FW,Shimizu S-Pulse,20,2001,20,16,"1,37",15.2,3,2,5,3,0,0,0,0,0.20,0.13,0.33,0.20,0.33,Matches,2022
435,Yuma Suzuki,jp JPN,FW,Kashima Antlers,25,1996,32,31,"2,696",30.0,7,10,17,6,1,1,5,0,0.23,0.33,0.57,0.20,0.53,Matches,2022
436,Yuto Suzuki,jp JPN,MF,Júbilo Iwata,28,1993,30,30,"2,7",30.0,6,4,10,6,0,0,0,0,0.20,0.13,0.33,0.20,0.33,Matches,2022
437,Zion Suzuki,jp JPN,GK,Urawa Reds,19,2002,2,2,180,2.0,0,0,0,0,0,0,0,0,0.00,0.00,0.00,0.00,0.00,Matches,2022
438,Jakub Słowik,pl POL,GK,FC Tokyo,30,1991,33,33,"2,97",33.0,0,0,0,0,0,0,3,0,0.00,0.00,0.00,0.00,0.00,Matches,2022
439,Koki Tachi,jp JPN,DF,Shonan Bellmare,24,1997,25,19,"1,771",19.7,0,0,0,0,0,0,0,0,0.00,0.00,0.00,0.00,0.00,Matches,2022
440,Kento Tachibanada,jp JPN,"MF,DF",Kawasaki Frontale,23,1998,32,31,"2,74",30.4,2,2,4,2,0,0,2,1,0.07,0.07,0.13,0.07,0.13,Matches,2022
441,Adam Taggart,au AUS,FW,Cerezo Osaka,28,1993,20,11,931,10.3,5,0,5,5,0,0,0,0,0.48,0.00,0.48,0.48,0.48,Matches,2022
442,Yojiro Takahagi,jp JPN,MF,FC Tokyo,35,1986,3,1,65,0.7,0,0,0,0,0,0,0,0,0.00,0.00,0.00,0.00,0.00,Matches,2022
443,Daigo Takahashi,jp JPN,MF,Shimizu S-Pulse,22,1999,6,1,139,1.5,1,0,1,1,0,0,0,0,0.65,0.00,0.65,0.65,0.65,Matches,2022
444,Ryo Takahashi,jp JPN,"MF,DF",Shonan Bellmare,28,1993,13,10,762,8.5,0,1,1,0,0,0,0,0,0.00,0.12,0.12,0.00,0.12,Matches,2022
445,Yuji Takahashi,jp JPN,DF,Kashiwa Reysol,28,1993,29,29,"2,551",28.3,1,0,1,1,0,0,7,0,0.04,0.00,0.04,0.04,0.04,Matches,2022
446,Tomoki Takamine,jp JPN,"MF,DF",Consa Sapporo,24,1997,26,26,"2,241",24.9,2,2,4,2,0,0,4,0,0.08,0.08,0.16,0.08,0.16,Matches,2022
447,Ryu Takao,jp JPN,DF,Gamba Osaka,25,1996,26,21,"1,825",20.3,0,0,0,0,0,0,0,0,0.00,0.00,0.00,0.00,0.00,Matches,2022
448,Yohei Takaoka,jp JPN,GK,Yokohama F. Marinos,25,1996,34,34,"3,06",34.0,0,0,0,0,0,0,0,0,0.00,0.00,0.00,0.00,0.00,Matches,2022
449,Shohei Takeda,jp JPN,MF,Kyoto Sanga,27,1994,31,26,"2,336",26.0,1,0,1,1,0,0,5,0,0.04,0.00,0.04,0.04,0.04,Matches,2022
450,Yohei Takeda,jp JPN,GK,Grampus,34,1987,2,1,172,1.9,0,0,0,0,0,0,0,0,0.00,0.00,0.00,0.00,0.00,Matches,2022
451,Kosuke Taketomi,jp JPN,"MF,FW",Kyoto Sanga,31,1990,25,22,"1,576",17.5,3,3,6,3,0,1,1,0,0.17,0.17,0.34,0.17,0.34,Matches,2022
452,Ryo Takeuchi,jp JPN,MF,Shimizu S-Pulse,30,1991,11,7,627,7.0,0,0,0,0,0,0,0,0,0.00,0.00,0.00,0.00,0.00,Matches,2022
453,Yuta Taki,jp JPN,MF,Shimizu S-Pulse,22,1999,9,0,160,1.8,0,0,0,0,0,0,0,0,0.00,0.00,0.00,0.00,0.00,Matches,2022
454,Hirotaka Tameda,jp JPN,MF,Cerezo Osaka,28,1993,28,19,"1,481",16.5,0,3,3,0,0,0,0,1,0.00,0.18,0.18,0.00,0.18,Matches,2022
455,Sotan Tanabe,jp JPN,MF,Avispa Fukuoka,31,1990,22,9,891,9.9,0,0,0,0,0,0,1,0,0.00,0.00,0.00,0.00,0.00,Matches,2022
456,Ryō Tanada,jp JPN,FW,Sanfrecce Hiroshima,18,2003,4,0,51,0.6,0,0,0,0,0,0,0,0,0.00,0.00,0.00,0.00,0.00,Matches,2022
457,Hayato Tanaka,jp JPN,DF,Kashiwa Reysol,18,2003,4,4,360,4.0,0,0,0,0,0,0,0,0,0.00,0.00,0.00,0.00,0.00,Matches,2022
458,Hiromu Tanaka,jp JPN,MF,Consa Sapporo,22,1999,1,0,26,0.3,0,0,0,0,0,0,0,0,0.00,0.00,0.00,0.00,0.00,Matches,2022
459,Kazuki Tanaka,jp JPN,MF,Kyoto Sanga,22,2000,1,0,16,0.2,0,0,0,0,0,0,0,0,0.00,0.00,0.00,0.00,0.00,Matches,2022
460,Satoshi Tanaka,jp JPN,MF,Shonan Bellmare,19,2002,17,15,"1,372",15.2,0,1,1,0,0,0,3,0,0.00,0.07,0.07,0.00,0.07,Matches,2022
461,Shunta Tanaka,jp JPN,DF,Consa Sapporo,24,1997,32,32,"2,846",31.6,1,1,2,1,0,0,3,0,0.03,0.03,0.06,0.03,0.06,Matches,2022
462,Tatsuya Tanaka,jp JPN,MF,Avispa Fukuoka,29,1992,24,10,"1,05",11.7,1,1,2,1,0,0,0,0,0.09,0.09,0.17,0.09,0.17,Matches,2022
463,Kosei Tani,jp JPN,GK,Shonan Bellmare,21,2000,31,31,"2,79",31.0,0,0,0,0,0,0,0,0,0.00,0.00,0.00,0.00,0.00,Matches,2022
464,Shogo Taniguchi,jp JPN,DF,Kawasaki Frontale,30,1991,33,32,"2,903",32.3,3,3,6,3,0,0,3,1,0.09,0.09,0.19,0.09,0.19,Matches,2022
465,Kenta Tanno,jp JPN,GK,Kawasaki Frontale,35,1986,4,3,328,3.6,0,0,0,0,0,0,0,0,0.00,0.00,0.00,0.00,0.00,Matches,2022
466,Masaya Tashiro,jp JPN,DF,Sagan Tosu,28,1993,21,19,"1,744",19.4,3,0,3,3,0,0,4,0,0.15,0.00,0.15,0.15,0.15,Matches,2022
467,Yugo Tatsuta,jp JPN,DF,Shimizu S-Pulse,23,1998,26,24,"2,121",23.6,0,0,0,0,0,0,3,0,0.00,0.00,0.00,0.00,0.00,Matches,2022
468,Hisashi Tawiah,jp JPN,DF,Kyoto Sanga,23,1998,17,15,"1,351",15.0,0,0,0,0,0,0,7,0,0.00,0.00,0.00,0.00,0.00,Matches,2022
469,Kohei Tezuka,jp JPN,MF,Sagan Tosu,25,1996,4,1,85,0.9,0,0,0,0,0,0,1,0,0.00,0.00,0.00,0.00,0.00,Matches,2022
470,Matheus Thuler,br BRA,DF,Vissel Kobe,22,1999,7,6,459,5.1,0,0,0,0,0,0,1,0,0.00,0.00,0.00,0.00,0.00,Matches,2022
471,Daiki Tomii,jp JPN,GK,Shonan Bellmare,32,1989,2,2,180,2.0,0,0,0,0,0,0,0,0,0.00,0.00,0.00,0.00,0.00,Matches,2022
472,Daiya Tono,jp JPN,MF,Kawasaki Frontale,22,1999,31,14,"1,321",14.7,2,1,3,2,0,0,1,0,0.14,0.07,0.20,0.14,0.20,Matches,2022
473,Koji Toriumi,jp JPN,DF,Cerezo Osaka,26,1995,19,19,"1,639",18.2,0,0,0,0,0,0,4,0,0.00,0.00,0.00,0.00,0.00,Matches,2022
474,Sachiro Toshima,jp JPN,MF,Kashiwa Reysol,26,1995,26,16,"1,487",16.5,2,1,3,2,0,0,4,0,0.12,0.06,0.18,0.12,0.18,Matches,2022
475,Yuta Toyokawa,jp JPN,FW,Kyoto Sanga,27,1994,22,14,"1,084",12.0,2,0,2,2,0,0,0,0,0.17,0.00,0.17,0.17,0.17,Matches,2022
476,Henrique Trevisan,br BRA,DF,FC Tokyo,25,1997,6,5,414,4.6,0,0,0,0,0,0,1,0,0.00,0.00,0.00,0.00,0.00,Matches,2022
477,Yūya Tsuboi,jp JPN,GK,Vissel Kobe,22,1999,2,2,180,2.0,0,0,0,0,0,0,0,0,0.00,0.00,0.00,0.00,0.00,Matches,2022
478,Takumi Tsuchiya,jp JPN,"MF,DF",Kashiwa Reysol,18,2003,3,3,159,1.8,0,0,0,0,0,0,0,0,0.00,0.00,0.00,0.00,0.00,Matches,2022
479,Koki Tsukagawa,jp JPN,MF,Kawasaki Frontale,27,1994,9,0,198,2.2,0,0,0,0,0,0,1,0,0.00,0.00,0.00,0.00,0.00,Matches,2022
480,Koki Tsukagawa,jp JPN,MF,FC Tokyo,27,1994,12,10,764,8.5,2,1,3,2,0,0,1,0,0.24,0.12,0.35,0.24,0.35,Matches,2022
481,Keigo Tsunemoto,jp JPN,DF,Kashima Antlers,23,1998,28,24,"2,17",24.1,0,1,1,0,0,0,0,0,0.00,0.04,0.04,0.00,0.04,Matches,2022
482,Ryotaro Tsunoda,jp JPN,DF,Yokohama F. Marinos,22,1999,18,12,"1,169",13.0,0,0,0,0,0,0,2,0,0.00,0.00,0.00,0.00,0.00,Matches,2022
483,Milan Tučić,si SVN,FW,Consa Sapporo,25,1996,14,2,401,4.5,0,0,0,0,0,0,1,0,0.00,0.00,0.00,0.00,0.00,Matches,2022
484,Takuya Uchida,jp JPN,MF,Grampus,23,1998,19,4,717,8.0,0,1,1,0,0,0,2,0,0.00,0.13,0.13,0.00,0.13,Matches,2022
485,Ayase Ueda,jp JPN,FW,Kashima Antlers,23,1998,18,17,"1,457",16.2,10,2,12,10,0,0,0,0,0.62,0.12,0.74,0.62,0.74,Matches,2022
486,Rikiya Uehara,jp JPN,MF,Júbilo Iwata,25,1996,28,22,"1,961",21.8,1,2,3,1,0,0,4,0,0.05,0.09,0.14,0.05,0.14,Matches,2022
487,Satoki Uejo,jp JPN,FW,Cerezo Osaka,24,1997,18,8,789,8.8,2,2,4,2,0,0,1,0,0.23,0.23,0.46,0.23,0.46,Matches,2022
488,Fumiya Unoki,jp JPN,MF,Kashiwa Reysol,20,2001,4,1,92,1.0,0,0,0,0,0,0,1,0,0.00,0.00,0.00,0.00,0.00,Matches,2022
489,Takashi Usami,jp JPN,FW,Gamba Osaka,29,1992,7,7,567,6.3,0,0,0,0,0,0,0,0,0.00,0.00,0.00,0.00,0.00,Matches,2022
490,Peter Utaka,ng NGA,FW,Kyoto Sanga,37,1984,29,23,"2,106",23.4,9,2,11,9,0,0,2,0,0.38,0.09,0.47,0.38,0.47,Matches,2022
491,Valdo,br BRA,DF,Shimizu S-Pulse,29,1992,8,7,606,6.7,1,0,1,1,0,0,0,0,0.15,0.00,0.15,0.15,0.15,Matches,2022
492,Douglas Vieira,br BRA,FW,Sanfrecce Hiroshima,34,1987,11,3,488,5.4,3,2,5,1,2,2,0,0,0.55,0.37,0.92,0.18,0.55,Matches,2022
493,Tomoya Wakahara,jp JPN,GK,Kyoto Sanga,22,1999,4,3,316,3.5,0,0,0,0,0,0,0,0,0.00,0.00,0.00,0.00,0.00,Matches,2022
494,Yamato Wakatsuki,jp JPN,FW,Shonan Bellmare,20,2002,1,0,3,0.0,0,0,0,0,0,0,0,0,0.00,0.00,0.00,0.00,0.00,Matches,2022
495,Yasuto Wakizaka,jp JPN,MF,Kawasaki Frontale,26,1995,32,31,"2,289",25.4,5,10,15,5,0,0,0,0,0.20,0.39,0.59,0.20,0.59,Matches,2022
496,Naoki Wako,jp JPN,DF,Avispa Fukuoka,32,1989,2,1,54,0.6,0,0,0,0,0,0,0,0,0.00,0.00,0.00,0.00,0.00,Matches,2022
497,Kota Watanabe,jp JPN,MF,Yokohama F. Marinos,23,1998,24,17,"1,492",16.6,0,1,1,0,0,0,2,0,0.00,0.06,0.06,0.00,0.06,Matches,2022
498,Ryoma Watanabe,jp JPN,"FW,DF",FC Tokyo,25,1996,30,23,"1,942",21.6,6,2,8,6,0,0,1,0,0.28,0.09,0.37,0.28,0.37,Matches,2022
499,Daiki Watari,jp JPN,"MF,FW",Avispa Fukuoka,28,1993,11,5,341,3.8,1,0,1,1,0,0,2,0,0.26,0.00,0.26,0.26,0.26,Matches,2022
500,Wellington,br BRA,FW,Shonan Bellmare,33,1988,27,7,866,9.6,2,0,2,2,0,0,0,0,0.21,0.00,0.21,0.21,0.21,Matches,2022
501,Gabriel Xavier,br BRA,"MF,FW",Consa Sapporo,28,1993,26,19,"1,325",14.7,3,2,5,3,0,1,1,1,0.20,0.14,0.34,0.20,0.34,Matches,2022
502,Fūki Yamada,jp JPN,"FW,MF",Kyoto Sanga,20,2001,14,7,600,6.7,2,0,2,2,0,0,0,0,0.30,0.00,0.30,0.30,0.30,Matches,2022
503,Hiroki Yamada,jp JPN,MF,Júbilo Iwata,33,1988,7,5,367,4.1,0,2,2,0,0,0,0,0,0.00,0.49,0.49,0.00,0.49,Matches,2022
504,Hiroto Yamada,jp JPN,FW,Cerezo Osaka,21,2000,20,14,"1,027",11.4,4,0,4,4,0,0,1,0,0.35,0.00,0.35,0.35,0.35,Matches,2022
505,Naoki Yamada,jp JPN,MF,Shonan Bellmare,31,1990,21,7,890,9.9,0,1,1,0,0,0,2,0,0.00,0.10,0.10,0.00,0.10,Matches,2022
506,Yuto Yamada,jp JPN,MF,Kashiwa Reysol,21,2000,9,5,417,4.6,0,0,0,0,0,0,1,0,0.00,0.00,0.00,0.00,0.00,Matches,2022
507,Yuya Yamagishi,jp JPN,"FW,MF",Avispa Fukuoka,28,1993,34,32,"2,595",28.8,10,2,12,10,0,0,2,0,0.35,0.07,0.42,0.35,0.42,Matches,2022
508,Hotaru Yamaguchi,jp JPN,MF,Vissel Kobe,31,1990,33,33,"2,956",32.8,2,2,4,2,0,0,0,0,0.06,0.06,0.12,0.06,0.12,Matches,2022
509,Reon Yamahara,jp JPN,"DF,MF",Shimizu S-Pulse,22,1999,33,30,"2,614",29.0,2,7,9,2,0,0,1,0,0.07,0.24,0.31,0.07,0.31,Matches,2022
510,Tetsushi Yamakawa,jp JPN,DF,Vissel Kobe,24,1997,28,24,"2,061",22.9,1,1,2,1,0,0,3,0,0.04,0.04,0.09,0.04,0.09,Matches,2022
511,Hiroto Yamami,jp JPN,"MF,FW",Gamba Osaka,22,1999,21,13,"1,174",13.0,2,1,3,2,0,0,0,0,0.15,0.08,0.23,0.15,0.23,Matches,2022
512,Kosuke Yamamoto,jp JPN,MF,Júbilo Iwata,32,1989,28,22,"1,956",21.7,0,1,1,0,0,0,2,0,0.00,0.05,0.05,0.00,0.05,Matches,2022
513,Norimichi Yamamoto,jp JPN,DF,Júbilo Iwata,26,1995,24,22,"1,683",18.7,1,0,1,1,0,0,5,1,0.05,0.00,0.05,0.05,0.05,Matches,2022
514,Rihito Yamamoto,jp JPN,MF,Gamba Osaka,20,2001,2,0,23,0.3,0,0,0,0,0,0,0,0,0.00,0.00,0.00,0.00,0.00,Matches,2022
515,Shuto Yamamoto,jp JPN,DF,Shonan Bellmare,36,1985,21,18,"1,576",17.5,2,0,2,2,0,0,1,0,0.11,0.00,0.11,0.11,0.11,Matches,2022
516,Yuki Yamamoto,jp JPN,MF,Gamba Osaka,24,1997,16,9,872,9.7,1,1,2,1,0,0,1,0,0.10,0.10,0.21,0.10,0.21,Matches,2022
517,Kazuya Yamamura,jp JPN,DF,Kawasaki Frontale,32,1989,23,12,"1,114",12.4,1,1,2,1,0,0,1,0,0.08,0.08,0.16,0.08,0.16,Matches,2022
518,Ryosuke Yamanaka,jp JPN,DF,Cerezo Osaka,28,1993,23,20,"1,717",19.1,0,4,4,0,0,0,2,1,0.00,0.21,0.21,0.00,0.21,Matches,2022
519,Miki Yamane,jp JPN,DF,Kawasaki Frontale,28,1993,32,31,"2,814",31.3,3,4,7,3,0,0,4,0,0.10,0.13,0.22,0.10,0.22,Matches,2022
520,Riku Yamane,jp JPN,MF,Yokohama F. Marinos,18,2003,11,4,467,5.2,0,0,0,0,0,0,0,0,0.00,0.00,0.00,0.00,0.00,Matches,2022
521,Ryogo Yamasaki,jp JPN,FW,Kyoto Sanga,29,1992,15,9,721,8.0,1,0,1,1,0,0,1,0,0.12,0.00,0.12,0.12,0.12,Matches,2022
522,Keita Yamashita,jp JPN,FW,FC Tokyo,25,1996,15,1,236,2.6,0,0,0,0,0,0,1,0,0.00,0.00,0.00,0.00,0.00,Matches,2022
523,Takahiro Yanagi,jp JPN,"DF,MF",Consa Sapporo,24,1997,3,0,60,0.7,0,1,1,0,0,0,0,0,0.00,1.50,1.50,0.00,1.50,Matches,2022
524,Takahiro Yanagi,jp JPN,"MF,DF",Avispa Fukuoka,24,1997,10,4,451,5.0,0,1,1,0,0,0,1,0,0.00,0.20,0.20,0.00,0.20,Matches,2022
525,Ko Yanagisawa,jp JPN,"DF,MF",Gamba Osaka,25,1996,13,7,713,7.9,0,0,0,0,0,0,0,0,0.00,0.00,0.00,0.00,0.00,Matches,2022
526,Kojirō Yasuda,jp JPN,MF,FC Tokyo,18,2003,1,0,8,0.1,0,0,0,0,0,0,0,0,0.00,0.00,0.00,0.00,0.00,Matches,2022
527,Kaito Yasui,jp JPN,MF,Urawa Reds,21,2000,6,1,131,1.5,0,0,0,0,0,0,0,0,0.00,0.00,0.00,0.00,0.00,Matches,2022
528,Takuji Yonemoto,jp JPN,MF,Shonan Bellmare,31,1990,27,13,"1,269",14.1,0,0,0,0,0,0,4,0,0.00,0.00,0.00,0.00,0.00,Matches,2022
529,Haruki Yoshida,jp JPN,DF,Grampus,20,2001,1,0,1,0.0,0,0,0,0,0,0,0,0,0.00,0.00,0.00,0.00,0.00,Matches,2022
530,Yutaka Yoshida,jp JPN,"DF,MF",Grampus,31,1990,15,8,768,8.5,0,0,0,0,0,0,1,1,0.00,0.00,0.00,0.00,0.00,Matches,2022
531,Mahiro Yoshinaga,jp JPN,MF,Júbilo Iwata,19,2002,18,5,659,7.3,1,2,3,1,0,0,1,0,0.14,0.27,0.41,0.14,0.41,Matches,2022
532,Kaina Yoshio,jp JPN,MF,Yokohama F. Marinos,23,1998,9,2,290,3.2,1,0,1,1,0,0,0,0,0.31,0.00,0.31,0.31,0.31,Matches,2022
533,Koya Yuruki,jp JPN,"MF,FW",Vissel Kobe,26,1995,32,27,"2,106",23.4,5,5,10,5,0,0,1,0,0.21,0.21,0.43,0.21,0.43,Matches,2022
534,Masato Yuzawa,jp JPN,"DF,MF",Avispa Fukuoka,28,1993,26,16,"1,467",16.3,0,2,2,0,0,0,4,0,0.00,0.12,0.12,0.00,0.12,Matches,2022
1,Hiroyuki Abe,jp JPN,FW,Shonan Bellmare,33,1989,29,14,"1,465",16.3,1,4,5,1,0,0,3,0,0.06,0.25,0.31,0.06,0.31,Matches,2023
2,Shuto Abe,jp JPN,MF,FC Tokyo,25,1997,16,14,"1,229",13.7,2,4,6,2,0,0,3,0,0.15,0.29,0.44,0.15,0.44,Matches,2023
3,Adaílton,br BRA,"FW,MF",FC Tokyo,32,1990,29,13,"1,343",14.9,3,6,9,3,0,0,1,0,0.20,0.40,0.60,0.20,0.60,Matches,2023
4,Takahiro Akimoto,jp JPN,DF,Urawa Reds,25,1998,25,22,"1,989",22.1,3,1,4,3,0,0,4,0,0.14,0.05,0.18,0.14,0.18,Matches,2023
5,Hiroki Akiyama,jp JPN,MF,Albirex Niigata,22,2000,26,15,"1,345",14.9,0,1,1,0,0,0,3,0,0.00,0.07,0.07,0.00,0.07,Matches,2023
6,Juan Alano,br BRA,"FW,MF",Gamba Osaka,26,1996,28,28,"2,276",25.3,7,4,11,6,1,1,3,0,0.28,0.16,0.43,0.24,0.40,Matches,2023
7,Lukian Araújo de Almeida,br BRA,"FW,MF",Avispa Fukuoka,31,1991,27,23,"1,994",22.2,5,3,8,3,2,2,4,0,0.23,0.14,0.36,0.14,0.27,Matches,2023
8,Koki Anzai,jp JPN,DF,Kashima Antlers,27,1995,31,31,"2,645",29.4,0,4,4,0,0,0,2,1,0.00,0.14,0.14,0.00,0.14,Matches,2023
9,Soma Anzai,jp JPN,DF,FC Tokyo,20,2002,2,1,69,0.8,0,0,0,0,0,0,0,0,0.00,0.00,0.00,0.00,0.00,Matches,2023
10,Ryota Aoki,jp JPN,MF,Consa Sapporo,26,1996,18,13,"1,062",11.8,1,1,2,1,0,0,1,0,0.08,0.08,0.17,0.08,0.17,Matches,2023
11,Takuya Aoki,jp JPN,MF,FC Tokyo,33,1989,6,2,222,2.5,0,0,0,0,0,0,0,0,0.00,0.00,0.00,0.00,0.00,Matches,2023
12,Toshihiro Aoyama,jp JPN,MF,Sanfrecce Hiroshima,36,1986,5,1,77,0.9,0,0,0,0,0,0,0,0,0.00,0.00,0.00,0.00,0.00,Matches,2023
13,Haruki Arai,jp JPN,MF,Cerezo Osaka,24,1998,8,0,85,0.9,0,0,0,0,0,0,0,0,0.00,0.00,0.00,0.00,0.00,Matches,2023
14,Mizuki Arai,jp JPN,MF,Yokohama FC,25,1997,4,0,114,1.3,0,0,0,0,0,0,0,0,0.00,0.00,0.00,0.00,0.00,Matches,2023
15,Mizuki Arai,jp JPN,MF,Vissel Kobe,25,1997,4,0,90,1.0,0,0,0,0,0,0,0,0,0.00,0.00,0.00,0.00,0.00,Matches,2023
16,Naoto Arai,jp JPN,DF,Albirex Niigata,26,1996,24,20,"1,768",19.6,3,0,3,3,0,0,2,1,0.15,0.00,0.15,0.15,0.15,Matches,2023
17,Yūta Arai,jp JPN,MF,FC Tokyo,18,2004,2,0,29,0.3,0,0,0,0,0,0,0,0,0.00,0.00,0.00,0.00,0.00,Matches,2023
18,Daigo Araki,jp JPN,DF,Kyoto Sanga,28,1994,13,1,239,2.7,0,0,0,0,0,0,1,0,0.00,0.00,0.00,0.00,0.00,Matches,2023
19,Hayato Araki,jp JPN,DF,Sanfrecce Hiroshima,26,1996,32,31,"2,762",30.7,1,0,1,1,0,0,3,0,0.03,0.00,0.03,0.03,0.03,Matches,2023
20,Ryotaro Araki,jp JPN,"MF,FW",Kashima Antlers,21,2002,13,3,452,5.0,0,0,0,0,0,0,1,1,0.00,0.00,0.00,0.00,0.00,Matches,2023
21,Takuma Arano,jp JPN,MF,Consa Sapporo,29,1993,29,28,"2,37",26.3,3,1,4,3,0,0,10,0,0.11,0.04,0.15,0.11,0.15,Matches,2023
22,Arthur,br BRA,"FW,MF",Kashima Antlers,30,1992,13,0,284,3.2,2,0,2,1,1,1,1,0,0.63,0.00,0.63,0.32,0.32,Matches,2023
23,Shogo Asada,jp JPN,DF,Kyoto Sanga,24,1998,34,33,"2,966",33.0,1,1,2,1,0,0,3,0,0.03,0.03,0.06,0.03,0.06,Matches,2023
24,Yuya Asano,jp JPN,"MF,FW",Consa Sapporo,25,1997,34,32,"2,649",29.4,12,4,16,12,0,1,2,0,0.41,0.14,0.54,0.41,0.54,Matches,2023
25,Shun Ayukawa,jp JPN,FW,Sanfrecce Hiroshima,21,2001,3,0,41,0.5,0,0,0,0,0,0,0,0,0.00,0.00,0.00,0.00,0.00,Matches,2023
26,Seiya Baba,jp JPN,MF,Consa Sapporo,21,2001,21,9,987,11.0,0,1,1,0,0,0,4,0,0.00,0.09,0.09,0.00,0.09,Matches,2023
27,Kashif Bangunagande,jp JPN,DF,FC Tokyo,21,2001,17,13,"1,109",12.3,0,1,1,0,0,0,0,0,0.00,0.08,0.08,0.00,0.08,Matches,2023
28,Akimi Barada,jp JPN,MF,Shonan Bellmare,31,1991,14,9,644,7.2,0,0,0,0,0,0,0,0,0.00,0.00,0.00,0.00,0.00,Matches,2023
29,Nassim Ben Khalifa,ch SUI,FW,Sanfrecce Hiroshima,31,1992,26,16,"1,186",13.2,2,1,3,2,0,0,5,0,0.15,0.08,0.23,0.15,0.23,Matches,2023
30,Paulinho Bóia,br BRA,"FW,MF",Kyoto Sanga,24,1998,7,0,169,1.9,0,1,1,0,0,0,1,0,0.00,0.53,0.53,0.00,0.53,Matches,2023
31,Svend Brodersen,de GER,GK,Yokohama FC,25,1997,13,13,"1,17",13.0,0,0,0,0,0,0,0,0,0.00,0.00,0.00,0.00,0.00,Matches,2023
32,Song Bumkeun,kr KOR,GK,Shonan Bellmare,25,1997,24,24,"2,16",24.0,0,0,0,0,0,0,0,0,0.00,0.00,0.00,0.00,0.00,Matches,2023
33,Capixaba,br BRA,"MF,FW",Cerezo Osaka,26,1997,27,21,"1,723",19.1,1,4,5,1,0,0,3,0,0.05,0.21,0.26,0.05,0.26,Matches,2023
34,Caprini,br BRA,MF,Yokohama FC,25,1997,22,13,"1,212",13.5,2,2,4,1,1,1,5,0,0.15,0.15,0.30,0.07,0.22,Matches,2023
35,Yusuke Chajima,jp JPN,MF,Sanfrecce Hiroshima,31,1991,7,5,411,4.6,2,0,2,2,0,0,0,0,0.44,0.00,0.44,0.44,0.44,Matches,2023
36,Kazuhiko Chiba,jp JPN,DF,Albirex Niigata,37,1985,12,12,959,10.7,1,0,1,1,0,0,1,0,0.09,0.00,0.09,0.09,0.09,Matches,2023
37,Kei Chinen,jp JPN,"FW,MF",Kashima Antlers,27,1995,21,11,"1,117",12.4,5,0,5,4,1,1,0,0,0.40,0.00,0.40,0.32,0.32,Matches,2023
38,Jordy Croux,be BEL,"MF,FW",Cerezo Osaka,29,1994,27,23,"1,775",19.7,2,2,4,2,0,0,1,0,0.10,0.10,0.20,0.10,0.20,Matches,2023
39,Leandro Damião,br BRA,FW,Kawasaki Frontale,33,1989,12,5,508,5.6,3,1,4,2,1,1,0,0,0.53,0.18,0.71,0.35,0.53,Matches,2023
40,Wellington Daniel Bueno,br BRA,DF,Kashiwa Reysol,27,1995,1,0,22,0.2,0,0,0,0,0,0,0,0,0.00,0.00,0.00,0.00,0.00,Matches,2023
41,Danilo,br BRA,MF,Albirex Niigata,23,1999,14,5,459,5.1,0,1,1,0,0,0,1,0,0.00,0.20,0.20,0.00,0.20,Matches,2023
42,Dawhan,br BRA,MF,Gamba Osaka,26,1996,33,29,"2,547",28.3,6,4,10,6,0,0,5,0,0.21,0.14,0.35,0.21,0.35,Matches,2023
43,Thomas Deng,au AUS,DF,Albirex Niigata,25,1997,26,21,"2,004",22.3,0,0,0,0,0,0,2,0,0.00,0.00,0.00,0.00,0.00,Matches,2023
44,Diego,br BRA,DF,Kashiwa Reysol,27,1995,14,13,"1,094",12.2,1,2,3,1,0,0,4,1,0.08,0.16,0.25,0.08,0.25,Matches,2023
45,Akira Disaro,jp JPN,FW,Shonan Bellmare,26,1996,4,3,198,2.2,1,0,1,1,0,0,0,0,0.45,0.00,0.45,0.45,0.45,Matches,2023
46,Kanta Doi,jp JPN,DF,FC Tokyo,18,2004,1,0,11,0.1,0,0,0,0,0,0,0,0,0.00,0.00,0.00,0.00,0.00,Matches,2023
47,Shoma Doi,jp JPN,"MF,FW",Kashima Antlers,30,1992,24,7,791,8.8,2,0,2,2,0,0,1,0,0.23,0.00,0.23,0.23,0.23,Matches,2023
48,Douglas,br BRA,FW,Kashiwa Reysol,35,1987,7,0,99,1.1,0,0,0,0,0,0,0,0,0.00,0.00,0.00,0.00,0.00,Matches,2023
49,Dudu,br BRA,DF,Yokohama F. Marinos,29,1993,26,24,"2,116",23.5,0,3,3,0,0,0,1,0,0.00,0.13,0.13,0.00,0.13,Matches,2023
50,Yusei Egawa,jp JPN,DF,Gamba Osaka,22,2000,9,4,378,4.2,0,0,0,0,0,0,1,0,0.00,0.00,0.00,0.00,0.00,Matches,2023
51,Takatora Einaga,jp JPN,MF,Kawasaki Frontale,19,2003,1,1,63,0.7,0,0,0,0,0,0,0,0,0.00,0.00,0.00,0.00,0.00,Matches,2023
52,Élber,br BRA,"MF,FW",Yokohama F. Marinos,30,1992,33,32,"2,371",26.3,9,11,20,9,0,0,3,1,0.34,0.42,0.76,0.34,0.76,Matches,2023
53,Blessing Eleke,ng NGA,FW,Kashima Antlers,26,1996,2,0,29,0.3,0,0,0,0,0,0,0,0,0.00,0.00,0.00,0.00,0.00,Matches,2023
54,Tarik Elyounoussi,no NOR,"MF,FW",Shonan Bellmare,34,1988,23,12,"1,016",11.3,1,0,1,1,0,0,3,0,0.09,0.00,0.09,0.09,0.09,Matches,2023
55,Ezequiel,br BRA,MF,Sanfrecce Hiroshima,24,1998,25,8,"1,158",12.9,2,4,6,2,0,0,3,0,0.16,0.31,0.47,0.16,0.47,Matches,2023
56,Lucas Fernandes,br BRA,MF,Consa Sapporo,28,1994,22,17,"1,581",17.6,0,4,4,0,0,0,3,0,0.00,0.23,0.23,0.00,0.23,Matches,2023
57,Michael Fitzgerald,nz NZL,DF,Albirex Niigata,34,1988,19,18,"1,528",17.0,1,0,1,1,0,0,3,1,0.06,0.00,0.06,0.06,0.06,Matches,2023
58,Yūta Fujihara,jp JPN,FW,Sagan Tosu,23,1999,7,0,83,0.9,1,0,1,1,0,0,0,0,01.08,0.00,01.08,01.08,01.08,Matches,2023
59,Hiroki Fujiharu,jp JPN,DF,Gamba Osaka,34,1988,2,1,96,1.1,0,0,0,0,0,0,1,0,0.00,0.00,0.00,0.00,0.00,Matches,2023
60,Haruya Fujii,jp JPN,DF,Grampus,22,2000,34,34,"3,052",33.9,2,3,5,2,0,0,2,0,0.06,0.09,0.15,0.06,0.15,Matches,2023
61,Tomoya Fujii,jp JPN,"MF,FW",Kashima Antlers,24,1998,22,9,934,10.4,1,1,2,1,0,0,1,0,0.10,0.10,0.19,0.10,0.19,Matches,2023
62,Joel Fujita,jp JPN,MF,Yokohama F. Marinos,20,2002,17,6,630,7.0,2,0,2,2,0,0,1,0,0.29,0.00,0.29,0.29,0.29,Matches,2023
63,Naoyuki Fujita,jp JPN,MF,Sagan Tosu,35,1987,22,6,638,7.1,0,1,1,0,0,0,3,0,0.00,0.14,0.14,0.00,0.14,Matches,2023
64,Soya Fujiwara,jp JPN,DF,Albirex Niigata,27,1995,24,23,"2,069",23.0,0,2,2,0,0,0,3,0,0.00,0.09,0.09,0.00,0.09,Matches,2023
65,Kazuki Fukai,jp JPN,MF,Consa Sapporo,27,1995,8,0,70,0.8,0,0,0,0,0,0,0,0,0.00,0.00,0.00,0.00,0.00,Matches,2023
66,Shinnosuke Fukuda,jp JPN,DF,Kyoto Sanga,22,2000,21,19,"1,643",18.3,3,1,4,3,0,0,1,0,0.16,0.05,0.22,0.16,0.22,Matches,2023
67,Sho Fukuda,jp JPN,FW,Shonan Bellmare,21,2001,10,0,110,1.2,0,0,0,0,0,0,1,0,0.00,0.00,0.00,0.00,0.00,Matches,2023
68,Yuya Fukuda,jp JPN,"FW,MF",Gamba Osaka,23,1999,15,4,483,5.4,1,1,2,1,0,0,1,0,0.19,0.19,0.37,0.19,0.37,Matches,2023
69,Akito Fukumori,jp JPN,"DF,MF",Consa Sapporo,30,1992,29,23,"1,851",20.6,0,1,1,0,0,0,3,0,0.00,0.05,0.05,0.00,0.05,Matches,2023
70,Shimpei Fukuoka,jp JPN,MF,Kyoto Sanga,22,2000,22,16,"1,158",12.9,0,1,1,0,0,0,3,0,0.00,0.08,0.08,0.00,0.08,Matches,2023
71,Shota Fukuoka,jp JPN,DF,Gamba Osaka,27,1995,25,20,"1,925",21.4,0,0,0,0,0,0,5,0,0.00,0.00,0.00,0.00,0.00,Matches,2023
72,Akito Fukuta,jp JPN,"DF,MF",Sagan Tosu,30,1992,21,13,"1,202",13.4,0,0,0,0,0,0,1,0,0.00,0.00,0.00,0.00,0.00,Matches,2023
73,Yu Funabashi,jp JPN,MF,Kashima Antlers,20,2002,8,0,57,0.6,0,0,0,0,0,0,0,0,0.00,0.00,0.00,0.00,0.00,Matches,2023
74,Kakeru Funaki,jp JPN,DF,Cerezo Osaka,24,1998,23,19,"1,676",18.6,0,1,1,0,0,0,2,0,0.00,0.05,0.05,0.00,0.05,Matches,2023
75,Gabriel,br BRA,DF,Yokohama FC,27,1995,2,2,134,1.5,0,0,0,0,0,0,0,0,0.00,0.00,0.00,0.00,0.00,Matches,2023
76,Bafétimbi Gomis,fr FRA,FW,Kawasaki Frontale,37,1985,8,4,302,3.4,0,3,3,0,0,0,0,0,0.00,0.89,0.89,0.00,0.89,Matches,2023
77,Douglas Grolli,br BRA,DF,Avispa Fukuoka,33,1989,29,28,"2,413",26.8,2,0,2,2,0,0,8,0,0.07,0.00,0.07,0.07,0.07,Matches,2023
78,Jay-Roy Grot,sr SUR,FW,Kashiwa Reysol,24,1998,17,7,736,8.2,1,0,1,1,0,0,2,0,0.12,0.00,0.12,0.12,0.12,Matches,2023
79,Kim Gun-hee,kr KOR,FW,Consa Sapporo,27,1995,20,4,601,6.7,3,0,3,3,0,0,0,0,0.45,0.00,0.45,0.45,0.45,Matches,2023
80,Yang Han-been,kr KOR,GK,Cerezo Osaka,31,1991,13,12,"1,125",12.5,0,0,0,0,0,0,0,0,0.00,0.00,0.00,0.00,0.00,Matches,2023
81,Riku Handa,jp JPN,DF,Gamba Osaka,21,2002,23,22,"1,93",21.4,1,1,2,1,0,0,4,0,0.05,0.05,0.09,0.05,0.09,Matches,2023
82,Taichi Hara,jp JPN,FW,Kyoto Sanga,23,1999,13,9,958,10.6,7,4,11,6,1,1,1,0,0.66,0.38,01.03,0.56,0.94,Matches,2023
83,Wataru Harada,jp JPN,DF,Sagan Tosu,26,1996,29,28,"2,431",27.0,1,4,5,1,0,0,1,0,0.04,0.15,0.19,0.04,0.19,Matches,2023
84,Riki Harakawa,jp JPN,MF,Cerezo Osaka,29,1993,7,7,521,5.8,0,0,0,0,0,0,0,0,0.00,0.00,0.00,0.00,0.00,Matches,2023
85,Riki Harakawa,jp JPN,MF,FC Tokyo,29,1993,10,7,678,7.5,1,1,2,1,0,0,0,0,0.13,0.13,0.27,0.13,0.27,Matches,2023
86,Takumi Hasegawa,jp JPN,"MF,DF",Albirex Niigata,24,1998,10,7,518,5.8,0,1,1,0,0,0,0,0,0.00,0.17,0.17,0.00,0.17,Matches,2023
87,Tatsuya Hasegawa,jp JPN,MF,Yokohama FC,28,1994,10,5,470,5.2,0,1,1,0,0,0,0,0,0.00,0.19,0.19,0.00,0.19,Matches,2023
88,Kento Hashimoto,jp JPN,"DF,MF",Yokohama FC,23,1999,7,3,250,2.8,0,0,0,0,0,0,0,0,0.00,0.00,0.00,0.00,0.00,Matches,2023
89,Taiga Hata,jp JPN,MF,Shonan Bellmare,21,2002,23,18,"1,54",17.1,0,1,1,0,0,0,1,0,0.00,0.06,0.06,0.00,0.06,Matches,2023
90,Shinnosuke Hatanaka,jp JPN,DF,Yokohama F. Marinos,27,1995,24,20,"1,822",20.2,0,1,1,0,0,0,2,0,0.00,0.05,0.05,0.00,0.05,Matches,2023
91,Ryo Hatsuse,jp JPN,DF,Vissel Kobe,25,1997,33,33,"2,888",32.1,1,8,9,1,0,0,4,0,0.03,0.25,0.28,0.03,0.28,Matches,2023
92,Fumiya Hayakawa,jp JPN,DF,Albirex Niigata,29,1994,3,2,201,2.2,0,0,0,0,0,0,1,0,0.00,0.00,0.00,0.00,0.00,Matches,2023
93,Jumpei Hayakawa,jp JPN,MF,Urawa Reds,17,2005,11,3,262,2.9,0,0,0,0,0,0,1,0,0.00,0.00,0.00,0.00,0.00,Matches,2023
94,Tomoki Hayakawa,jp JPN,GK,Kashima Antlers,23,1999,34,34,"3,06",34.0,0,0,0,0,0,0,2,0,0.00,0.00,0.00,0.00,0.00,Matches,2023
95,Kotaro Hayashi,jp JPN,"MF,DF",Yokohama FC,22,2000,29,27,"2,27",25.2,2,1,3,2,0,0,2,0,0.08,0.04,0.12,0.08,0.12,Matches,2023
96,Takuto Hayashi,jp JPN,GK,Sanfrecce Hiroshima,40,1982,1,0,8,0.1,0,0,0,0,0,0,0,0,0.00,0.00,0.00,0.00,0.00,Matches,2023
97,Osamu Henry Iyoha,jp JPN,DF,Kyoto Sanga,24,1998,18,6,858,9.5,0,0,0,0,0,0,0,0,0.00,0.00,0.00,0.00,0.00,Matches,2023
98,Mitsuki Hidaka,jp JPN,MF,Vissel Kobe,19,2003,1,0,1,0.0,0,0,0,0,0,0,0,0,0.00,0.00,0.00,0.00,0.00,Matches,2023
99,Keigo Higashi,jp JPN,MF,FC Tokyo,32,1990,30,18,"1,596",17.7,1,1,2,1,0,0,8,0,0.06,0.06,0.11,0.06,0.11,Matches,2023
100,Shunki Higashi,jp JPN,MF,Sanfrecce Hiroshima,22,2000,33,23,"2,309",25.7,2,2,4,2,0,0,3,0,0.08,0.08,0.16,0.08,0.16,Matches,2023
101,Masaaki Higashiguchi,jp JPN,GK,Gamba Osaka,36,1986,23,23,"2,07",23.0,0,0,0,0,0,0,0,0,0.00,0.00,0.00,0.00,0.00,Matches,2023
102,Yuta Higuchi,jp JPN,MF,Kashima Antlers,26,1996,33,31,"2,591",28.8,3,10,13,3,0,0,2,0,0.10,0.35,0.45,0.10,0.45,Matches,2023
103,Shota Hino,jp JPN,MF,Sagan Tosu,20,2002,4,1,104,1.2,0,0,0,0,0,0,0,0,0.00,0.00,0.00,0.00,0.00,Matches,2023
104,Sora Hiraga,jp JPN,FW,Kyoto Sanga,17,2005,1,0,33,0.4,0,0,0,0,0,0,0,0,0.00,0.00,0.00,0.00,0.00,Matches,2023
105,Yuichi Hirano,jp JPN,MF,Urawa Reds,26,1996,7,0,87,1.0,0,0,0,0,0,0,0,0,0.00,0.00,0.00,0.00,0.00,Matches,2023
106,Taiyo Hiraoka,jp JPN,MF,Shonan Bellmare,20,2002,29,22,"1,784",19.8,3,2,5,3,0,0,4,0,0.15,0.10,0.25,0.15,0.25,Matches,2023
107,Taiki Hirato,jp JPN,MF,Kyoto Sanga,25,1997,13,7,607,6.7,0,2,2,0,0,0,3,0,0.00,0.30,0.30,0.00,0.30,Matches,2023
108,Yuto Hiratsuka,jp JPN,MF,Avispa Fukuoka,26,1996,5,1,118,1.3,0,0,0,0,0,0,0,0,0.00,0.00,0.00,0.00,0.00,Matches,2023
109,Rikuto Hirose,jp JPN,DF,Kashima Antlers,27,1995,27,20,"1,499",16.7,0,1,1,0,0,0,2,0,0.00,0.06,0.06,0.00,0.06,Matches,2023
110,Fuchi Honda,jp JPN,MF,Sagan Tosu,21,2001,12,10,853,9.5,3,0,3,3,0,0,0,0,0.32,0.00,0.32,0.32,0.32,Matches,2023
111,Yuki Honda,jp JPN,DF,Vissel Kobe,32,1991,32,29,"2,615",29.1,0,0,0,0,0,0,0,0,0.00,0.00,0.00,0.00,0.00,Matches,2023
112,Yuki Horigome,jp JPN,MF,Sagan Tosu,30,1992,28,18,"1,64",18.2,3,0,3,3,0,0,4,0,0.16,0.00,0.16,0.16,0.16,Matches,2023
113,Yuto Horigome,jp JPN,DF,Albirex Niigata,28,1994,20,16,"1,482",16.5,0,0,0,0,0,0,1,0,0.00,0.00,0.00,0.00,0.00,Matches,2023
114,Yuji Hoshi,jp JPN,MF,Albirex Niigata,30,1992,15,10,797,8.9,0,1,1,0,0,0,2,0,0.00,0.11,0.11,0.00,0.11,Matches,2023
115,Mao Hosoya,jp JPN,FW,Kashiwa Reysol,21,2001,34,32,"2,773",30.8,14,0,14,13,1,1,2,0,0.45,0.00,0.45,0.42,0.42,Matches,2023
116,Marius Høibråten,no NOR,DF,Urawa Reds,28,1995,33,33,"2,969",33.0,1,1,2,1,0,0,4,0,0.03,0.03,0.06,0.03,0.06,Matches,2023
117,Akinori Ichikawa,jp JPN,GK,Yokohama FC,24,1998,4,3,304,3.4,0,0,0,0,0,0,0,0,0.00,0.00,0.00,0.00,0.00,Matches,2023
118,Kazunari Ichimi,jp JPN,FW,Kyoto Sanga,25,1997,13,6,601,6.7,0,2,2,0,0,0,2,1,0.00,0.30,0.30,0.00,0.30,Matches,2023
119,Jun Ichimori,jp JPN,GK,Yokohama F. Marinos,31,1991,27,27,"2,415",26.8,0,1,1,0,0,0,1,0,0.00,0.04,0.04,0.00,0.04,Matches,2023
120,Haruya Ide,jp JPN,MF,Vissel Kobe,28,1994,18,14,919,10.2,2,1,3,2,0,0,6,0,0.20,0.10,0.29,0.20,0.29,Matches,2023
121,Yosuke Ideguchi,jp JPN,MF,Avispa Fukuoka,26,1996,21,18,"1,622",18.0,0,0,0,0,0,0,3,0,0.00,0.00,0.00,0.00,0.00,Matches,2023
122,Akihiro Ienaga,jp JPN,"FW,MF",Kawasaki Frontale,36,1986,33,29,"2,458",27.3,2,4,6,1,1,2,3,0,0.07,0.15,0.22,0.04,0.18,Matches,2023
123,Hiroki Iikura,jp JPN,GK,Yokohama F. Marinos,36,1986,6,5,465,5.2,0,0,0,0,0,0,1,0,0.00,0.00,0.00,0.00,0.00,Matches,2023
124,Nanasei Iino,jp JPN,"DF,MF",Vissel Kobe,26,1996,20,4,534,5.9,0,1,1,0,0,0,0,0,0.00,0.17,0.17,0.00,0.17,Matches,2023
125,Masaki Ikeda,jp JPN,MF,Shonan Bellmare,23,1999,7,6,468,5.2,0,0,0,0,0,0,0,0,0.00,0.00,0.00,0.00,0.00,Matches,2023
126,Sho Inagaki,jp JPN,MF,Grampus,31,1991,33,33,"2,905",32.3,3,1,4,3,0,0,4,0,0.09,0.03,0.12,0.09,0.12,Matches,2023
127,Andrés Iniesta,es ESP,MF,Vissel Kobe,38,1984,4,1,97,1.1,0,0,0,0,0,0,0,0,0.00,0.00,0.00,0.00,0.00,Matches,2023
128,Kenta Inoue,jp JPN,MF,Yokohama F. Marinos,24,1998,13,2,372,4.1,0,1,1,0,0,0,2,0,0.00,0.24,0.24,0.00,0.24,Matches,2023
129,Rikito Inoue,jp JPN,DF,Kyoto Sanga,25,1997,28,25,"2,29",25.4,0,1,1,0,0,0,0,0,0.00,0.04,0.04,0.00,0.04,Matches,2023
130,Seiya Inoue,jp JPN,DF,Avispa Fukuoka,23,1999,6,2,268,3.0,0,1,1,0,0,0,0,0,0.00,0.34,0.34,0.00,0.34,Matches,2023
131,Shion Inoue,jp JPN,MF,Yokohama FC,25,1997,34,28,"2,424",26.9,3,1,4,3,0,0,1,0,0.11,0.04,0.15,0.11,0.15,Matches,2023
132,Tomoya Inukai,jp JPN,DF,Kashiwa Reysol,29,1993,12,12,"1,062",11.8,0,0,0,0,0,0,1,0,0.00,0.00,0.00,0.00,0.00,Matches,2023
133,Park Iru-gyu,jp JPN,GK,Sagan Tosu,33,1989,34,34,"3,06",34.0,0,0,0,0,0,0,2,0,0.00,0.00,0.00,0.00,0.00,Matches,2023
134,Ryotaro Ishida,jp JPN,MF,Grampus,21,2001,4,0,25,0.3,0,0,0,0,0,0,1,0,0.00,0.00,0.00,0.00,0.00,Matches,2023
135,Hideki Ishige,jp JPN,"MF,FW",Gamba Osaka,28,1994,22,11,913,10.1,3,3,6,3,0,0,1,0,0.30,0.30,0.59,0.30,0.59,Matches,2023
136,Hirokazu Ishihara,jp JPN,MF,Shonan Bellmare,23,1999,26,20,"1,822",20.2,0,0,0,0,0,0,5,0,0.00,0.00,0.00,0.00,0.00,Matches,2023
137,Hisatsugu Ishii,jp JPN,MF,Shonan Bellmare,17,2005,4,0,11,0.1,0,0,0,0,0,0,0,0,0.00,0.00,0.00,0.00,0.00,Matches,2023
138,Kei Ishikawa,jp JPN,GK,Gamba Osaka,30,1992,1,1,90,1.0,0,0,0,0,0,0,0,0,0.00,0.00,0.00,0.00,0.00,Matches,2023
139,Atsuki Ito,jp JPN,MF,Urawa Reds,24,1998,33,31,"2,705",30.1,2,5,7,2,0,0,1,0,0.07,0.17,0.23,0.07,0.23,Matches,2023
140,Ryotaro Ito,jp JPN,MF,Albirex Niigata,24,1998,17,16,"1,367",15.2,7,4,11,7,0,0,2,0,0.46,0.26,0.72,0.46,0.72,Matches,2023
141,Sho Ito,jp JPN,"FW,MF",Yokohama FC,34,1988,26,10,"1,143",12.7,2,1,3,2,0,1,2,0,0.16,0.08,0.24,0.16,0.24,Matches,2023
142,Takuya Iwanami,jp JPN,DF,Urawa Reds,28,1994,8,2,220,2.4,0,0,0,0,0,0,0,0,0.00,0.00,0.00,0.00,0.00,Matches,2023
143,Ken Iwao,jp JPN,MF,Urawa Reds,34,1988,33,32,"2,678",29.8,1,1,2,1,0,0,4,0,0.03,0.03,0.07,0.03,0.07,Matches,2023
144,Yuto Iwasaki,jp JPN,MF,Sagan Tosu,24,1998,31,31,"2,227",24.7,0,2,2,0,0,0,3,0,0.00,0.08,0.08,0.00,0.08,Matches,2023
145,Wataru Iwashita,jp JPN,"DF,MF",Kashiwa Reysol,23,1999,2,0,42,0.5,0,0,0,0,0,0,0,0,0.00,0.00,0.00,0.00,0.00,Matches,2023
146,Katsuya Iwatake,jp JPN,DF,Yokohama FC,26,1996,29,28,"2,557",28.4,0,1,1,0,0,0,2,0,0.00,0.04,0.04,0.00,0.04,Matches,2023
147,Ryuji Izumi,jp JPN,MF,Grampus,29,1993,28,24,"2,005",22.3,3,2,5,3,0,0,3,0,0.13,0.09,0.22,0.13,0.22,Matches,2023
148,Toya Izumi,jp JPN,FW,Vissel Kobe,22,2000,8,1,143,1.6,1,0,1,1,0,0,1,0,0.63,0.00,0.63,0.63,0.63,Matches,2023
149,Jajá,br BRA,"FW,MF",FC Tokyo,24,1998,8,0,159,1.8,0,0,0,0,0,0,2,0,0.00,0.00,0.00,0.00,0.00,Matches,2023
150,Issam Jebali,tn TUN,FW,Gamba Osaka,31,1991,29,24,"2,153",23.9,5,3,8,4,1,2,5,0,0.21,0.13,0.33,0.17,0.29,Matches,2023
151,Jesiel,br BRA,DF,Kawasaki Frontale,28,1994,5,5,355,3.9,0,0,0,0,0,0,0,1,0.00,0.00,0.00,0.00,0.00,Matches,2023
152,Kim Jin-hyeon,kr KOR,GK,Cerezo Osaka,35,1987,20,20,"1,755",19.5,0,0,0,0,0,0,0,0,0.00,0.00,0.00,0.00,0.00,Matches,2023
153,Hisashi Jogo,jp JPN,MF,Avispa Fukuoka,36,1986,9,0,34,0.4,0,0,0,0,0,0,0,0,0.00,0.00,0.00,0.00,0.00,Matches,2023
154,Matej Jonjić,hr CRO,DF,Cerezo Osaka,32,1991,22,18,"1,602",17.8,0,0,0,0,0,0,1,0,0.00,0.00,0.00,0.00,0.00,Matches,2023
155,Marcos Júnior,br BRA,MF,Yokohama F. Marinos,30,1993,18,5,594,6.6,2,1,3,2,0,0,0,0,0.30,0.15,0.45,0.30,0.45,Matches,2023
156,Marcos Júnior,br BRA,MF,Sanfrecce Hiroshima,30,1993,7,4,386,4.3,1,3,4,1,0,0,1,0,0.23,0.70,0.93,0.23,0.93,Matches,2023
157,Kasper Junker,dk DEN,FW,Grampus,28,1994,33,31,"2,577",28.6,16,3,19,15,1,2,2,0,0.56,0.10,0.66,0.52,0.63,Matches,2023
158,Ryonosuke Kabayama,jp JPN,MF,Sagan Tosu,20,2002,22,1,421,4.7,2,1,3,2,0,0,1,0,0.43,0.21,0.64,0.43,0.64,Matches,2023
159,Shinji Kagawa,jp JPN,MF,Cerezo Osaka,33,1989,34,31,"2,791",31.0,2,0,2,2,0,0,2,0,0.06,0.00,0.06,0.06,0.06,Matches,2023
160,Yuki Kakita,jp JPN,FW,Kashima Antlers,25,1997,29,19,"1,394",15.5,4,1,5,4,0,0,2,0,0.26,0.06,0.32,0.26,0.32,Matches,2023
161,Masashi Kamekawa,jp JPN,MF,Avispa Fukuoka,29,1993,3,1,134,1.5,0,0,0,0,0,0,0,0,0.00,0.00,0.00,0.00,0.00,Matches,2023
162,Naoto Kamifukumoto,jp JPN,GK,Kawasaki Frontale,33,1989,12,12,"1,08",12.0,0,0,0,0,0,0,0,0,0.00,0.00,0.00,0.00,0.00,Matches,2023
163,Takumi Kamijima,jp JPN,DF,Yokohama F. Marinos,25,1997,21,8,984,10.9,0,0,0,0,0,0,1,0,0.00,0.00,0.00,0.00,0.00,Matches,2023
164,Takeshi Kanamori,jp JPN,MF,Avispa Fukuoka,28,1994,28,22,"1,739",19.3,3,3,6,3,0,0,1,0,0.16,0.16,0.31,0.16,0.31,Matches,2023
165,Daiki Kaneko,jp JPN,MF,Kyoto Sanga,24,1998,26,18,"1,809",20.1,0,1,1,0,0,0,3,0,0.00,0.05,0.05,0.00,0.05,Matches,2023
166,Takuro Kaneko,jp JPN,MF,Consa Sapporo,25,1997,21,21,"1,887",21.0,7,5,12,4,3,4,3,0,0.33,0.24,0.57,0.19,0.43,Matches,2023
167,José Kanté,gn GUI,FW,Urawa Reds,32,1990,24,15,"1,286",14.3,8,1,9,8,0,0,0,2,0.56,0.07,0.63,0.56,0.63,Matches,2023
168,Yoshifumi Kashiwa,jp JPN,MF,Sanfrecce Hiroshima,35,1987,9,4,286,3.2,0,1,1,0,0,0,0,0,0.00,0.31,0.31,0.00,0.31,Matches,2023
169,Eiichi Katayama,jp JPN,DF,Kashiwa Reysol,31,1991,26,24,"2,085",23.2,1,2,3,1,0,0,4,0,0.04,0.09,0.13,0.04,0.13,Matches,2023
170,Takuto Katō,jp JPN,MF,Kashiwa Reysol,23,1999,3,0,52,0.6,0,0,0,0,0,0,1,0,0.00,0.00,0.00,0.00,0.00,Matches,2023
171,Naoki Kawaguchi,jp JPN,DF,Kashiwa Reysol,28,1994,14,8,780,8.7,0,0,0,0,0,0,2,0,0.00,0.00,0.00,0.00,0.00,Matches,2023
172,So Kawahara,jp JPN,MF,Sagan Tosu,24,1998,34,34,"3,06",34.0,1,3,4,1,0,0,2,0,0.03,0.09,0.12,0.03,0.12,Matches,2023
173,Takumu Kawamura,jp JPN,MF,Sanfrecce Hiroshima,23,1999,32,32,"2,837",31.5,3,3,6,3,0,0,5,0,0.10,0.10,0.19,0.10,0.19,Matches,2023
174,Shuhei Kawasaki,jp JPN,MF,Vissel Kobe,21,2001,4,2,117,1.3,1,0,1,1,0,0,0,0,0.77,0.00,0.77,0.77,0.77,Matches,2023
175,Sota Kawasaki,jp JPN,MF,Kyoto Sanga,21,2001,28,27,"2,411",26.8,2,1,3,2,0,0,4,0,0.07,0.04,0.11,0.07,0.11,Matches,2023
176,Atsushi Kawata,jp JPN,FW,Sagan Tosu,30,1992,18,1,444,4.9,2,1,3,1,1,1,2,0,0.41,0.20,0.61,0.20,0.41,Matches,2023
177,Akinari Kawazura,jp JPN,DF,Grampus,28,1994,13,12,"1,007",11.2,0,0,0,0,0,0,2,0,0.00,0.00,0.00,0.00,0.00,Matches,2023
178,Hinata Kida,jp JPN,MF,Cerezo Osaka,22,2000,16,13,"1,133",12.6,1,1,2,1,0,0,1,0,0.08,0.08,0.16,0.08,0.16,Matches,2023
179,Ryoga Kida,jp JPN,FW,Grampus,17,2005,12,0,127,1.4,0,0,0,0,0,0,0,0,0.00,0.00,0.00,0.00,0.00,Matches,2023
180,Takuya Kida,jp JPN,MF,Yokohama F. Marinos,28,1994,29,24,"2,08",23.1,1,0,1,1,0,0,4,0,0.04,0.00,0.04,0.04,0.04,Matches,2023
181,Ryuho Kikuchi,jp JPN,DF,Vissel Kobe,26,1996,2,1,52,0.6,0,0,0,0,0,0,0,0,0.00,0.00,0.00,0.00,0.00,Matches,2023
182,Taichi Kikuchi,jp JPN,"DF,MF",Sagan Tosu,23,1999,32,28,"2,417",26.9,0,1,1,0,0,0,1,0,0.00,0.04,0.04,0.00,0.04,Matches,2023
183,Yasuki Kimoto,jp JPN,DF,FC Tokyo,29,1993,24,20,"1,826",20.3,0,0,0,0,0,0,2,0,0.00,0.00,0.00,0.00,0.00,Matches,2023
184,Seiji Kimura,jp JPN,DF,FC Tokyo,21,2001,5,3,270,3.0,0,0,0,0,0,0,1,0,0.00,0.00,0.00,0.00,0.00,Matches,2023
185,Yūdai Kimura,jp JPN,FW,Kyoto Sanga,21,2001,7,3,255,2.8,0,0,0,0,0,0,0,0,0.00,0.00,0.00,0.00,0.00,Matches,2023
186,Kosuke Kinoshita,jp JPN,FW,Kyoto Sanga,28,1994,25,18,"1,515",16.8,3,1,4,2,1,1,2,0,0.18,0.06,0.24,0.12,0.18,Matches,2023
187,Sota Kitano,jp JPN,FW,Cerezo Osaka,18,2004,12,2,284,3.2,2,0,2,2,0,0,0,0,0.63,0.00,0.63,0.63,0.63,Matches,2023
188,Hiroshi Kiyotake,jp JPN,"FW,MF",Cerezo Osaka,33,1989,2,0,51,0.6,0,0,0,0,0,0,0,0,0.00,0.00,0.00,0.00,0.00,Matches,2023
189,Takahiro Ko,jp JPN,MF,Albirex Niigata,24,1998,31,28,"2,554",28.4,1,0,1,1,0,0,2,0,0.04,0.00,0.04,0.04,0.04,Matches,2023
190,Yu Kobayashi,jp JPN,FW,Kawasaki Frontale,35,1987,16,6,522,5.8,4,0,4,4,0,0,3,0,0.69,0.00,0.69,0.69,0.69,Matches,2023
191,Yuki Kobayashi,jp JPN,"MF,FW",Consa Sapporo,30,1992,21,7,795,8.8,3,0,3,3,0,0,1,0,0.34,0.00,0.34,0.34,0.34,Matches,2023
192,Hidemasa Kōda,jp JPN,MF,Grampus,19,2003,2,0,21,0.2,0,0,0,0,0,0,0,0,0.00,0.00,0.00,0.00,0.00,Matches,2023
193,Taiyo Koga,jp JPN,DF,Kashiwa Reysol,24,1998,33,33,"2,97",33.0,0,1,1,0,0,0,4,0,0.00,0.03,0.03,0.00,0.03,Matches,2023
194,Yuta Koike,jp JPN,DF,Yokohama F. Marinos,26,1996,3,3,270,3.0,0,0,0,0,0,0,0,0,0.00,0.00,0.00,0.00,0.00,Matches,2023
195,Kei Koizumi,jp JPN,"MF,DF",FC Tokyo,27,1995,33,31,"2,719",30.2,1,0,1,1,0,0,7,0,0.03,0.00,0.03,0.03,0.03,Matches,2023
196,Yoshio Koizumi,jp JPN,MF,Urawa Reds,26,1996,26,20,"1,539",17.1,1,1,2,1,0,0,2,0,0.06,0.06,0.12,0.06,0.12,Matches,2023
197,Ryosuke Kojima,jp JPN,GK,Albirex Niigata,26,1997,30,30,"2,7",30.0,0,0,0,0,0,0,1,0,0.00,0.00,0.00,0.00,0.00,Matches,2023
198,Yoshiaki Komai,jp JPN,"MF,FW",Consa Sapporo,30,1992,26,25,"2,154",23.9,4,2,6,4,0,0,3,0,0.17,0.08,0.25,0.17,0.25,Matches,2023
199,Yota Komi,jp JPN,MF,Albirex Niigata,20,2002,29,14,"1,44",16.0,1,0,1,1,0,0,2,0,0.06,0.00,0.06,0.06,0.06,Matches,2023
200,Tomoki Kondo,jp JPN,MF,Yokohama FC,21,2001,30,13,"1,317",14.6,2,3,5,2,0,0,5,0,0.14,0.21,0.34,0.14,0.34,Matches,2023
201,Kazuya Konno,jp JPN,MF,Avispa Fukuoka,25,1997,29,25,"2,067",23.0,5,4,9,4,1,1,1,0,0.22,0.17,0.39,0.17,0.35,Matches,2023
202,Shinzo Koroki,jp JPN,FW,Urawa Reds,36,1986,29,16,"1,428",15.9,4,0,4,3,1,1,0,0,0.25,0.00,0.25,0.19,0.19,Matches,2023
203,Sota Koshimichi,jp JPN,MF,Sanfrecce Hiroshima,18,2004,16,8,682,7.6,0,2,2,0,0,0,1,0,0.00,0.26,0.26,0.00,0.26,Matches,2023
204,Tomoya Koyamatsu,jp JPN,"MF,FW",Kashiwa Reysol,27,1995,33,17,"1,639",18.2,1,1,2,1,0,0,0,0,0.05,0.05,0.11,0.05,0.11,Matches,2023
205,Kazuki Kozuka,jp JPN,MF,Kawasaki Frontale,28,1994,5,1,107,1.2,0,0,0,0,0,0,0,1,0.00,0.00,0.00,0.00,0.00,Matches,2023
206,Tojiro Kubo,jp JPN,MF,Grampus,23,1999,8,5,391,4.3,1,1,2,1,0,0,0,0,0.23,0.23,0.46,0.23,0.46,Matches,2023
207,Naoki Kumata,jp JPN,FW,FC Tokyo,18,2004,8,0,83,0.9,1,0,1,1,0,0,0,0,01.08,0.00,01.08,01.08,01.08,Matches,2023
208,Shu Kurata,jp JPN,"MF,FW",Gamba Osaka,34,1988,17,11,864,9.6,1,1,2,1,0,0,0,0,0.10,0.10,0.21,0.10,0.21,Matches,2023
209,Keisuke Kurokawa,jp JPN,DF,Gamba Osaka,25,1997,33,32,"2,869",31.9,2,2,4,2,0,0,6,0,0.06,0.06,0.13,0.06,0.13,Matches,2023
210,Shintaro Kurumaya,jp JPN,DF,Kawasaki Frontale,30,1992,19,18,"1,538",17.1,1,0,1,1,0,0,5,1,0.06,0.00,0.06,0.06,0.06,Matches,2023
211,Kwon Kyung-won,kr KOR,DF,Gamba Osaka,31,1992,20,18,"1,559",17.3,1,0,1,1,0,0,6,1,0.06,0.00,0.06,0.06,0.06,Matches,2023
212,Mitchell Langerak,au AUS,GK,Grampus,34,1988,34,34,"3,06",34.0,0,0,0,0,0,0,2,0,0.00,0.00,0.00,0.00,0.00,Matches,2023
213,Neta Lavi,il ISR,MF,Gamba Osaka,26,1996,27,24,"2,093",23.3,0,0,0,0,0,0,4,0,0.00,0.00,0.00,0.00,0.00,Matches,2023
214,Leonardo,br BRA,FW,Cerezo Osaka,27,1995,33,31,"2,635",29.3,11,3,14,9,2,2,5,0,0.38,0.10,0.48,0.31,0.41,Matches,2023
215,Lincoln,br BRA,FW,Vissel Kobe,22,2000,5,0,21,0.2,0,0,0,0,0,0,0,0,0.00,0.00,0.00,0.00,0.00,Matches,2023
216,Bryan Linssen,nl NED,"FW,MF",Urawa Reds,32,1990,19,5,497,5.5,2,1,3,2,0,0,1,0,0.36,0.18,0.54,0.36,0.54,Matches,2023
217,Anderson Lopes,br BRA,FW,Yokohama F. Marinos,29,1993,34,34,"2,843",31.6,22,4,26,20,2,2,1,0,0.70,0.13,0.82,0.63,0.76,Matches,2023
218,Shuto Machino,jp JPN,FW,Shonan Bellmare,23,1999,19,18,"1,589",17.7,9,3,12,5,4,4,1,0,0.51,0.17,0.68,0.28,0.45,Matches,2023
219,Hiroyuki Mae,jp JPN,MF,Avispa Fukuoka,27,1995,34,34,"2,967",33.0,1,3,4,1,0,0,3,0,0.03,0.09,0.12,0.03,0.12,Matches,2023
220,Naoki Maeda,jp JPN,"MF,FW",Grampus,28,1994,11,2,303,3.4,0,0,0,0,0,0,0,0,0.00,0.00,0.00,0.00,0.00,Matches,2023
221,Yota Maejima,jp JPN,"MF,DF",Avispa Fukuoka,25,1997,32,22,"2,137",23.7,0,2,2,0,0,0,5,0,0.00,0.08,0.08,0.00,0.08,Matches,2023
222,Daiya Maekawa,jp JPN,GK,Vissel Kobe,28,1994,34,34,"3,06",34.0,0,1,1,0,0,0,0,0,0.00,0.03,0.03,0.00,0.03,Matches,2023
223,Hidetaka Maie,jp JPN,FW,Kashiwa Reysol,19,2003,2,0,37,0.4,0,0,0,0,0,0,0,0,0.00,0.00,0.00,0.00,0.00,Matches,2023
224,Seiya Maikuma,jp JPN,"DF,FW",Cerezo Osaka,25,1997,31,31,"2,729",30.3,1,2,3,1,0,0,3,0,0.03,0.07,0.10,0.03,0.10,Matches,2023
225,Marcinho,br BRA,FW,Kawasaki Frontale,27,1995,20,13,"1,082",12.0,1,3,4,1,0,0,1,0,0.08,0.25,0.33,0.08,0.33,Matches,2023
226,Yuichi Maruyama,jp JPN,DF,Grampus,33,1989,16,9,826,9.2,1,0,1,1,0,0,1,0,0.11,0.00,0.11,0.11,0.11,Matches,2023
227,Ken Masui,jp JPN,"FW,MF",Grampus,21,2001,1,0,22,0.2,0,0,0,0,0,0,0,0,0.00,0.00,0.00,0.00,0.00,Matches,2023
228,Juan Mata,es ESP,"FW,MF",Vissel Kobe,34,1988,1,0,11,0.1,0,0,0,0,0,0,0,0,0.00,0.00,0.00,0.00,0.00,Matches,2023
229,Mateus,br BRA,MF,Grampus,28,1994,21,21,"1,84",20.4,4,3,7,3,1,1,3,0,0.20,0.15,0.34,0.15,0.29,Matches,2023
230,Yan Matheus,br BRA,"MF,FW",Yokohama F. Marinos,24,1998,32,21,"1,78",19.8,6,11,17,6,0,0,0,0,0.30,0.56,0.86,0.30,0.86,Matches,2023
231,Ken Matsubara,jp JPN,DF,Yokohama F. Marinos,29,1993,26,26,"2,153",23.9,2,1,3,2,0,0,4,1,0.08,0.04,0.13,0.08,0.13,Matches,2023
232,Eitaro Matsuda,jp JPN,MF,Albirex Niigata,21,2001,21,9,902,10.0,0,1,1,0,0,0,0,0,0.00,0.10,0.10,0.00,0.10,Matches,2023
233,Riku Matsuda,jp JPN,DF,Cerezo Osaka,31,1991,9,9,739,8.2,0,1,1,0,0,0,1,0,0.00,0.12,0.12,0.00,0.12,Matches,2023
234,Temma Matsuda,jp JPN,"MF,FW",Kyoto Sanga,27,1995,24,19,"1,435",15.9,0,1,1,0,0,0,0,0,0.00,0.06,0.06,0.00,0.06,Matches,2023
235,Kuryū Matsuki,jp JPN,MF,FC Tokyo,19,2003,22,20,"1,797",20.0,1,3,4,1,0,1,5,1,0.05,0.15,0.20,0.05,0.20,Matches,2023
236,Hiroya Matsumoto,jp JPN,DF,Sanfrecce Hiroshima,22,2000,3,1,111,1.2,0,0,0,0,0,0,0,0,0.00,0.00,0.00,0.00,0.00,Matches,2023
237,Kenta Matsumoto,jp JPN,GK,Kashiwa Reysol,25,1997,28,28,"2,52",28.0,0,0,0,0,0,0,2,0,0.00,0.00,0.00,0.00,0.00,Matches,2023
238,Taishi Matsumoto,jp JPN,MF,Sanfrecce Hiroshima,24,1998,17,6,462,5.1,0,0,0,0,0,0,0,0,0.00,0.00,0.00,0.00,0.00,Matches,2023
239,Yuta Matsumura,id IDN,MF,Kashima Antlers,21,2001,20,5,771,8.6,2,1,3,2,0,0,0,0,0.23,0.12,0.35,0.23,0.35,Matches,2023
240,Yuto Matsunagane,jp JPN,DF,Kawasaki Frontale,18,2004,2,0,80,0.9,0,0,0,0,0,0,0,0,0.00,0.00,0.00,0.00,0.00,Matches,2023
241,Kai Matsuzaki,jp JPN,MF,Urawa Reds,25,1997,3,0,56,0.6,0,0,0,0,0,0,0,0,0.00,0.00,0.00,0.00,0.00,Matches,2023
242,Hiroki Mawatari,jp JPN,GK,Shonan Bellmare,28,1994,2,2,180,2.0,0,0,0,0,0,0,0,0,0.00,0.00,0.00,0.00,0.00,Matches,2023
243,Kazuaki Mawatari,jp JPN,DF,Urawa Reds,31,1991,3,0,26,0.3,0,0,0,0,0,0,0,0,0.00,0.00,0.00,0.00,0.00,Matches,2023
244,Ryotaro Meshino,jp JPN,"FW,MF",Gamba Osaka,24,1998,27,16,"1,287",14.3,3,0,3,3,0,0,1,0,0.21,0.00,0.21,0.21,0.21,Matches,2023
245,Kenedyegbus Mikuni,jp JPN,DF,Avispa Fukuoka,22,2000,18,5,502,5.6,0,0,0,0,0,0,2,0,0.00,0.00,0.00,0.00,0.00,Matches,2023
246,Kim Min-tae,kr KOR,DF,Shonan Bellmare,29,1993,12,12,"1,08",12.0,0,0,0,0,0,0,2,0,0.00,0.00,0.00,0.00,0.00,Matches,2023
247,Saulo Mineiro,br BRA,FW,Yokohama FC,25,1997,9,1,217,2.4,0,0,0,0,0,0,3,0,0.00,0.00,0.00,0.00,0.00,Matches,2023
248,Yuto Misao,jp JPN,DF,Kyoto Sanga,31,1991,11,7,656,7.3,0,0,0,0,0,0,2,0,0.00,0.00,0.00,0.00,0.00,Matches,2023
249,Naoto Misawa,jp JPN,MF,Kyoto Sanga,27,1995,7,3,264,2.9,0,0,0,0,0,0,1,0,0.00,0.00,0.00,0.00,0.00,Matches,2023
250,Hirotaka Mita,jp JPN,MF,Yokohama FC,32,1990,31,12,"1,323",14.7,0,1,1,0,0,0,4,1,0.00,0.07,0.07,0.00,0.07,Matches,2023
251,Shunsuke Mito,jp JPN,MF,Albirex Niigata,20,2002,31,24,"2,036",22.6,4,2,6,4,0,0,3,0,0.18,0.09,0.27,0.18,0.27,Matches,2023
252,Hiromu Mitsumaru,jp JPN,"DF,MF",Kashiwa Reysol,29,1993,29,16,"1,679",18.7,0,1,1,0,0,0,3,0,0.00,0.05,0.05,0.00,0.05,Matches,2023
253,Makoto Mitsuta,jp JPN,MF,Sanfrecce Hiroshima,23,1999,23,23,"1,931",21.5,4,5,9,3,1,1,1,0,0.19,0.23,0.42,0.14,0.37,Matches,2023
254,Genta Miura,jp JPN,DF,Gamba Osaka,27,1995,25,22,"1,931",21.5,1,0,1,1,0,0,0,0,0.05,0.00,0.05,0.05,0.05,Matches,2023
255,Daiki Miya,jp JPN,DF,Avispa Fukuoka,26,1996,15,15,"1,259",14.0,0,0,0,0,0,0,4,0,0.00,0.00,0.00,0.00,0.00,Matches,2023
256,Ryo Miyaichi,jp JPN,"MF,FW",Yokohama F. Marinos,30,1992,18,4,521,5.8,3,0,3,3,0,0,0,0,0.52,0.00,0.52,0.52,0.52,Matches,2023
257,Taisei Miyashiro,jp JPN,FW,Kawasaki Frontale,22,2000,30,22,"1,811",20.1,8,1,9,7,1,1,1,0,0.40,0.05,0.45,0.35,0.40,Matches,2023
258,Takumi Miyayoshi,jp JPN,FW,Kyoto Sanga,30,1992,1,0,20,0.2,0,0,0,0,0,0,0,0,0.00,0.00,0.00,0.00,0.00,Matches,2023
259,Hiroki Miyazawa,jp JPN,"MF,DF",Consa Sapporo,33,1989,27,18,"1,563",17.4,0,2,2,0,0,0,5,0,0.00,0.12,0.12,0.00,0.12,Matches,2023
260,Shūhei Mizoguchi,jp JPN,DF,Kashima Antlers,18,2004,5,4,307,3.4,0,0,0,0,0,0,0,0,0.00,0.00,0.00,0.00,0.00,Matches,2023
261,Kota Mizunuma,jp JPN,"MF,FW",Yokohama F. Marinos,32,1990,33,9,971,10.8,1,7,8,1,0,0,1,0,0.09,0.65,0.74,0.09,0.74,Matches,2023
262,David Moberg Karlsson,se SWE,MF,Urawa Reds,28,1994,9,5,405,4.5,0,1,1,0,0,0,1,0,0.00,0.22,0.22,0.00,0.22,Matches,2023
263,Faruzansana Mohamado,jp JPN,MF,Kashiwa Reysol,18,2004,3,0,32,0.4,0,0,0,0,0,0,0,0,0.00,0.00,0.00,0.00,0.00,Matches,2023
264,Mateus Moraes,br BRA,DF,Yokohama FC,21,2001,17,14,"1,273",14.1,0,1,1,0,0,0,4,0,0.00,0.07,0.07,0.00,0.07,Matches,2023
265,Masato Morishige,jp JPN,DF,FC Tokyo,35,1987,29,26,"2,399",26.7,0,0,0,0,0,0,3,0,0.00,0.00,0.00,0.00,0.00,Matches,2023
266,Tsukasa Morishima,jp JPN,MF,Grampus,25,1997,12,8,779,8.7,0,2,2,0,0,0,1,0,0.00,0.23,0.23,0.00,0.23,Matches,2023
267,Tsukasa Morishima,jp JPN,MF,Sanfrecce Hiroshima,25,1997,20,19,"1,623",18.0,2,0,2,2,0,0,2,0,0.11,0.00,0.11,0.11,0.11,Matches,2023
268,Ryoya Morishita,jp JPN,MF,Grampus,25,1997,33,30,"2,76",30.7,4,4,8,4,0,0,6,0,0.13,0.13,0.26,0.13,0.26,Matches,2023
269,Tatsuya Morita,jp JPN,GK,Kashiwa Reysol,32,1990,3,3,270,3.0,0,0,0,0,0,0,0,0,0.00,0.00,0.00,0.00,0.00,Matches,2023
270,Kentaro Moriya,jp JPN,MF,Sagan Tosu,34,1988,14,12,718,8.0,1,1,2,1,0,0,1,0,0.13,0.13,0.25,0.13,0.25,Matches,2023
271,Kimiya Moriyama,jp JPN,DF,Avispa Fukuoka,20,2002,1,0,3,0.0,0,0,0,0,0,0,0,0,0.00,0.00,0.00,0.00,0.00,Matches,2023
272,Shu Morooka,jp JPN,FW,Kashima Antlers,22,2000,4,1,128,1.4,0,1,1,0,0,0,0,0,0.00,0.70,0.70,0.00,0.70,Matches,2023
273,Stefan Mugoša,me MNE,FW,Vissel Kobe,30,1992,1,0,3,0.0,0,0,0,0,0,0,0,0,0.00,0.00,0.00,0.00,0.00,Matches,2023
274,Masaaki Murakami,jp JPN,GK,Avispa Fukuoka,30,1992,20,20,"1,8",20.0,0,0,0,0,0,0,0,0,0.00,0.00,0.00,0.00,0.00,Matches,2023
275,Yuhi Murakami,jp JPN,DF,Yokohama F. Marinos,22,2000,1,1,90,1.0,0,0,0,0,0,0,0,0,0.00,0.00,0.00,0.00,0.00,Matches,2023
276,Yoshinori Mutō,jp JPN,"FW,MF",Vissel Kobe,30,1992,34,33,"2,905",32.3,10,10,20,10,0,0,2,0,0.31,0.31,0.62,0.31,0.62,Matches,2023
277,Yuki Muto,jp JPN,FW,Kashiwa Reysol,34,1988,19,2,393,4.4,1,0,1,1,0,0,2,0,0.23,0.00,0.23,0.23,0.23,Matches,2023
278,Kato Mutsuki,jp JPN,FW,Cerezo Osaka,25,1997,17,8,765,8.5,3,3,6,3,0,0,0,0,0.35,0.35,0.71,0.35,0.71,Matches,2023
279,Kato Mutsuki,jp JPN,"MF,FW",Sanfrecce Hiroshima,25,1997,13,13,"1,164",12.9,5,1,6,5,0,0,0,0,0.39,0.08,0.46,0.39,0.46,Matches,2023
280,Kengo Nagai,jp JPN,GK,Yokohama FC,28,1994,18,18,"1,586",17.6,0,0,0,0,0,0,0,0,0.00,0.00,0.00,0.00,0.00,Matches,2023
281,Kensuke Nagai,jp JPN,"MF,FW",Grampus,33,1989,33,30,"2,204",24.5,4,5,9,4,0,0,4,0,0.16,0.20,0.37,0.16,0.37,Matches,2023
282,Takumi Nagaishi,jp JPN,GK,Avispa Fukuoka,26,1996,14,14,"1,26",14.0,0,0,0,0,0,0,1,0,0.00,0.00,0.00,0.00,0.00,Matches,2023
283,Ryota Nagaki,jp JPN,MF,Shonan Bellmare,34,1988,17,10,839,9.3,0,2,2,0,0,0,3,0,0.00,0.21,0.21,0.00,0.21,Matches,2023
284,Motoki Nagakura,jp JPN,"MF,FW",Albirex Niigata,23,1999,10,4,440,4.9,1,0,1,1,0,0,0,0,0.20,0.00,0.20,0.20,0.20,Matches,2023
285,Yoichi Naganuma,jp JPN,MF,Sagan Tosu,25,1997,32,31,"2,73",30.3,10,3,13,10,0,0,5,2,0.33,0.10,0.43,0.33,0.43,Matches,2023
286,Kazuki Nagasawa,jp JPN,MF,Grampus,31,1991,10,1,193,2.1,0,1,1,0,0,0,1,0,0.00,0.47,0.47,0.00,0.47,Matches,2023
287,Shiva Nagasawa,jp JPN,DF,Sagan Tosu,21,2001,1,1,45,0.5,0,0,0,0,0,0,0,0,0.00,0.00,0.00,0.00,0.00,Matches,2023
288,Katsuya Nagato,jp JPN,DF,Yokohama F. Marinos,28,1995,27,27,"2,307",25.6,2,1,3,2,0,0,2,1,0.08,0.04,0.12,0.08,0.12,Matches,2023
289,Yuto Nagatomo,jp JPN,DF,FC Tokyo,36,1986,29,23,"2,089",23.2,0,2,2,0,0,0,4,0,0.00,0.09,0.09,0.00,0.09,Matches,2023
290,Shintaro Nago,jp JPN,MF,Kashima Antlers,26,1996,14,9,659,7.3,1,1,2,1,0,0,1,0,0.14,0.14,0.27,0.14,0.27,Matches,2023
291,Teruhito Nakagawa,jp JPN,"MF,FW",FC Tokyo,30,1992,27,25,"1,892",21.0,4,3,7,4,0,0,5,1,0.19,0.14,0.33,0.19,0.33,Matches,2023
292,Hikaru Nakahara,jp JPN,MF,Cerezo Osaka,26,1996,16,0,338,3.8,1,0,1,1,0,0,0,0,0.27,0.00,0.27,0.27,0.27,Matches,2023
293,Shoya Nakajima,jp JPN,MF,Urawa Reds,28,1994,6,1,161,1.8,1,0,1,1,0,0,1,0,0.56,0.00,0.56,0.56,0.56,Matches,2023
294,Hayato Nakama,jp JPN,MF,Kashima Antlers,30,1992,27,20,"1,344",14.9,1,1,2,1,0,0,5,0,0.07,0.07,0.13,0.07,0.13,Matches,2023
295,Hotaka Nakamura,jp JPN,DF,FC Tokyo,25,1997,7,7,524,5.8,1,2,3,1,0,0,3,1,0.17,0.34,0.52,0.17,0.52,Matches,2023
296,Keita Nakamura,jp JPN,MF,Kashiwa Reysol,29,1993,3,0,60,0.7,0,0,0,0,0,0,1,0,0.00,0.00,0.00,0.00,0.00,Matches,2023
297,Ryotaro Nakamura,jp JPN,MF,Kashima Antlers,25,1997,3,0,51,0.6,0,0,0,0,0,0,0,0,0.00,0.00,0.00,0.00,0.00,Matches,2023
298,Shun Nakamura,jp JPN,MF,Avispa Fukuoka,28,1994,13,9,829,9.2,0,3,3,0,0,0,0,0,0.00,0.33,0.33,0.00,0.33,Matches,2023
299,Takumi Nakamura,jp JPN,"DF,MF",Yokohama FC,21,2001,11,8,721,8.0,0,0,0,0,0,0,1,0,0.00,0.00,0.00,0.00,0.00,Matches,2023
300,Toya Nakamura,jp JPN,"DF,MF",Consa Sapporo,22,2000,31,17,"1,667",18.5,1,3,4,1,0,0,3,1,0.05,0.16,0.22,0.05,0.22,Matches,2023
301,Shinya Nakano,jp JPN,DF,Sagan Tosu,19,2003,4,3,270,3.0,0,1,1,0,0,0,0,0,0.00,0.33,0.33,0.00,0.33,Matches,2023
302,Shinya Nakano,jp JPN,DF,Gamba Osaka,19,2003,6,1,149,1.7,0,0,0,0,0,0,0,0,0.00,0.00,0.00,0.00,0.00,Matches,2023
303,Shuto Nakano,jp JPN,MF,Sanfrecce Hiroshima,22,2000,30,16,"1,489",16.5,1,3,4,1,0,0,3,0,0.06,0.18,0.24,0.06,0.24,Matches,2023
304,Yoshihiro Nakano,jp JPN,MF,Shonan Bellmare,29,1993,10,6,481,5.3,0,2,2,0,0,0,0,0,0.00,0.37,0.37,0.00,0.37,Matches,2023
305,Taika Nakashima,jp JPN,FW,Grampus,20,2002,11,1,220,2.4,0,0,0,0,0,0,1,0,0.00,0.00,0.00,0.00,0.00,Matches,2023
306,Taika Nakashima,jp JPN,FW,Consa Sapporo,20,2002,8,0,118,1.3,0,1,1,0,0,0,1,0,0.00,0.76,0.76,0.00,0.76,Matches,2023
307,Shinnosuke Nakatani,jp JPN,DF,Grampus,26,1996,33,33,"2,97",33.0,1,2,3,1,0,0,2,0,0.03,0.06,0.09,0.03,0.09,Matches,2023
308,Naldinho,br BRA,FW,Grampus,30,1992,3,0,33,0.4,0,0,0,0,0,0,0,0,0.00,0.00,0.00,0.00,0.00,Matches,2023
309,Tatsuki Nara,jp JPN,DF,Avispa Fukuoka,29,1993,31,31,"2,79",31.0,0,0,0,0,0,0,7,0,0.00,0.00,0.00,0.00,0.00,Matches,2023
310,Yoshiki Narahara,jp JPN,"DF,MF",Sagan Tosu,18,2004,11,4,428,4.8,1,1,2,1,0,0,2,0,0.21,0.21,0.42,0.21,0.42,Matches,2023
311,Boniface Nduka,jp JPN,DF,Yokohama FC,26,1996,26,26,"2,34",26.0,2,0,2,2,0,0,2,0,0.08,0.00,0.08,0.08,0.08,Matches,2023
312,Gustavo Nescau,br BRA,FW,Albirex Niigata,22,2000,8,1,231,2.6,0,0,0,0,0,0,1,0,0.00,0.00,0.00,0.00,0.00,Matches,2023
313,Daigo Nishi,jp JPN,DF,Consa Sapporo,35,1987,2,0,39,0.4,0,0,0,0,0,0,0,0,0.00,0.00,0.00,0.00,0.00,Matches,2023
314,Jun Nishikawa,jp JPN,"MF,FW",Sagan Tosu,20,2002,21,7,738,8.2,0,1,1,0,0,0,2,0,0.00,0.12,0.12,0.00,0.12,Matches,2023
315,Shusaku Nishikawa,jp JPN,GK,Urawa Reds,36,1986,34,34,"3,06",34.0,0,0,0,0,0,0,0,0,0.00,0.00,0.00,0.00,0.00,Matches,2023
316,Takuma Nishimura,jp JPN,MF,Yokohama F. Marinos,26,1996,32,22,"1,847",20.5,3,4,7,3,0,0,2,0,0.15,0.19,0.34,0.15,0.34,Matches,2023
317,Shota Nishino,jp JPN,DF,Consa Sapporo,18,2004,2,0,20,0.2,0,0,0,0,0,0,0,0,0.00,0.00,0.00,0.00,0.00,Matches,2023
318,Ryūya Nishio,jp JPN,DF,Cerezo Osaka,21,2001,9,3,328,3.6,0,0,0,0,0,0,0,0,0.00,0.00,0.00,0.00,0.00,Matches,2023
319,Taiga Nishiyama,jp JPN,DF,Yokohama FC,23,1999,1,0,9,0.1,0,0,0,0,0,0,0,0,0.00,0.00,0.00,0.00,0.00,Matches,2023
320,Kyohei Noborizato,jp JPN,DF,Kawasaki Frontale,32,1990,26,24,"2,019",22.4,2,2,4,2,0,0,1,0,0.09,0.09,0.18,0.09,0.18,Matches,2023
321,Yuki Nogami,jp JPN,"DF,MF",Grampus,31,1991,31,21,"1,998",22.2,1,0,1,1,0,0,2,0,0.05,0.00,0.05,0.05,0.05,Matches,2023
322,Gakuto Notsuda,jp JPN,MF,Sanfrecce Hiroshima,28,1994,27,24,"1,776",19.7,0,1,1,0,0,0,5,0,0.00,0.05,0.05,0.00,0.05,Matches,2023
323,Leon Nozawa,jp JPN,FW,FC Tokyo,19,2003,3,0,33,0.4,0,0,0,0,0,0,0,0,0.00,0.00,0.00,0.00,0.00,Matches,2023
324,Taishi Nozawa,jp JPN,GK,FC Tokyo,20,2002,10,10,900,10.0,0,0,0,0,0,0,1,0,0.00,0.00,0.00,0.00,0.00,Matches,2023
325,Powell Obi,jp JPN,GK,Yokohama F. Marinos,25,1997,2,2,180,2.0,0,0,0,0,0,0,0,0,0.00,0.00,0.00,0.00,0.00,Matches,2023
326,Riku Ochiai,jp JPN,MF,Kashiwa Reysol,23,1999,4,1,74,0.8,0,0,0,0,0,0,0,0,0.00,0.00,0.00,0.00,0.00,Matches,2023
327,Itsuki Oda,jp JPN,"MF,DF",Avispa Fukuoka,24,1998,30,23,"1,939",21.5,2,0,2,2,0,0,7,0,0.09,0.00,0.09,0.09,0.09,Matches,2023
328,Tsuyoshi Ogashiwa,jp JPN,FW,Consa Sapporo,24,1998,22,21,"1,635",18.2,6,5,11,6,0,0,0,0,0.33,0.28,0.61,0.33,0.61,Matches,2023
329,Keijiro Ogawa,jp JPN,MF,Yokohama FC,30,1992,24,15,"1,087",12.1,0,1,1,0,0,0,1,0,0.00,0.08,0.08,0.00,0.08,Matches,2023
330,Koki Ogawa,jp JPN,FW,Yokohama FC,25,1997,15,14,"1,279",14.2,6,0,6,3,3,3,4,0,0.42,0.00,0.42,0.21,0.21,Matches,2023
331,Takahiro Ogihara,jp JPN,MF,Vissel Kobe,31,1991,11,7,691,7.7,0,0,0,0,0,0,2,0,0.00,0.00,0.00,0.00,0.00,Matches,2023
332,Takuya Ogiwara,jp JPN,DF,Urawa Reds,23,1999,28,15,"1,521",16.9,1,1,2,1,0,0,4,0,0.06,0.06,0.12,0.06,0.12,Matches,2023
333,Yuki Ohashi,jp JPN,FW,Shonan Bellmare,26,1996,23,22,"1,813",20.1,13,3,16,12,1,1,2,0,0.65,0.15,0.79,0.60,0.74,Matches,2023
334,Ayumu Ohata,jp JPN,DF,Urawa Reds,21,2001,16,4,469,5.2,0,1,1,0,0,0,1,0,0.00,0.19,0.19,0.00,0.19,Matches,2023
335,Kazuki Oiwa,jp JPN,DF,Shonan Bellmare,33,1989,23,22,"1,981",22.0,1,1,2,1,0,0,3,0,0.05,0.05,0.09,0.05,0.09,Matches,2023
336,Takuya Okamoto,jp JPN,"MF,DF",Shonan Bellmare,30,1992,22,13,"1,111",12.3,0,0,0,0,0,0,2,0,0.00,0.00,0.00,0.00,0.00,Matches,2023
337,Daihachi Okamura,jp JPN,DF,Consa Sapporo,25,1997,31,30,"2,641",29.3,1,0,1,1,0,0,4,1,0.03,0.00,0.03,0.03,0.03,Matches,2023
338,Tomoaki Okubo,jp JPN,MF,Urawa Reds,24,1998,30,28,"2,291",25.5,1,2,3,1,0,0,3,0,0.04,0.08,0.12,0.04,0.12,Matches,2023
339,Hiroaki Okuno,jp JPN,"MF,FW",Cerezo Osaka,33,1989,24,20,"1,891",21.0,3,2,5,3,0,0,0,0,0.14,0.10,0.24,0.14,0.24,Matches,2023
340,Kohei Okuno,jp JPN,MF,Shonan Bellmare,22,2000,27,10,"1,139",12.7,0,1,1,0,0,0,2,0,0.00,0.08,0.08,0.00,0.08,Matches,2023
341,Diego Oliveira,br BRA,FW,FC Tokyo,32,1990,33,32,"2,562",28.5,15,1,16,13,2,3,3,0,0.53,0.04,0.56,0.46,0.49,Matches,2023
342,Takuma Ominami,jp JPN,DF,Kawasaki Frontale,25,1997,29,20,"1,869",20.8,0,1,1,0,0,0,4,1,0.00,0.05,0.05,0.00,0.05,Matches,2023
343,Shingo Omori,jp JPN,FW,Consa Sapporo,21,2001,4,0,27,0.3,1,0,1,1,0,0,0,0,3.33,0.00,3.33,3.33,3.33,Matches,2023
344,Kazunari Ono,jp JPN,DF,Shonan Bellmare,33,1989,21,18,"1,63",18.1,1,1,2,1,0,0,1,0,0.06,0.06,0.11,0.06,0.11,Matches,2023
345,Shinji Ono,jp JPN,MF,Consa Sapporo,43,1979,1,1,21,0.2,0,0,0,0,0,0,0,0,0.00,0.00,0.00,0.00,0.00,Matches,2023
346,Yuji Ono,jp JPN,FW,Sagan Tosu,30,1992,28,25,"1,663",18.5,9,1,10,8,1,1,1,0,0.49,0.05,0.54,0.43,0.49,Matches,2023
347,Kosuke Onose,jp JPN,MF,Shonan Bellmare,29,1993,22,21,"1,843",20.5,3,3,6,3,0,0,5,0,0.15,0.15,0.29,0.15,0.29,Matches,2023
348,Leo Osaki,jp JPN,"MF,DF",Vissel Kobe,31,1991,21,9,844,9.4,0,0,0,0,0,0,6,0,0.00,0.00,0.00,0.00,0.00,Matches,2023
349,Keisuke Ōsako,jp JPN,GK,Sanfrecce Hiroshima,23,1999,34,34,"3,052",33.9,0,0,0,0,0,0,0,0,0.00,0.00,0.00,0.00,0.00,Matches,2023
350,Yuya Osako,jp JPN,FW,Vissel Kobe,32,1990,34,32,"2,824",31.4,22,8,30,16,6,6,2,0,0.70,0.25,0.96,0.51,0.76,Matches,2023
351,Ryota Oshima,jp JPN,MF,Kawasaki Frontale,30,1993,14,8,684,7.6,0,1,1,0,0,0,1,0,0.00,0.13,0.13,0.00,0.13,Matches,2023
352,Gakuji Ota,jp JPN,GK,Kyoto Sanga,32,1990,12,12,"1,08",12.0,0,0,0,0,0,0,1,0,0.00,0.00,0.00,0.00,0.00,Matches,2023
353,Shusuke Ota,jp JPN,MF,Albirex Niigata,26,1996,19,13,"1,062",11.8,5,2,7,5,0,0,1,0,0.42,0.17,0.59,0.42,0.59,Matches,2023
354,Koki Otani,jp JPN,GK,Consa Sapporo,33,1989,3,3,270,3.0,0,0,0,0,0,0,1,0,0.00,0.00,0.00,0.00,0.00,Matches,2023
355,Yūsei Ozaki,jp JPN,DF,Vissel Kobe,19,2003,2,0,23,0.3,0,0,0,0,0,0,0,0,0.00,0.00,0.00,0.00,0.00,Matches,2023
356,Patric,br BRA,FW,Kyoto Sanga,35,1987,32,10,"1,22",13.6,10,2,12,8,2,2,3,0,0.74,0.15,0.89,0.59,0.74,Matches,2023
357,Jean Patric,br BRA,"FW,MF",Vissel Kobe,25,1997,27,5,901,10.0,4,0,4,4,0,0,6,0,0.40,0.00,0.40,0.40,0.40,Matches,2023
358,Thales Paula,br BRA,FW,Grampus,21,2001,7,1,104,1.2,0,0,0,0,0,0,0,0,0.00,0.00,0.00,0.00,0.00,Matches,2023
359,Pedro Perotti,br BRA,FW,FC Tokyo,25,1997,13,1,230,2.6,1,0,1,0,1,1,1,0,0.39,0.00,0.39,0.00,0.00,Matches,2023
360,Diego Pituca,br BRA,MF,Kashima Antlers,30,1992,31,31,"2,649",29.4,3,1,4,2,1,1,9,2,0.10,0.03,0.14,0.07,0.10,Matches,2023
361,Eakkanit Punya,th THA,MF,Urawa Reds,23,1999,5,2,187,2.1,0,0,0,0,0,0,0,0,0.00,0.00,0.00,0.00,0.00,Matches,2023
362,Marcelo Ryan,br BRA,FW,Yokohama FC,20,2002,23,14,"1,128",12.5,3,2,5,3,0,0,1,0,0.24,0.16,0.40,0.24,0.40,Matches,2023
363,Mitsuki Saito,jp JPN,MF,Vissel Kobe,24,1999,22,22,"1,89",21.0,0,1,1,0,0,0,4,1,0.00,0.05,0.05,0.00,0.05,Matches,2023
364,Gōtoku Sakai,jp JPN,"DF,MF",Vissel Kobe,31,1991,29,29,"2,598",28.9,2,1,3,2,0,0,4,0,0.07,0.03,0.10,0.07,0.10,Matches,2023
365,Hiroki Sakai,jp JPN,DF,Urawa Reds,32,1990,25,25,"2,078",23.1,2,0,2,2,0,0,6,0,0.09,0.00,0.09,0.09,0.09,Matches,2023
366,Noriyoshi Sakai,jp JPN,FW,Grampus,30,1992,20,3,458,5.1,0,0,0,0,0,0,0,0,0.00,0.00,0.00,0.00,0.00,Matches,2023
367,Keigo Sakakibara,jp JPN,MF,Yokohama F. Marinos,22,2000,3,0,40,0.4,0,0,0,0,0,0,0,0,0.00,0.00,0.00,0.00,0.00,Matches,2023
368,Kiriya Sakamoto,jp JPN,DF,Sagan Tosu,19,2003,2,2,142,1.6,0,0,0,0,0,0,0,0,0.00,0.00,0.00,0.00,0.00,Matches,2023
369,Koki Sakamoto,jp JPN,MF,Yokohama FC,24,1999,25,9,"1,013",11.3,0,0,0,0,0,0,0,0,0.00,0.00,0.00,0.00,0.00,Matches,2023
370,Reiya Sakata,jp JPN,MF,Cerezo Osaka,18,2004,4,1,124,1.4,0,0,0,0,0,0,0,0,0.00,0.00,0.00,0.00,0.00,Matches,2023
371,Yuki Saneto,jp JPN,DF,Yokohama F. Marinos,34,1989,3,3,258,2.9,0,0,0,0,0,0,0,0,0.00,0.00,0.00,0.00,0.00,Matches,2023
372,Kaishu Sano,jp JPN,MF,Kashima Antlers,22,2000,27,23,"2,152",23.9,1,0,1,1,0,0,6,1,0.04,0.00,0.04,0.04,0.04,Matches,2023
373,Supachok Sarachat,th THA,"MF,FW",Consa Sapporo,24,1998,24,10,"1,182",13.1,7,1,8,7,0,0,1,0,0.53,0.08,0.61,0.53,0.61,Matches,2023
374,Asahi Sasaki,jp JPN,DF,Kawasaki Frontale,23,2000,15,5,594,6.6,1,1,2,1,0,0,1,0,0.15,0.15,0.30,0.15,0.30,Matches,2023
375,Daiju Sasaki,jp JPN,"MF,FW",Vissel Kobe,32,1990,33,21,"1,943",21.6,7,2,9,7,0,0,0,0,0.32,0.09,0.42,0.32,0.42,Matches,2023
376,Masato Sasaki,jp JPN,GK,Kashiwa Reysol,20,2002,3,3,270,3.0,0,0,0,0,0,0,0,0,0.00,0.00,0.00,0.00,0.00,Matches,2023
377,Sho Sasaki,jp JPN,DF,Sanfrecce Hiroshima,33,1989,32,32,"2,88",32.0,0,0,0,0,0,0,3,0,0.00,0.00,0.00,0.00,0.00,Matches,2023
378,Kyō Satō,jp JPN,DF,Kyoto Sanga,22,2000,26,20,"1,653",18.4,0,1,1,0,0,0,5,0,0.00,0.05,0.05,0.00,0.05,Matches,2023
379,Ryoga Sato,jp JPN,"MF,FW",Avispa Fukuoka,23,1999,24,11,"1,033",11.5,4,2,6,3,1,1,0,0,0.35,0.17,0.52,0.26,0.44,Matches,2023
380,Yota Sato,jp JPN,DF,Gamba Osaka,24,1998,12,9,879,9.8,0,1,1,0,0,0,2,0,0.00,0.10,0.10,0.00,0.10,Matches,2023
381,Matheus Sávio,br BRA,"MF,FW",Kashiwa Reysol,25,1997,31,30,"2,55",28.3,7,9,16,5,2,2,5,0,0.25,0.32,0.56,0.18,0.49,Matches,2023
382,Alex Schalk,nl NED,MF,Urawa Reds,30,1992,7,1,177,2.0,1,1,2,1,0,0,1,0,0.51,0.51,01.02,0.51,01.02,Matches,2023
383,João Schmidt,br BRA,MF,Kawasaki Frontale,29,1993,30,20,"1,779",19.8,1,1,2,1,0,0,7,0,0.05,0.05,0.10,0.05,0.10,Matches,2023
384,Alexander Scholz,dk DEN,DF,Urawa Reds,30,1992,34,34,"3,06",34.0,7,1,8,1,6,7,3,0,0.21,0.03,0.24,0.03,0.06,Matches,2023
385,Yusuke Segawa,jp JPN,"MF,FW",Kawasaki Frontale,28,1994,27,8,"1,042",11.6,6,0,6,6,0,0,2,0,0.52,0.00,0.52,0.52,0.52,Matches,2023
386,Ikuma Sekigawa,jp JPN,DF,Kashima Antlers,22,2000,30,30,"2,507",27.9,2,0,2,2,0,0,2,0,0.07,0.00,0.07,0.07,0.07,Matches,2023
387,Takahiro Sekine,jp JPN,MF,Urawa Reds,27,1995,32,22,"1,931",21.5,3,3,6,3,0,0,3,0,0.14,0.14,0.28,0.14,0.28,Matches,2023
388,Tatsuki Seko,jp JPN,MF,Kawasaki Frontale,25,1997,28,18,"1,46",16.2,1,1,2,1,0,0,2,0,0.06,0.06,0.12,0.06,0.12,Matches,2023
389,Keiya Sento,jp JPN,MF,Kashiwa Reysol,28,1994,26,11,"1,097",12.2,0,0,0,0,0,0,2,0,0.00,0.00,0.00,0.00,0.00,Matches,2023
390,Hwang Seok-ho,kr KOR,DF,Sagan Tosu,33,1989,18,15,"1,36",15.1,1,0,1,1,0,0,2,0,0.07,0.00,0.07,0.07,0.07,Matches,2023
391,Gaku Shibasaki,jp JPN,MF,Kashima Antlers,30,1992,3,1,103,1.1,0,1,1,0,0,0,0,0,0.00,0.87,0.87,0.00,0.87,Matches,2023
392,Kosei Shibasaki,jp JPN,MF,Sanfrecce Hiroshima,38,1984,8,1,137,1.5,0,0,0,0,0,0,0,0,0.00,0.00,0.00,0.00,0.00,Matches,2023
393,Kai Shibato,jp JPN,MF,Urawa Reds,27,1995,8,1,146,1.6,0,0,0,0,0,0,1,0,0.00,0.00,0.00,0.00,0.00,Matches,2023
394,Masaya Shibayama,jp JPN,MF,Cerezo Osaka,20,2002,9,4,397,4.4,0,0,0,0,0,0,1,0,0.00,0.00,0.00,0.00,0.00,Matches,2023
395,Takaaki Shichi,jp JPN,MF,Sanfrecce Hiroshima,29,1993,23,16,"1,439",16.0,1,0,1,1,0,0,1,0,0.06,0.00,0.06,0.06,0.06,Matches,2023
396,Takuya Shigehiro,jp JPN,MF,Grampus,27,1995,3,0,46,0.5,0,0,0,0,0,0,0,0,0.00,0.00,0.00,0.00,0.00,Matches,2023
397,Masato Shigemi,jp JPN,MF,Avispa Fukuoka,21,2001,5,5,379,4.2,0,0,0,0,0,0,1,0,0.00,0.00,0.00,0.00,0.00,Matches,2023
398,Keiya Shiihashi,jp JPN,MF,Kashiwa Reysol,25,1997,32,28,"2,263",25.1,0,0,0,0,0,0,3,1,0.00,0.00,0.00,0.00,0.00,Matches,2023
399,Kazuyoshi Shimabuku,pe PER,MF,Albirex Niigata,23,1999,3,0,26,0.3,0,0,0,0,0,0,0,0,0.00,0.00,0.00,0.00,0.00,Matches,2023
400,Yuzuru Shimada,jp JPN,MF,Albirex Niigata,32,1990,27,15,"1,377",15.3,0,2,2,0,0,0,3,0,0.00,0.13,0.13,0.00,0.13,Matches,2023
401,Toshio Shimakawa,jp JPN,"DF,MF",Sagan Tosu,32,1990,4,0,18,0.2,0,0,0,0,0,0,0,0,0.00,0.00,0.00,0.00,0.00,Matches,2023
402,Keisuke Shimizu,jp JPN,GK,Cerezo Osaka,34,1988,2,2,180,2.0,0,0,0,0,0,0,0,0,0.00,0.00,0.00,0.00,0.00,Matches,2023
403,Ryosuke Shindo,jp JPN,DF,Cerezo Osaka,26,1996,28,19,"1,82",20.2,1,0,1,1,0,0,1,0,0.05,0.00,0.05,0.05,0.05,Matches,2023
404,Tsukasa Shiotani,jp JPN,DF,Sanfrecce Hiroshima,34,1988,27,27,"2,367",26.3,2,1,3,2,0,0,1,0,0.08,0.04,0.11,0.08,0.11,Matches,2023
405,Kosuke Shirai,jp JPN,DF,FC Tokyo,28,1994,11,5,521,5.8,0,0,0,0,0,0,1,0,0.00,0.00,0.00,0.00,0.00,Matches,2023
406,Kosuke Shirai,jp JPN,DF,Kyoto Sanga,28,1994,17,16,"1,449",16.1,0,1,1,0,0,0,2,0,0.00,0.06,0.06,0.00,0.06,Matches,2023
407,Gen Shoji,jp JPN,DF,Kashima Antlers,30,1992,21,4,655,7.3,0,0,0,0,0,0,3,0,0.00,0.00,0.00,0.00,0.00,Matches,2023
408,Itsuki Someno,jp JPN,FW,Kashima Antlers,21,2001,5,1,120,1.3,0,0,0,0,0,0,0,0,0.00,0.00,0.00,0.00,0.00,Matches,2023
409,Chanathip Songkrasin,th THA,MF,Kawasaki Frontale,29,1993,2,2,138,1.5,0,0,0,0,0,0,0,0,0.00,0.00,0.00,0.00,0.00,Matches,2023
410,Pieros Sotiriou,cy CYP,FW,Sanfrecce Hiroshima,30,1993,19,10,903,10.0,4,0,4,4,0,0,2,0,0.40,0.00,0.40,0.40,0.40,Matches,2023
411,Daiki Suga,jp JPN,"MF,DF",Consa Sapporo,24,1998,33,30,"2,481",27.6,3,2,5,3,0,0,6,0,0.11,0.07,0.18,0.11,0.18,Matches,2023
412,Hidehiro Sugai,jp JPN,DF,Kashima Antlers,24,1998,8,4,419,4.7,0,0,0,0,0,0,1,0,0.00,0.00,0.00,0.00,0.00,Matches,2023
413,Takanori Sugeno,jp JPN,GK,Consa Sapporo,38,1984,14,14,"1,26",14.0,0,0,0,0,0,0,0,0,0.00,0.00,0.00,0.00,0.00,Matches,2023
414,Kenyu Sugimoto,jp JPN,"FW,MF",Yokohama F. Marinos,30,1992,8,0,90,1.0,1,1,2,1,0,0,0,0,1.00,1.00,2.00,1.00,2.00,Matches,2023
415,Daiki Sugioka,jp JPN,"DF,MF",Shonan Bellmare,24,1998,33,32,"2,89",32.1,2,3,5,2,0,0,7,0,0.06,0.09,0.16,0.06,0.16,Matches,2023
416,Naohiro Sugiyama,jp JPN,FW,Gamba Osaka,24,1998,8,5,418,4.6,0,1,1,0,0,0,0,0,0.00,0.22,0.22,0.00,0.22,Matches,2023
417,Jelani Sumiyoshi,jp JPN,DF,Sanfrecce Hiroshima,25,1997,6,6,534,5.9,0,1,1,0,0,0,0,0,0.00,0.17,0.17,0.00,0.17,Matches,2023
418,Jung Sung-ryong,kr KOR,GK,Kawasaki Frontale,38,1985,22,22,"1,98",22.0,0,0,0,0,0,0,0,0,0.00,0.00,0.00,0.00,0.00,Matches,2023
419,Gu Sung-yun,kr KOR,GK,Kyoto Sanga,28,1994,8,8,720,8.0,0,0,0,0,0,0,0,0,0.00,0.00,0.00,0.00,0.00,Matches,2023
420,Gu Sung-yun,kr KOR,GK,Consa Sapporo,28,1994,8,8,720,8.0,0,0,0,0,0,0,0,0,0.00,0.00,0.00,0.00,0.00,Matches,2023
421,Akito Suzuki,jp JPN,"FW,MF",Shonan Bellmare,19,2003,27,6,769,8.5,3,0,3,3,0,0,1,0,0.35,0.00,0.35,0.35,0.35,Matches,2023
422,Junnosuke Suzuki,jp JPN,DF,Shonan Bellmare,19,2003,5,0,93,1.0,0,0,0,0,0,0,1,0,0.00,0.00,0.00,0.00,0.00,Matches,2023
423,Junya Suzuki,jp JPN,DF,FC Tokyo,27,1996,1,0,9,0.1,0,0,0,0,0,0,0,0,0.00,0.00,0.00,0.00,0.00,Matches,2023
424,Koji Suzuki,jp JPN,FW,Albirex Niigata,33,1989,28,24,"1,847",20.5,4,2,6,3,1,1,0,0,0.19,0.10,0.29,0.15,0.24,Matches,2023
425,Musashi Suzuki,jp JPN,FW,Gamba Osaka,28,1994,20,7,763,8.5,1,2,3,1,0,0,0,0,0.12,0.24,0.35,0.12,0.35,Matches,2023
426,Tokuma Suzuki,jp JPN,MF,Cerezo Osaka,25,1997,19,7,669,7.4,0,0,0,0,0,0,1,0,0.00,0.00,0.00,0.00,0.00,Matches,2023
427,Yuma Suzuki,jp JPN,FW,Kashima Antlers,26,1996,33,33,"2,816",31.3,14,5,19,14,0,1,5,0,0.45,0.16,0.61,0.45,0.61,Matches,2023
428,Jakub Słowik,pl POL,GK,FC Tokyo,31,1991,24,24,"2,16",24.0,0,0,0,0,0,0,2,0,0.00,0.00,0.00,0.00,0.00,Matches,2023
429,Koki Tachi,jp JPN,DF,Shonan Bellmare,25,1997,21,18,"1,59",17.7,0,0,0,0,0,0,4,1,0.00,0.00,0.00,0.00,0.00,Matches,2023
430,Kento Tachibanada,jp JPN,MF,Kawasaki Frontale,24,1998,30,20,"1,894",21.0,2,1,3,2,0,0,3,0,0.10,0.05,0.14,0.10,0.14,Matches,2023
431,Nam Tae-hee,kr KOR,"MF,FW",Yokohama F. Marinos,31,1991,9,5,415,4.6,0,0,0,0,0,0,0,0,0.00,0.00,0.00,0.00,0.00,Matches,2023
432,Daichi Tagami,jp JPN,DF,Albirex Niigata,29,1993,11,5,494,5.5,0,0,0,0,0,0,3,0,0.00,0.00,0.00,0.00,0.00,Matches,2023
433,Shun Takagi,jp JPN,GK,Consa Sapporo,33,1989,9,9,810,9.0,0,0,0,0,0,0,0,0,0.00,0.00,0.00,0.00,0.00,Matches,2023
434,Yoshiaki Takagi,jp JPN,MF,Albirex Niigata,30,1992,18,11,"1,03",11.4,2,4,6,2,0,0,1,0,0.17,0.35,0.52,0.17,0.52,Matches,2023
435,Naoya Takahashi,jp JPN,DF,Shonan Bellmare,21,2001,4,3,293,3.3,0,0,0,0,0,0,1,0,0.00,0.00,0.00,0.00,0.00,Matches,2023
436,Toshiki Takahashi,jp JPN,"MF,FW",Urawa Reds,25,1998,11,3,416,4.6,1,0,1,1,0,0,1,0,0.22,0.00,0.22,0.22,0.22,Matches,2023
437,Kazuma Takai,jp JPN,MF,Yokohama FC,28,1994,9,0,59,0.7,1,0,1,1,0,0,1,0,1.53,0.00,1.53,1.53,1.53,Matches,2023
438,Kōta Takai,jp JPN,DF,Kawasaki Frontale,18,2004,14,13,"1,223",13.6,0,0,0,0,0,0,3,0,0.00,0.00,0.00,0.00,0.00,Matches,2023
439,Tomoki Takamine,jp JPN,MF,Kashiwa Reysol,25,1997,31,26,"2,226",24.7,0,1,1,0,0,0,8,0,0.00,0.04,0.04,0.00,0.04,Matches,2023
440,Ryu Takao,jp JPN,DF,Gamba Osaka,26,1996,16,10,889,9.9,0,0,0,0,0,0,2,0,0.00,0.00,0.00,0.00,0.00,Matches,2023
441,Eijiro Takeda,jp JPN,MF,Yokohama FC,34,1988,4,1,101,1.1,0,0,0,0,0,0,0,0,0.00,0.00,0.00,0.00,0.00,Matches,2023
442,Shohei Takeda,jp JPN,MF,Kyoto Sanga,28,1994,13,13,944,10.5,0,2,2,0,0,0,0,0,0.00,0.19,0.19,0.00,0.19,Matches,2023
443,Hirotaka Tameda,jp JPN,"MF,FW",Cerezo Osaka,29,1993,18,15,"1,114",12.4,2,1,3,2,0,0,2,0,0.16,0.08,0.24,0.16,0.24,Matches,2023
444,Shūto Tanabe,jp JPN,DF,Kawasaki Frontale,20,2002,5,4,370,4.1,0,1,1,0,0,0,0,0,0.00,0.24,0.24,0.00,0.24,Matches,2023
445,Sotan Tanabe,jp JPN,MF,Avispa Fukuoka,32,1990,4,1,160,1.8,0,0,0,0,0,0,1,0,0.00,0.00,0.00,0.00,0.00,Matches,2023
446,Ryō Tanada,jp JPN,FW,Sanfrecce Hiroshima,19,2003,1,1,60,0.7,0,0,0,0,0,0,0,0,0.00,0.00,0.00,0.00,0.00,Matches,2023
447,Hayato Tanaka,jp JPN,DF,Kashiwa Reysol,19,2003,3,2,191,2.1,0,0,0,0,0,0,0,0,0.00,0.00,0.00,0.00,0.00,Matches,2023
448,Satoshi Tanaka,jp JPN,"MF,DF",Shonan Bellmare,20,2002,11,9,866,9.6,0,0,0,0,0,0,4,0,0.00,0.00,0.00,0.00,0.00,Matches,2023
449,Shunta Tanaka,jp JPN,DF,Consa Sapporo,25,1997,34,34,"3,03",33.7,4,2,6,4,0,0,3,0,0.12,0.06,0.18,0.12,0.18,Matches,2023
450,Tatsuya Tanaka,jp JPN,MF,Avispa Fukuoka,30,1992,8,1,151,1.7,0,0,0,0,0,0,1,0,0.00,0.00,0.00,0.00,0.00,Matches,2023
451,Kosei Tani,jp JPN,GK,Gamba Osaka,22,2000,10,10,900,10.0,0,0,0,0,0,0,0,0,0.00,0.00,0.00,0.00,0.00,Matches,2023
452,Kaito Taniguchi,jp JPN,"FW,MF",Albirex Niigata,27,1995,21,9,899,10.0,3,1,4,3,0,0,0,0,0.30,0.10,0.40,0.30,0.40,Matches,2023
453,Masaya Tashiro,jp JPN,DF,Avispa Fukuoka,29,1993,9,5,496,5.5,0,0,0,0,0,0,0,0,0.00,0.00,0.00,0.00,0.00,Matches,2023
454,Masaya Tashiro,jp JPN,DF,Sagan Tosu,29,1993,16,12,"1,153",12.8,0,0,0,0,0,0,3,0,0.00,0.00,0.00,0.00,0.00,Matches,2023
455,Yugo Tatsuta,jp JPN,DF,Kashiwa Reysol,24,1998,20,18,"1,621",18.0,0,0,0,0,0,0,5,2,0.00,0.00,0.00,0.00,0.00,Matches,2023
456,Kota Tawaratsumida,jp JPN,"MF,FW",FC Tokyo,18,2004,27,12,"1,072",11.9,2,1,3,2,0,0,0,0,0.17,0.08,0.25,0.17,0.25,Matches,2023
457,Hisashi Tawiah,jp JPN,DF,Kyoto Sanga,24,1998,18,11,"1,1",12.2,0,0,0,0,0,0,2,2,0.00,0.00,0.00,0.00,0.00,Matches,2023
458,Tsubasa Terayama,jp JPN,MF,FC Tokyo,22,2000,9,3,216,2.4,0,0,0,0,0,0,0,0,0.00,0.00,0.00,0.00,0.00,Matches,2023
459,Kohei Tezuka,jp JPN,MF,Sagan Tosu,26,1996,22,17,"1,431",15.9,1,3,4,1,0,0,2,0,0.06,0.19,0.25,0.06,0.25,Matches,2023
460,Matheus Thuler,br BRA,DF,Vissel Kobe,23,1999,27,18,"1,67",18.6,2,0,2,2,0,0,3,0,0.11,0.00,0.11,0.11,0.11,Matches,2023
461,Cayman Togashi,jp JPN,FW,Sagan Tosu,29,1993,22,7,985,10.9,5,1,6,3,2,3,2,0,0.46,0.09,0.55,0.27,0.37,Matches,2023
462,Shuhei Tokumoto,jp JPN,DF,FC Tokyo,27,1995,18,11,"1,052",11.7,1,2,3,1,0,0,0,0,0.09,0.17,0.26,0.09,0.26,Matches,2023
463,Daiki Tomii,jp JPN,GK,Shonan Bellmare,33,1989,8,8,720,8.0,0,0,0,0,0,0,0,0,0.00,0.00,0.00,0.00,0.00,Matches,2023
464,Daiya Tono,jp JPN,"MF,FW",Kawasaki Frontale,23,1999,30,11,"1,128",12.5,1,0,1,1,0,0,0,1,0.08,0.00,0.08,0.08,0.08,Matches,2023
465,Koji Toriumi,jp JPN,DF,Cerezo Osaka,27,1995,30,30,"2,677",29.7,0,1,1,0,0,0,2,0,0.00,0.03,0.03,0.00,0.03,Matches,2023
466,Sachiro Toshima,jp JPN,MF,Kashiwa Reysol,27,1995,28,19,"1,597",17.7,3,0,3,3,0,0,3,0,0.17,0.00,0.17,0.17,0.17,Matches,2023
467,Shoji Toyama,jp JPN,FW,Gamba Osaka,20,2002,3,0,19,0.2,0,0,0,0,0,0,0,0,0.00,0.00,0.00,0.00,0.00,Matches,2023
468,Yuta Toyokawa,jp JPN,FW,Kyoto Sanga,28,1994,27,25,"1,694",18.8,10,2,12,10,0,0,4,0,0.53,0.11,0.64,0.53,0.64,Matches,2023
469,Henrique Trevisan,br BRA,DF,FC Tokyo,26,1997,22,20,"1,766",19.6,1,1,2,1,0,0,8,0,0.05,0.05,0.10,0.05,0.10,Matches,2023
470,Takumi Tsuchiya,jp JPN,DF,Kashiwa Reysol,19,2003,18,13,"1,132",12.6,0,0,0,0,0,0,2,0,0.00,0.00,0.00,0.00,0.00,Matches,2023
471,Koki Tsukagawa,jp JPN,MF,FC Tokyo,28,1994,21,6,826,9.2,1,1,2,1,0,0,4,0,0.11,0.11,0.22,0.11,0.22,Matches,2023
472,Dai Tsukamoto,jp JPN,FW,Gamba Osaka,21,2001,3,0,71,0.8,0,0,0,0,0,0,0,0,0.00,0.00,0.00,0.00,0.00,Matches,2023
473,Keigo Tsunemoto,jp JPN,DF,Kashima Antlers,24,1998,16,9,959,10.7,0,0,0,0,0,0,0,0,0.00,0.00,0.00,0.00,0.00,Matches,2023
474,Ryotaro Tsunoda,jp JPN,DF,Yokohama F. Marinos,23,1999,16,14,"1,198",13.3,0,0,0,0,0,0,2,1,0.00,0.00,0.00,0.00,0.00,Matches,2023
475,Reiju Tsuruno,jp JPN,FW,Avispa Fukuoka,22,2001,17,1,307,3.4,1,1,2,1,0,0,0,0,0.29,0.29,0.59,0.29,0.59,Matches,2023
476,Milan Tučić,si SVN,FW,Consa Sapporo,26,1996,12,0,74,0.8,0,1,1,0,0,0,0,0,0.00,1.22,1.22,0.00,1.22,Matches,2023
477,Takuya Uchida,jp JPN,MF,Grampus,24,1998,29,19,"1,747",19.4,0,0,0,0,0,0,2,0,0.00,0.00,0.00,0.00,0.00,Matches,2023
478,Naomichi Ueda,jp JPN,DF,Kashima Antlers,28,1994,34,34,"3,06",34.0,2,0,2,2,0,0,1,0,0.06,0.00,0.06,0.06,0.06,Matches,2023
479,Satoki Uejo,jp JPN,"FW,MF",Cerezo Osaka,25,1997,28,12,"1,203",13.4,4,1,5,4,0,0,0,1,0.30,0.07,0.37,0.30,0.37,Matches,2023
480,Asahi Uenaka,jp JPN,MF,Yokohama F. Marinos,21,2001,9,2,306,3.4,3,0,3,3,0,0,0,0,0.88,0.00,0.88,0.88,0.88,Matches,2023
481,Takashi Usami,jp JPN,"MF,FW",Gamba Osaka,30,1992,29,15,"1,531",17.0,5,1,6,4,1,1,7,0,0.29,0.06,0.35,0.24,0.29,Matches,2023
482,Bálint Vécsei,hu HUN,"DF,MF",Vissel Kobe,29,1993,2,0,24,0.3,0,0,0,0,0,0,0,0,0.00,0.00,0.00,0.00,0.00,Matches,2023
483,Douglas Vieira,br BRA,FW,Sanfrecce Hiroshima,35,1987,27,9,"1,265",14.1,8,1,9,5,3,3,4,0,0.57,0.07,0.64,0.36,0.43,Matches,2023
484,Takuya Wada,jp JPN,"MF,DF",Yokohama FC,32,1990,17,11,943,10.5,0,0,0,0,0,0,0,0,0.00,0.00,0.00,0.00,0.00,Matches,2023
485,Tomoya Wakahara,jp JPN,GK,Kyoto Sanga,23,1999,14,14,"1,26",14.0,0,0,0,0,0,0,0,0,0.00,0.00,0.00,0.00,0.00,Matches,2023
486,Yamato Wakatsuki,jp JPN,FW,Shonan Bellmare,21,2002,7,2,144,1.6,0,0,0,0,0,0,0,0,0.00,0.00,0.00,0.00,0.00,Matches,2023
487,Yasuto Wakizaka,jp JPN,MF,Kawasaki Frontale,27,1995,30,30,"2,444",27.2,9,6,15,7,2,2,1,1,0.33,0.22,0.55,0.26,0.48,Matches,2023
488,Kota Watanabe,jp JPN,MF,Yokohama F. Marinos,24,1998,34,32,"2,714",30.2,2,0,2,2,0,0,4,0,0.07,0.00,0.07,0.07,0.07,Matches,2023
489,Ryo Watanabe,jp JPN,FW,Cerezo Osaka,26,1996,7,1,140,1.6,1,0,1,0,1,1,0,0,0.64,0.00,0.64,0.00,0.00,Matches,2023
490,Ryoma Watanabe,jp JPN,"MF,FW",FC Tokyo,26,1996,29,27,"2,236",24.8,4,3,7,4,0,0,2,0,0.16,0.12,0.28,0.16,0.28,Matches,2023
491,Taiki Watanabe,jp JPN,DF,Albirex Niigata,23,1999,21,18,"1,683",18.7,2,1,3,2,0,0,3,0,0.11,0.05,0.16,0.11,0.16,Matches,2023
492,Wellington,br BRA,FW,Avispa Fukuoka,34,1988,27,2,650,7.2,3,0,3,3,0,0,4,0,0.42,0.00,0.42,0.42,0.42,Matches,2023
493,Teppei Yachida,jp JPN,MF,Kyoto Sanga,21,2001,17,3,584,6.5,0,1,1,0,0,0,0,0,0.00,0.15,0.15,0.00,0.15,Matches,2023
494,Fūki Yamada,jp JPN,FW,Kyoto Sanga,21,2001,17,8,738,8.2,1,2,3,1,0,0,1,0,0.12,0.24,0.37,0.12,0.37,Matches,2023
495,Kota Yamada,jp JPN,"FW,MF",Kashiwa Reysol,23,1999,27,19,"1,45",16.1,0,2,2,0,0,0,1,0,0.00,0.12,0.12,0.00,0.12,Matches,2023
496,Naoki Yamada,jp JPN,MF,Shonan Bellmare,32,1990,21,8,768,8.5,1,2,3,1,0,0,1,0,0.12,0.23,0.35,0.12,0.35,Matches,2023
497,Riku Yamada,jp JPN,MF,Grampus,24,1998,6,0,121,1.3,0,0,0,0,0,0,0,0,0.00,0.00,0.00,0.00,0.00,Matches,2023
498,Shin Yamada,jp JPN,"FW,MF",Kawasaki Frontale,22,2000,27,9,"1,004",11.2,4,2,6,3,1,1,1,0,0.36,0.18,0.54,0.27,0.45,Matches,2023
499,Yuto Yamada,jp JPN,MF,Kashiwa Reysol,22,2000,10,9,685,7.6,2,2,4,2,0,0,1,0,0.26,0.26,0.53,0.26,0.53,Matches,2023
500,Yuya Yamagishi,jp JPN,"FW,MF",Avispa Fukuoka,29,1993,34,34,"2,88",32.0,10,4,14,9,1,2,2,0,0.31,0.12,0.44,0.28,0.41,Matches,2023
501,Hotaru Yamaguchi,jp JPN,MF,Vissel Kobe,32,1990,32,30,"2,776",30.8,4,2,6,4,0,0,2,0,0.13,0.06,0.19,0.13,0.19,Matches,2023
502,Tetsushi Yamakawa,jp JPN,DF,Vissel Kobe,25,1997,26,25,"2,243",24.9,0,1,1,0,0,0,1,0,0.00,0.04,0.04,0.00,0.04,Matches,2023
503,Hiroto Yamami,jp JPN,FW,Gamba Osaka,23,1999,14,2,323,3.6,1,0,1,1,0,0,0,0,0.28,0.00,0.28,0.28,0.28,Matches,2023
504,Ota Yamamoto,jp JPN,FW,Kashiwa Reysol,18,2004,7,0,116,1.3,0,0,0,0,0,0,0,0,0.00,0.00,0.00,0.00,0.00,Matches,2023
505,Rihito Yamamoto,jp JPN,MF,Gamba Osaka,21,2001,11,2,263,2.9,0,0,0,0,0,0,1,0,0.00,0.00,0.00,0.00,0.00,Matches,2023
506,Shuto Yamamoto,jp JPN,DF,Shonan Bellmare,37,1985,6,6,502,5.6,0,0,0,0,0,0,1,0,0.00,0.00,0.00,0.00,0.00,Matches,2023
507,Yuki Yamamoto,jp JPN,MF,Gamba Osaka,25,1997,26,23,"1,983",22.0,0,4,4,0,0,0,2,0,0.00,0.18,0.18,0.00,0.18,Matches,2023
508,Kazuya Yamamura,jp JPN,DF,Kawasaki Frontale,33,1989,16,11,989,11.0,0,1,1,0,0,0,0,1,0.00,0.09,0.09,0.00,0.09,Matches,2023
509,Ryosuke Yamanaka,jp JPN,DF,Cerezo Osaka,29,1993,21,15,"1,37",15.2,0,3,3,0,0,0,1,0,0.00,0.20,0.20,0.00,0.20,Matches,2023
510,Miki Yamane,jp JPN,DF,Kawasaki Frontale,29,1993,33,33,"2,949",32.8,2,2,4,2,0,0,3,0,0.06,0.06,0.12,0.06,0.12,Matches,2023
511,Riku Yamane,jp JPN,"MF,DF",Yokohama F. Marinos,19,2003,21,11,"1,124",12.5,0,1,1,0,0,0,1,0,0.00,0.08,0.08,0.00,0.08,Matches,2023
512,Towa Yamane,jp JPN,MF,Yokohama FC,23,1999,24,20,"1,602",17.8,0,3,3,0,0,0,0,0,0.00,0.17,0.17,0.00,0.17,Matches,2023
513,Ryogo Yamasaki,jp JPN,FW,Kyoto Sanga,30,1992,22,17,"1,235",13.7,2,0,2,2,0,0,1,0,0.15,0.00,0.15,0.15,0.15,Matches,2023
514,Taichi Yamasaki,jp JPN,"MF,DF",Sanfrecce Hiroshima,22,2001,11,4,324,3.6,0,0,0,0,0,0,0,0,0.00,0.00,0.00,0.00,0.00,Matches,2023
515,Keita Yamashita,jp JPN,FW,Shonan Bellmare,26,1996,5,0,43,0.5,0,0,0,0,0,0,1,0,0.00,0.00,0.00,0.00,0.00,Matches,2023
516,Ryoya Yamashita,jp JPN,MF,Yokohama FC,25,1997,28,19,"1,605",17.8,2,0,2,2,0,0,2,0,0.11,0.00,0.11,0.11,0.11,Matches,2023
517,Kosuke Yamazaki,jp JPN,DF,Sagan Tosu,27,1995,33,33,"2,929",32.5,0,0,0,0,0,0,2,1,0.00,0.00,0.00,0.00,0.00,Matches,2023
518,Ko Yanagisawa,jp JPN,DF,Gamba Osaka,26,1996,3,0,5,0.1,0,0,0,0,0,0,0,0,0.00,0.00,0.00,0.00,0.00,Matches,2023
519,Kaito Yasui,jp JPN,MF,Urawa Reds,22,2000,31,20,"1,969",21.9,2,1,3,2,0,0,1,0,0.09,0.05,0.14,0.09,0.14,Matches,2023
520,Ayumu Yokoyama,jp JPN,MF,Sagan Tosu,19,2003,17,0,381,4.2,0,4,4,0,0,0,0,0,0.00,0.94,0.94,0.00,0.94,Matches,2023
521,Takuji Yonemoto,jp JPN,MF,Grampus,32,1990,26,22,"1,855",20.6,0,1,1,0,0,0,7,0,0.00,0.05,0.05,0.00,0.05,Matches,2023
522,Haruki Yoshida,jp JPN,DF,Grampus,21,2001,2,0,11,0.1,0,0,0,0,0,0,0,0,0.00,0.00,0.00,0.00,0.00,Matches,2023
523,Manato Yoshida,jp JPN,DF,Yokohama F. Marinos,21,2001,1,1,77,0.9,0,0,0,0,0,0,0,0,0.00,0.00,0.00,0.00,0.00,Matches,2023
524,Kyohei Yoshino,jp JPN,DF,Yokohama FC,28,1994,24,23,"2,058",22.9,1,0,1,1,0,0,7,0,0.04,0.00,0.04,0.04,0.04,Matches,2023
525,Kaina Yoshio,jp JPN,DF,Yokohama F. Marinos,24,1998,15,4,483,5.4,1,1,2,1,0,0,0,0,0.19,0.19,0.37,0.19,0.37,Matches,2023
526,Yuri,br BRA,MF,Yokohama FC,28,1994,26,24,"1,951",21.7,3,1,4,3,0,0,8,0,0.14,0.05,0.18,0.14,0.18,Matches,2023
527,Koya Yuruki,jp JPN,"FW,MF",Vissel Kobe,27,1995,28,24,"1,776",19.7,3,4,7,3,0,0,1,0,0.15,0.20,0.35,0.15,0.35,Matches,2023
528,Masato Yuzawa,jp JPN,"MF,DF",Avispa Fukuoka,29,1993,26,21,"1,729",19.2,1,0,1,1,0,0,2,0,0.05,0.00,0.05,0.05,0.05,Matches,2023
529,Koto Abe,jp JPN,GK,Albirex Niigata,25,1997,4,4,360,4.0,0,0,0,0,0,0,0,0,0.00,0.00,0.00,0.00,0.00,Matches,2023
1,Hiroyuki Abe,jp JPN,"FW,MF",Shonan Bellmare,34,1989,25,8,838,9.3,3,2,5,2,1,1,0,0,0.32,0.21,0.54,0.21,0.43,Matches,2024
2,Hiroki Akiyama,jp JPN,MF,Albirex Niigata,23,2000,36,34,"3,068",34.1,2,2,4,2,0,0,1,0,0.06,0.06,0.12,0.06,0.12,Matches,2024
3,Juan Alano,br BRA,MF,Gamba Osaka,27,1996,20,9,766,8.5,1,0,1,1,0,0,3,0,0.12,0.00,0.12,0.12,0.12,Matches,2024
4,Lukian Araújo de Almeida,br BRA,FW,Shonan Bellmare,32,1991,31,25,"2,298",25.5,11,2,13,10,1,1,2,1,0.43,0.08,0.51,0.39,0.47,Matches,2024
5,Tiago Alexandre Mendes Alves,pt POR,MF,Tokyo Verdy,27,1996,10,2,213,2.4,1,0,1,1,0,0,0,0,0.42,0.00,0.42,0.42,0.42,Matches,2024
6,Jun Amano,jp JPN,MF,Yokohama F. Marinos,32,1991,32,18,"1,535",17.1,5,5,10,5,0,0,1,0,0.29,0.29,0.59,0.29,0.59,Matches,2024
7,Koki Anzai,jp JPN,DF,Kashima Antlers,28,1995,38,38,"3,403",37.8,1,2,3,1,0,0,0,0,0.03,0.05,0.08,0.03,0.08,Matches,2024
8,Soma Anzai,jp JPN,"FW,MF",FC Tokyo,21,2002,31,24,"2,069",23.0,4,2,6,4,0,0,6,1,0.17,0.09,0.26,0.17,0.26,Matches,2024
9,Yūto Anzai,jp JPN,FW,Kyoto Sanga,18,2005,8,1,145,1.6,1,0,1,1,0,0,0,0,0.62,0.00,0.62,0.62,0.62,Matches,2024
10,Ryota Aoki,jp JPN,MF,Consa Sapporo,27,1996,30,26,"2,275",25.3,6,2,8,6,0,0,2,0,0.24,0.08,0.32,0.24,0.32,Matches,2024
11,Toshihiro Aoyama,jp JPN,MF,Sanfrecce Hiroshima,37,1986,3,0,11,0.1,0,0,0,0,0,0,0,0,0.00,0.00,0.00,0.00,0.00,Matches,2024
12,Naoto Arai,jp JPN,MF,Sanfrecce Hiroshima,27,1996,32,21,"1,978",22.0,6,4,10,6,0,0,1,0,0.27,0.18,0.46,0.27,0.46,Matches,2024
13,Naoto Arai,jp JPN,DF,Albirex Niigata,27,1996,3,2,181,2.0,1,0,1,1,0,0,2,0,0.50,0.00,0.50,0.50,0.50,Matches,2024
14,Shota Arai,jp JPN,GK,Vissel Kobe,35,1988,2,1,102,1.1,0,0,0,0,0,0,0,0,0.00,0.00,0.00,0.00,0.00,Matches,2024
15,Yūta Arai,jp JPN,MF,Tokyo Verdy,19,2004,3,0,63,0.7,0,0,0,0,0,0,1,0,0.00,0.00,0.00,0.00,0.00,Matches,2024
16,Hayato Araki,jp JPN,DF,Sanfrecce Hiroshima,27,1996,27,27,"2,304",25.6,3,0,3,3,0,0,4,0,0.12,0.00,0.12,0.12,0.12,Matches,2024
17,Ryotaro Araki,jp JPN,"MF,FW",FC Tokyo,22,2002,29,23,"1,933",21.5,7,4,11,6,1,1,2,0,0.33,0.19,0.51,0.28,0.47,Matches,2024
18,Shunta Araki,jp JPN,"MF,FW",Machida Zelvia,24,1999,23,7,784,8.7,1,2,3,1,0,0,1,0,0.11,0.23,0.34,0.11,0.34,Matches,2024
19,Takuma Arano,jp JPN,MF,Consa Sapporo,30,1993,27,21,"1,873",20.8,1,1,2,1,0,0,4,0,0.05,0.05,0.10,0.05,0.10,Matches,2024
20,Vinícius Araújo,br BRA,FW,Sagan Tosu,30,1993,19,4,409,4.5,1,0,1,0,1,1,0,0,0.22,0.00,0.22,0.00,0.00,Matches,2024
21,Tolgay Arslan,de GER,"MF,FW",Sanfrecce Hiroshima,33,1990,14,10,802,8.9,8,0,8,6,2,2,1,0,0.90,0.00,0.90,0.67,0.67,Matches,2024
22,Shogo Asada,jp JPN,DF,Kyoto Sanga,25,1998,17,17,"1,518",16.9,0,0,0,0,0,0,1,0,0.00,0.00,0.00,0.00,0.00,Matches,2024
23,Yuya Asano,jp JPN,"MF,FW",Consa Sapporo,26,1997,22,19,"1,629",18.1,4,1,5,4,0,1,0,0,0.22,0.06,0.28,0.22,0.28,Matches,2024
24,Kosei Ashibe,jp JPN,MF,Machida Zelvia,22,2001,1,0,13,0.1,0,0,0,0,0,0,0,0,0.00,0.00,0.00,0.00,0.00,Matches,2024
25,Shunta Awaka,jp JPN,GK,Consa Sapporo,28,1995,2,2,180,2.0,0,0,0,0,0,0,0,0,0.00,0.00,0.00,0.00,0.00,Matches,2024
26,Kodjo Aziangbe,tg TOG,MF,Yokohama F. Marinos,20,2003,3,1,104,1.2,0,0,0,0,0,0,0,0,0.00,0.00,0.00,0.00,0.00,Matches,2024
27,Seiya Baba,jp JPN,"DF,MF",Consa Sapporo,22,2001,37,35,"2,973",33.0,2,3,5,2,0,0,5,0,0.06,0.09,0.15,0.06,0.15,Matches,2024
28,Amadou Bakayoko,sl SLE,FW,Consa Sapporo,28,1996,6,0,99,1.1,1,0,1,0,1,1,0,0,0.91,0.00,0.91,0.00,0.00,Matches,2024
29,Kashif Bangunagande,jp JPN,DF,FC Tokyo,22,2001,17,17,"1,457",16.2,2,2,4,2,0,0,3,0,0.12,0.12,0.25,0.12,0.25,Matches,2024
30,Akimi Barada,jp JPN,MF,Shonan Bellmare,32,1991,29,17,"1,24",13.8,0,1,1,0,0,0,3,0,0.00,0.07,0.07,0.00,0.07,Matches,2024
31,Nassim Ben Khalifa,ch SUI,"FW,MF",Avispa Fukuoka,32,1992,2,0,69,0.8,0,0,0,0,0,0,0,0,0.00,0.00,0.00,0.00,0.00,Matches,2024
32,Vitor Bueno,br BRA,MF,Cerezo Osaka,29,1994,21,9,896,10.0,3,4,7,3,0,0,0,0,0.30,0.40,0.70,0.30,0.70,Matches,2024
33,Song Bumkeun,kr KOR,GK,Shonan Bellmare,26,1997,20,20,"1,757",19.5,0,0,0,0,0,0,0,1,0.00,0.00,0.00,0.00,0.00,Matches,2024
34,Capixaba,br BRA,"MF,FW",Cerezo Osaka,27,1997,27,19,"1,618",18.0,1,4,5,1,0,0,3,0,0.06,0.22,0.28,0.06,0.28,Matches,2024
35,Aleksandar Čavrić,rs SRB,"MF,FW",Kashima Antlers,29,1994,25,11,"1,244",13.8,7,3,10,7,0,0,0,0,0.51,0.22,0.72,0.51,0.72,Matches,2024
36,Yusuke Chajima,jp JPN,MF,Sanfrecce Hiroshima,32,1991,2,0,14,0.2,0,0,0,0,0,0,0,0,0.00,0.00,0.00,0.00,0.00,Matches,2024
37,Ha Chang-rae,kr KOR,DF,Grampus,29,1994,24,20,"1,755",19.5,3,0,3,3,0,0,7,0,0.15,0.00,0.15,0.15,0.15,Matches,2024
38,Kazuhiko Chiba,jp JPN,DF,Albirex Niigata,38,1985,8,7,579,6.4,1,0,1,1,0,0,1,0,0.16,0.00,0.16,0.16,0.16,Matches,2024
39,Kaito Chida,jp JPN,DF,Tokyo Verdy,29,1994,27,24,"2,16",24.0,0,0,0,0,0,0,3,0,0.00,0.00,0.00,0.00,0.00,Matches,2024
40,Kei Chinen,jp JPN,MF,Kashima Antlers,28,1995,33,33,"2,875",31.9,3,3,6,3,0,0,6,0,0.09,0.09,0.19,0.09,0.19,Matches,2024
41,Murilo Costa,br BRA,"FW,MF",Kyoto Sanga,29,1994,7,0,77,0.9,0,0,0,0,0,0,0,0,0.00,0.00,0.00,0.00,0.00,Matches,2024
42,Jordy Croux,be BEL,"FW,MF",Cerezo Osaka,30,1994,9,7,555,6.2,0,1,1,0,0,0,0,0,0.00,0.16,0.16,0.00,0.16,Matches,2024
43,Jordy Croux,be BEL,MF,Júbilo Iwata,30,1994,14,9,769,8.5,1,1,2,1,0,0,1,0,0.12,0.12,0.23,0.12,0.23,Matches,2024
44,Danilo,br BRA,MF,Albirex Niigata,24,1999,18,7,765,8.5,0,0,0,0,0,0,1,0,0.00,0.00,0.00,0.00,0.00,Matches,2024
45,Dawhan,br BRA,MF,Gamba Osaka,27,1996,37,30,"2,648",29.4,3,0,3,3,0,0,4,0,0.10,0.00,0.10,0.10,0.10,Matches,2024
46,Thomas Deng,au AUS,DF,Albirex Niigata,26,1997,30,25,"2,285",25.4,0,0,0,0,0,0,3,0,0.00,0.00,0.00,0.00,0.00,Matches,2024
47,Diego,br BRA,DF,Kashiwa Reysol,28,1995,36,34,"3,016",33.5,3,3,6,3,0,0,8,1,0.09,0.09,0.18,0.09,0.18,Matches,2024
48,Akira Disaro,jp JPN,FW,Shonan Bellmare,27,1996,3,0,61,0.7,0,0,0,0,0,0,0,0,0.00,0.00,0.00,0.00,0.00,Matches,2024
49,Kanta Doi,jp JPN,DF,FC Tokyo,19,2004,16,14,"1,231",13.7,0,0,0,0,0,0,1,0,0.00,0.00,0.00,0.00,0.00,Matches,2024
50,Shoma Doi,jp JPN,MF,Kashima Antlers,31,1992,11,3,276,3.1,0,0,0,0,0,0,0,0,0.00,0.00,0.00,0.00,0.00,Matches,2024
51,Ibrahim Drešević,xk KVX,DF,Machida Zelvia,27,1997,31,29,"2,727",30.3,3,1,4,3,0,0,5,0,0.10,0.03,0.13,0.10,0.13,Matches,2024
52,Dudu,br BRA,DF,Yokohama F. Marinos,30,1993,28,24,"2,26",25.1,2,0,2,2,0,0,5,0,0.08,0.00,0.08,0.08,0.08,Matches,2024
53,Mitchell Duke,au AUS,FW,Machida Zelvia,33,1991,33,6,838,9.3,4,0,4,4,0,0,2,0,0.43,0.00,0.43,0.43,0.43,Matches,2024
54,Yusei Egawa,jp JPN,DF,Gamba Osaka,23,2000,3,1,92,1.0,0,0,0,0,0,0,0,0,0.00,0.00,0.00,0.00,0.00,Matches,2024
55,Élber,br BRA,"MF,FW",Yokohama F. Marinos,31,1992,27,23,"1,794",19.9,2,3,5,2,0,0,4,0,0.10,0.15,0.25,0.10,0.25,Matches,2024
56,Rafael Elias,br BRA,FW,Kyoto Sanga,24,1999,15,12,"1,124",12.5,11,1,12,10,1,1,4,0,0.88,0.08,0.96,0.80,0.88,Matches,2024
57,Keita Endo,jp JPN,"FW,MF",FC Tokyo,26,1997,27,16,"1,513",16.8,5,3,8,5,0,0,1,0,0.30,0.18,0.48,0.30,0.48,Matches,2024
58,Ryo Endo,jp JPN,DF,Albirex Niigata,25,1998,7,5,452,5.0,1,0,1,1,0,0,1,0,0.20,0.00,0.20,0.20,0.20,Matches,2024
59,Erison,br BRA,FW,Kawasaki Frontale,24,1999,25,15,"1,169",13.0,7,3,10,5,2,2,5,0,0.54,0.23,0.77,0.38,0.62,Matches,2024
60,Everton,br BRA,MF,FC Tokyo,26,1997,5,2,195,2.2,0,0,0,0,0,0,0,0,0.00,0.00,0.00,0.00,0.00,Matches,2024
61,Ezequiel,br BRA,"FW,MF",Sanfrecce Hiroshima,25,1998,9,0,116,1.3,0,1,1,0,0,0,0,0,0.00,0.78,0.78,0.00,0.78,Matches,2024
62,Welton Felipe,br BRA,MF,Gamba Osaka,26,1997,32,28,"2,377",26.4,4,6,10,4,0,0,6,0,0.15,0.23,0.38,0.15,0.38,Matches,2024
63,Lucas Fernandes,br BRA,"MF,FW",Cerezo Osaka,29,1994,35,34,"2,766",30.7,3,10,13,3,0,0,3,0,0.10,0.33,0.42,0.10,0.42,Matches,2024
64,Michael Fitzgerald,nz NZL,DF,Albirex Niigata,35,1988,32,32,"2,845",31.6,1,4,5,1,0,0,6,0,0.03,0.13,0.16,0.03,0.16,Matches,2024
65,Tomoya Fujii,jp JPN,MF,Kashima Antlers,25,1998,25,6,851,9.5,2,1,3,2,0,0,2,0,0.21,0.11,0.32,0.21,0.32,Matches,2024
66,Kotaro Fujikawa,jp JPN,FW,Júbilo Iwata,25,1998,14,2,352,3.9,0,1,1,0,0,0,2,0,0.00,0.26,0.26,0.00,0.26,Matches,2024
67,Kazuki Fujimoto,jp JPN,MF,Machida Zelvia,25,1998,36,21,"1,833",20.4,3,3,6,3,0,0,2,0,0.15,0.15,0.29,0.15,0.29,Matches,2024
68,Shota Fujio,jp JPN,FW,Machida Zelvia,22,2001,31,22,"2,148",23.9,10,1,11,7,3,4,4,0,0.42,0.04,0.46,0.29,0.34,Matches,2024
69,Naoyuki Fujita,jp JPN,MF,Sagan Tosu,36,1987,12,0,124,1.4,0,0,0,0,0,0,0,0,0.00,0.00,0.00,0.00,0.00,Matches,2024
70,Kensuke Fujiwara,jp JPN,MF,Júbilo Iwata,20,2003,9,4,372,4.1,0,1,1,0,0,0,0,0,0.00,0.24,0.24,0.00,0.24,Matches,2024
71,Soya Fujiwara,jp JPN,DF,Albirex Niigata,28,1995,37,37,"3,322",36.9,5,2,7,5,0,0,3,0,0.14,0.05,0.19,0.14,0.19,Matches,2024
72,Kazuki Fukai,jp JPN,MF,Consa Sapporo,28,1995,3,0,103,1.1,0,0,0,0,0,0,0,0,0.00,0.00,0.00,0.00,0.00,Matches,2024
73,Daiki Fukazawa,jp JPN,DF,Tokyo Verdy,25,1998,13,9,762,8.5,0,0,0,0,0,0,0,0,0.00,0.00,0.00,0.00,0.00,Matches,2024
74,Shinnosuke Fukuda,jp JPN,DF,Kyoto Sanga,23,2000,34,33,"2,842",31.6,2,4,6,2,0,0,5,0,0.06,0.13,0.19,0.06,0.19,Matches,2024
75,Sho Fukuda,jp JPN,FW,Shonan Bellmare,22,2001,34,17,"1,901",21.1,10,4,14,9,1,2,6,1,0.47,0.19,0.66,0.43,0.62,Matches,2024
76,Yuya Fukuda,jp JPN,MF,Gamba Osaka,24,1999,7,1,131,1.5,1,0,1,1,0,0,0,0,0.69,0.00,0.69,0.69,0.69,Matches,2024
77,Koki Fukui,jp JPN,GK,Machida Zelvia,28,1995,2,1,107,1.2,0,0,0,0,0,0,0,0,0.00,0.00,0.00,0.00,0.00,Matches,2024
78,Shimpei Fukuoka,jp JPN,MF,Kyoto Sanga,23,2000,25,16,"1,305",14.5,0,1,1,0,0,0,3,0,0.00,0.07,0.07,0.00,0.07,Matches,2024
79,Shota Fukuoka,jp JPN,DF,Gamba Osaka,28,1995,36,32,"2,902",32.2,2,1,3,2,0,0,0,0,0.06,0.03,0.09,0.06,0.09,Matches,2024
80,Akito Fukuta,jp JPN,MF,Sagan Tosu,31,1992,30,26,"2,107",23.4,3,2,5,3,0,0,2,0,0.13,0.09,0.21,0.13,0.21,Matches,2024
81,Yu Funabashi,jp JPN,MF,Kashima Antlers,21,2002,4,0,48,0.5,0,0,0,0,0,0,0,0,0.00,0.00,0.00,0.00,0.00,Matches,2024
82,Kakeru Funaki,jp JPN,DF,Cerezo Osaka,25,1998,30,30,"2,64",29.3,1,0,1,1,0,0,1,0,0.03,0.00,0.03,0.03,0.03,Matches,2024
83,Yōsuke Furukawa,jp JPN,MF,Júbilo Iwata,20,2003,24,1,744,8.3,2,0,2,2,0,0,1,0,0.24,0.00,0.24,0.24,0.24,Matches,2024
84,Ryo Germain,jp JPN,FW,Júbilo Iwata,28,1995,32,31,"2,811",31.2,19,0,19,15,4,6,6,0,0.61,0.00,0.61,0.48,0.48,Matches,2024
85,Leo Gomes,br BRA,MF,Júbilo Iwata,26,1997,29,24,"2,088",23.2,1,0,1,1,0,0,5,0,0.04,0.00,0.04,0.04,0.04,Matches,2024
86,Bafétimbi Gomis,fr FRA,FW,Kawasaki Frontale,38,1985,9,6,427,4.7,3,0,3,2,1,1,0,0,0.63,0.00,0.63,0.42,0.42,Matches,2024
87,Douglas Grolli,br BRA,DF,Avispa Fukuoka,34,1989,23,23,"1,982",22.0,0,2,2,0,0,0,8,0,0.00,0.09,0.09,0.00,0.09,Matches,2024
88,Jay-Roy Grot,sr SUR,FW,Kashiwa Reysol,25,1998,4,0,50,0.6,0,0,0,0,0,0,1,0,0.00,0.00,0.00,0.00,0.00,Matches,2024
89,Kim Gun-hee,kr KOR,FW,Consa Sapporo,28,1995,9,2,308,3.4,0,0,0,0,0,0,1,0,0.00,0.00,0.00,0.00,0.00,Matches,2024
90,Samuel Gustafson,se SWE,MF,Urawa Reds,29,1995,28,23,"2,038",22.6,2,3,5,2,0,0,1,0,0.09,0.13,0.22,0.09,0.22,Matches,2024
91,Yutaro Hakamata,jp JPN,DF,Tokyo Verdy,27,1996,6,3,286,3.2,0,1,1,0,0,0,0,0,0.00,0.31,0.31,0.00,0.31,Matches,2024
92,Riku Handa,jp JPN,DF,Gamba Osaka,22,2002,24,21,"1,887",21.0,1,1,2,1,0,0,4,1,0.05,0.05,0.10,0.05,0.10,Matches,2024
93,Kosuke Hara,jp JPN,MF,Consa Sapporo,18,2005,12,1,267,3.0,2,0,2,2,0,0,0,0,0.67,0.00,0.67,0.67,0.67,Matches,2024
94,Taichi Hara,jp JPN,FW,Kyoto Sanga,24,1999,37,36,"3,205",35.6,8,2,10,8,0,0,3,0,0.22,0.06,0.28,0.22,0.28,Matches,2024
95,Wataru Harada,jp JPN,DF,Sagan Tosu,27,1996,32,32,"2,758",30.6,3,2,5,3,0,0,10,1,0.10,0.07,0.16,0.10,0.16,Matches,2024
96,Genki Haraguchi,jp JPN,MF,Urawa Reds,32,1991,10,5,461,5.1,1,0,1,1,0,0,1,0,0.20,0.00,0.20,0.20,0.20,Matches,2024
97,Riki Harakawa,jp JPN,MF,FC Tokyo,30,1993,25,5,671,7.5,1,1,2,1,0,0,1,0,0.13,0.13,0.27,0.13,0.27,Matches,2024
98,Motoki Hasegawa,jp JPN,MF,Albirex Niigata,25,1998,33,18,"1,672",18.6,1,1,2,1,0,0,1,0,0.05,0.05,0.11,0.05,0.11,Matches,2024
99,Takumi Hasegawa,jp JPN,"MF,DF",Albirex Niigata,25,1998,6,2,159,1.8,0,0,0,0,0,0,0,0,0.00,0.00,0.00,0.00,0.00,Matches,2024
100,Tatsuya Hasegawa,jp JPN,"MF,FW",Consa Sapporo,29,1994,22,4,639,7.1,0,1,1,0,0,0,1,0,0.00,0.14,0.14,0.00,0.14,Matches,2024
101,Kento Hashimoto,jp JPN,DF,Albirex Niigata,24,1999,9,7,609,6.8,0,2,2,0,0,0,1,0,0.00,0.30,0.30,0.00,0.30,Matches,2024
102,Taiga Hata,jp JPN,"MF,DF",Shonan Bellmare,22,2002,30,20,"1,992",22.1,4,5,9,4,0,0,1,0,0.18,0.23,0.41,0.18,0.41,Matches,2024
103,Shinnosuke Hatanaka,jp JPN,DF,Yokohama F. Marinos,28,1995,15,14,"1,272",14.1,1,0,1,1,0,0,0,0,0.07,0.00,0.07,0.07,0.07,Matches,2024
104,Go Hatano,jp JPN,GK,FC Tokyo,25,1998,13,12,"1,04",11.6,0,0,0,0,0,0,0,2,0.00,0.00,0.00,0.00,0.00,Matches,2024
105,Ryo Hatsuse,jp JPN,DF,Vissel Kobe,26,1997,35,25,"2,312",25.7,0,7,7,0,0,0,0,0,0.00,0.27,0.27,0.00,0.27,Matches,2024
106,Fumiya Hayakawa,jp JPN,DF,Albirex Niigata,30,1994,16,12,"1,014",11.3,2,0,2,2,0,0,1,1,0.18,0.00,0.18,0.18,0.18,Matches,2024
107,Tomoki Hayakawa,jp JPN,GK,Kashima Antlers,24,1999,38,38,"3,42",38.0,0,0,0,0,0,0,1,0,0.00,0.00,0.00,0.00,0.00,Matches,2024
108,Yūki Hayasaka,jp JPN,GK,Kawasaki Frontale,24,1999,1,1,90,1.0,0,0,0,0,0,0,0,0,0.00,0.00,0.00,0.00,0.00,Matches,2024
109,Daichi Hayashi,jp JPN,FW,Gamba Osaka,26,1997,1,0,6,0.1,0,0,0,0,0,0,0,0,0.00,0.00,0.00,0.00,0.00,Matches,2024
110,Kotaro Hayashi,jp JPN,"DF,MF",Machida Zelvia,23,2000,34,33,"2,853",31.7,0,1,1,0,0,0,3,0,0.00,0.03,0.03,0.00,0.03,Matches,2024
111,Naoki Hayashi,jp JPN,DF,Tokyo Verdy,25,1998,29,26,"2,31",25.7,0,0,0,0,0,0,1,0,0.00,0.00,0.00,0.00,0.00,Matches,2024
112,Cesar Haydar,co COL,DF,Kawasaki Frontale,22,2001,2,2,180,2.0,0,0,0,0,0,0,0,0,0.00,0.00,0.00,0.00,0.00,Matches,2024
113,Osamu Henry Iyoha,jp JPN,DF,Sanfrecce Hiroshima,25,1998,3,1,92,1.0,0,0,0,0,0,0,0,0,0.00,0.00,0.00,0.00,0.00,Matches,2024
114,Keigo Higashi,jp JPN,MF,FC Tokyo,33,1990,14,9,705,7.8,1,1,2,1,0,0,1,0,0.13,0.13,0.26,0.13,0.26,Matches,2024
115,Shunki Higashi,jp JPN,MF,Sanfrecce Hiroshima,23,2000,38,37,"3,196",35.5,2,8,10,2,0,0,1,0,0.06,0.23,0.28,0.06,0.28,Matches,2024
116,Yuta Higuchi,jp JPN,MF,Kashima Antlers,27,1996,36,18,"1,553",17.3,4,3,7,4,0,0,1,0,0.23,0.17,0.41,0.23,0.41,Matches,2024
117,Hassan Hilu,il ISR,DF,Júbilo Iwata,24,1999,9,9,783,8.7,0,0,0,0,0,0,6,0,0.00,0.00,0.00,0.00,0.00,Matches,2024
118,Shota Hino,jp JPN,"FW,MF",Sagan Tosu,21,2002,14,8,622,6.9,0,0,0,0,0,0,0,0,0.00,0.00,0.00,0.00,0.00,Matches,2024
119,Sora Hiraga,jp JPN,"FW,MF",Kyoto Sanga,18,2005,24,5,523,5.8,1,1,2,1,0,0,0,0,0.17,0.17,0.34,0.17,0.34,Matches,2024
120,Rei Hirakawa,jp JPN,MF,Júbilo Iwata,23,2000,26,22,"1,55",17.2,0,2,2,0,0,0,0,0,0.00,0.12,0.12,0.00,0.12,Matches,2024
121,Yu Hirakawa,jp JPN,MF,Machida Zelvia,23,2001,18,17,"1,562",17.4,2,6,8,2,0,0,0,0,0.12,0.35,0.46,0.12,0.46,Matches,2024
122,Yuichi Hirano,jp JPN,MF,Cerezo Osaka,27,1996,10,1,184,2.0,0,0,0,0,0,0,0,1,0.00,0.00,0.00,0.00,0.00,Matches,2024
123,Taiyo Hiraoka,jp JPN,MF,Shonan Bellmare,21,2002,26,23,"1,724",19.2,1,2,3,1,0,0,1,0,0.05,0.10,0.16,0.05,0.16,Matches,2024
124,Taiki Hirato,jp JPN,MF,Kyoto Sanga,26,1997,26,22,"1,91",21.2,2,6,8,2,0,0,2,0,0.09,0.28,0.38,0.09,0.38,Matches,2024
125,Yuto Hiratsuka,jp JPN,MF,Avispa Fukuoka,27,1996,6,0,106,1.2,0,0,0,0,0,0,0,0,0.00,0.00,0.00,0.00,0.00,Matches,2024
126,Rikuto Hirose,jp JPN,"FW,DF",Vissel Kobe,28,1995,27,17,"1,255",13.9,2,4,6,2,0,0,1,0,0.14,0.29,0.43,0.14,0.43,Matches,2024
127,Shion Homma,jp JPN,MF,Urawa Reds,23,2000,3,0,61,0.7,0,0,0,0,0,0,0,0,0.00,0.00,0.00,0.00,0.00,Matches,2024
128,Yuki Honda,jp JPN,DF,Vissel Kobe,33,1991,25,15,"1,339",14.9,1,0,1,1,0,0,1,0,0.07,0.00,0.07,0.07,0.07,Matches,2024
129,Yuki Horigome,jp JPN,"MF,FW",Sagan Tosu,31,1992,24,14,"1,147",12.7,0,1,1,0,0,0,2,0,0.00,0.08,0.08,0.00,0.08,Matches,2024
130,Yuto Horigome,jp JPN,DF,Albirex Niigata,29,1994,20,16,"1,391",15.5,0,2,2,0,0,0,1,0,0.00,0.13,0.13,0.00,0.13,Matches,2024
131,Yota Horiuchi,jp JPN,MF,Urawa Reds,19,2004,3,0,38,0.4,0,0,0,0,0,0,0,0,0.00,0.00,0.00,0.00,0.00,Matches,2024
132,Yuji Hoshi,jp JPN,"MF,DF",Albirex Niigata,31,1992,11,7,717,8.0,0,1,1,0,0,0,1,0,0.00,0.13,0.13,0.00,0.13,Matches,2024
133,Mao Hosoya,jp JPN,FW,Kashiwa Reysol,22,2001,32,30,"2,533",28.1,6,5,11,6,0,1,4,0,0.21,0.18,0.39,0.21,0.39,Matches,2024
134,Justin Hubner,id IDN,DF,Cerezo Osaka,20,2003,6,1,84,0.9,0,0,0,0,0,0,0,0,0.00,0.00,0.00,0.00,0.00,Matches,2024
135,Marius Høibråten,no NOR,DF,Urawa Reds,29,1995,36,36,"3,234",35.9,1,0,1,1,0,0,4,0,0.03,0.00,0.03,0.03,0.03,Matches,2024
136,Kazunari Ichimi,jp JPN,FW,Kyoto Sanga,26,1997,12,4,482,5.4,0,0,0,0,0,0,1,0,0.00,0.00,0.00,0.00,0.00,Matches,2024
137,Jun Ichimori,jp JPN,GK,Gamba Osaka,32,1991,38,38,"3,42",38.0,0,0,0,0,0,0,1,0,0.00,0.00,0.00,0.00,0.00,Matches,2024
138,Haruya Ide,jp JPN,MF,Vissel Kobe,29,1994,21,16,"1,074",11.9,1,0,1,1,0,0,2,0,0.08,0.00,0.08,0.08,0.08,Matches,2024
139,Yosuke Ideguchi,jp JPN,MF,Vissel Kobe,27,1996,28,20,"1,82",20.2,0,1,1,0,0,0,3,0,0.00,0.05,0.05,0.00,0.05,Matches,2024
140,Rei Ieizumi,jp JPN,DF,Consa Sapporo,24,2000,12,5,487,5.4,0,0,0,0,0,0,0,0,0.00,0.00,0.00,0.00,0.00,Matches,2024
141,Akihiro Ienaga,jp JPN,"MF,FW",Kawasaki Frontale,37,1986,36,28,"2,5",27.8,7,5,12,7,0,0,2,0,0.25,0.18,0.43,0.25,0.43,Matches,2024
142,Hiroki Iikura,jp JPN,GK,Yokohama F. Marinos,37,1986,12,11,"1,022",11.4,0,0,0,0,0,0,0,0,0.00,0.00,0.00,0.00,0.00,Matches,2024
143,Nanasei Iino,jp JPN,"MF,FW",Vissel Kobe,27,1996,14,2,308,3.4,0,1,1,0,0,0,2,1,0.00,0.29,0.29,0.00,0.29,Matches,2024
144,Jurato Ikeda,jp JPN,DF,Avispa Fukuoka,27,1996,1,1,12,0.1,0,0,0,0,0,0,0,0,0.00,0.00,0.00,0.00,0.00,Matches,2024
145,Masaki Ikeda,jp JPN,MF,Shonan Bellmare,24,1999,32,31,"2,186",24.3,4,3,7,4,0,0,2,0,0.16,0.12,0.29,0.16,0.29,Matches,2024
146,Yuta Imazu,jp JPN,DF,Sagan Tosu,28,1995,6,5,425,4.7,0,0,0,0,0,0,0,0,0.00,0.00,0.00,0.00,0.00,Matches,2024
147,Sho Inagaki,jp JPN,MF,Grampus,32,1991,36,35,"3,07",34.1,6,2,8,5,1,1,1,0,0.18,0.06,0.23,0.15,0.21,Matches,2024
148,Tetsuyuki Inami,jp JPN,"MF,DF",Tokyo Verdy,24,1999,23,15,"1,31",14.6,0,0,0,0,0,0,3,1,0.00,0.00,0.00,0.00,0.00,Matches,2024
149,Hayato Inamura,jp JPN,DF,Albirex Niigata,21,2002,12,5,579,6.4,0,1,1,0,0,0,2,0,0.00,0.16,0.16,0.00,0.16,Matches,2024
150,Alen Inoue,jp JPN,FW,Sanfrecce Hiroshima,17,2006,4,0,43,0.5,0,1,1,0,0,0,0,0,0.00,02.09,02.09,0.00,02.09,Matches,2024
151,Kenta Inoue,jp JPN,"FW,MF",Yokohama F. Marinos,25,1998,26,11,963,10.7,1,2,3,1,0,0,0,0,0.09,0.19,0.28,0.09,0.28,Matches,2024
152,Rikito Inoue,jp JPN,DF,Urawa Reds,26,1997,16,15,"1,345",14.9,0,0,0,0,0,0,1,0,0.00,0.00,0.00,0.00,0.00,Matches,2024
153,Seiya Inoue,jp JPN,DF,Avispa Fukuoka,24,1999,25,15,"1,483",16.5,0,1,1,0,0,0,3,0,0.00,0.06,0.06,0.00,0.06,Matches,2024
154,Shion Inoue,jp JPN,DF,Grampus,23,2000,2,1,88,1.0,0,0,0,0,0,0,0,0,0.00,0.00,0.00,0.00,0.00,Matches,2024
155,Taisei Inoue,jp JPN,DF,Sagan Tosu,21,2002,1,1,24,0.3,0,0,0,0,0,0,0,0,0.00,0.00,0.00,0.00,0.00,Matches,2024
156,Tomoya Inukai,jp JPN,DF,Kashiwa Reysol,30,1993,25,25,"2,188",24.3,1,1,2,1,0,0,4,0,0.04,0.04,0.08,0.04,0.08,Matches,2024
157,Park Iru-gyu,jp JPN,GK,Sagan Tosu,34,1989,38,38,"3,396",37.7,0,0,0,0,0,0,0,0,0.00,0.00,0.00,0.00,0.00,Matches,2024
158,Masatoshi Ishida,jp JPN,MF,Júbilo Iwata,28,1995,3,1,84,0.9,0,0,0,0,0,0,0,0,0.00,0.00,0.00,0.00,0.00,Matches,2024
159,Hideki Ishige,jp JPN,MF,Gamba Osaka,29,1994,4,0,44,0.5,0,0,0,0,0,0,0,0,0.00,0.00,0.00,0.00,0.00,Matches,2024
160,Hirokazu Ishihara,jp JPN,DF,Urawa Reds,24,1999,30,27,"2,357",26.2,1,1,2,1,0,0,6,0,0.04,0.04,0.08,0.04,0.08,Matches,2024
161,Hisatsugu Ishii,jp JPN,FW,Shonan Bellmare,18,2005,14,1,286,3.2,1,1,2,1,0,0,0,0,0.31,0.31,0.63,0.31,0.63,Matches,2024
162,Aozora Ishiyama,jp JPN,MF,Albirex Niigata,18,2006,2,0,23,0.3,0,0,0,0,0,0,0,0,0.00,0.00,0.00,0.00,0.00,Matches,2024
163,Atsuki Ito,jp JPN,MF,Urawa Reds,25,1998,24,24,"2,012",22.4,5,4,9,4,1,1,1,0,0.22,0.18,0.40,0.18,0.36,Matches,2024
164,Makito Ito,jp JPN,DF,Júbilo Iwata,31,1992,16,13,"1,185",13.2,0,0,0,0,0,0,1,0,0.00,0.00,0.00,0.00,0.00,Matches,2024
165,Takuya Iwanami,jp JPN,DF,Vissel Kobe,29,1994,2,1,91,1.0,0,0,0,0,0,0,0,0,0.00,0.00,0.00,0.00,0.00,Matches,2024
166,Ken Iwao,jp JPN,MF,Urawa Reds,35,1988,12,7,634,7.0,0,2,2,0,0,0,0,0,0.00,0.28,0.28,0.00,0.28,Matches,2024
167,Yuto Iwasaki,jp JPN,MF,Avispa Fukuoka,25,1998,38,31,"2,887",32.1,1,1,2,1,0,0,1,0,0.03,0.03,0.06,0.03,0.06,Matches,2024
168,Ryuji Izumi,jp JPN,MF,Grampus,30,1993,30,24,"1,985",22.1,3,2,5,3,0,0,5,0,0.14,0.09,0.23,0.14,0.23,Matches,2024
169,Jajá,br BRA,"FW,MF",FC Tokyo,25,1998,17,0,280,3.1,0,1,1,0,0,0,2,0,0.00,0.32,0.32,0.00,0.32,Matches,2024
170,Jajá,br BRA,"FW,MF",Sagan Tosu,25,1998,7,0,126,1.4,0,0,0,0,0,0,0,0,0.00,0.00,0.00,0.00,0.00,Matches,2024
171,Issam Jebali,tn TUN,FW,Gamba Osaka,32,1991,18,3,381,4.2,2,2,4,2,0,0,0,0,0.47,0.47,0.94,0.47,0.94,Matches,2024
172,Jesiel,br BRA,DF,Kawasaki Frontale,29,1994,18,11,956,10.6,0,0,0,0,0,0,1,0,0.00,0.00,0.00,0.00,0.00,Matches,2024
173,Kim Jin-hyeon,kr KOR,GK,Cerezo Osaka,36,1987,38,38,"3,42",38.0,0,0,0,0,0,0,0,0,0.00,0.00,0.00,0.00,0.00,Matches,2024
174,Hisashi Jogo,jp JPN,MF,Avispa Fukuoka,37,1986,1,0,6,0.1,0,0,0,0,0,0,0,0,0.00,0.00,0.00,0.00,0.00,Matches,2024
175,Bruno José,br BRA,MF,Júbilo Iwata,25,1998,21,4,543,6.0,0,0,0,0,0,0,0,0,0.00,0.00,0.00,0.00,0.00,Matches,2024
176,Marcos Júnior,br BRA,"MF,FW",Sanfrecce Hiroshima,31,1993,12,3,401,4.5,2,1,3,2,0,0,1,0,0.45,0.22,0.67,0.45,0.67,Matches,2024
177,Kasper Junker,dk DEN,FW,Grampus,29,1994,19,7,761,8.5,4,1,5,3,1,1,1,0,0.47,0.12,0.59,0.35,0.47,Matches,2024
178,Ryonosuke Kabayama,jp JPN,MF,Sagan Tosu,21,2002,3,1,64,0.7,0,0,0,0,0,0,0,0,0.00,0.00,0.00,0.00,0.00,Matches,2024
179,Shinji Kagawa,jp JPN,MF,Cerezo Osaka,34,1989,10,7,571,6.3,1,0,1,1,0,0,3,0,0.16,0.00,0.16,0.16,0.16,Matches,2024
180,Yuki Kakita,jp JPN,FW,Kashiwa Reysol,26,1997,13,3,351,3.9,1,0,1,1,0,0,1,0,0.26,0.00,0.26,0.26,0.26,Matches,2024
181,Yuki Kakita,jp JPN,FW,Kashima Antlers,26,1997,4,0,41,0.5,0,0,0,0,0,0,0,0,0.00,0.00,0.00,0.00,0.00,Matches,2024
182,Masashi Kamekawa,jp JPN,"DF,MF",Avispa Fukuoka,30,1993,26,10,"1,033",11.5,1,1,2,1,0,0,1,0,0.09,0.09,0.17,0.09,0.17,Matches,2024
183,Naoto Kamifukumoto,jp JPN,GK,Shonan Bellmare,34,1989,11,11,990,11.0,0,1,1,0,0,0,0,0,0.00,0.09,0.09,0.00,0.09,Matches,2024
184,Naoto Kamifukumoto,jp JPN,GK,Kawasaki Frontale,34,1989,8,8,720,8.0,0,0,0,0,0,0,0,0,0.00,0.00,0.00,0.00,0.00,Matches,2024
185,Takumi Kamijima,jp JPN,DF,Yokohama F. Marinos,26,1997,26,26,"2,295",25.5,0,0,0,0,0,0,3,0,0.00,0.00,0.00,0.00,0.00,Matches,2024
186,Takeshi Kanamori,jp JPN,MF,Avispa Fukuoka,29,1994,27,10,870,9.7,1,0,1,1,0,0,2,0,0.10,0.00,0.10,0.10,0.10,Matches,2024
187,Soma Kanda,jp JPN,FW,Kawasaki Frontale,18,2005,1,0,1,0.0,0,0,0,0,0,0,0,0,0.00,0.00,0.00,0.00,0.00,Matches,2024
188,Daiki Kaneko,jp JPN,MF,Kyoto Sanga,25,1998,26,19,"1,743",19.4,0,0,0,0,0,0,4,0,0.00,0.00,0.00,0.00,0.00,Matches,2024
189,Shota Kaneko,jp JPN,MF,Júbilo Iwata,28,1995,14,7,608,6.8,1,1,2,1,0,0,0,0,0.15,0.15,0.30,0.15,0.30,Matches,2024
190,Naoki Kanuma,jp JPN,"MF,DF",Júbilo Iwata,26,1997,5,4,352,3.9,0,0,0,0,0,0,3,0,0.00,0.00,0.00,0.00,0.00,Matches,2024
191,Yoshifumi Kashiwa,jp JPN,MF,Sanfrecce Hiroshima,36,1987,6,0,52,0.6,0,1,1,0,0,0,0,0,0.00,1.73,1.73,0.00,1.73,Matches,2024
192,Eiichi Katayama,jp JPN,DF,Kashiwa Reysol,32,1991,11,3,387,4.3,0,1,1,0,0,0,0,0,0.00,0.23,0.23,0.00,0.23,Matches,2024
193,Hijiri Kato,jp JPN,DF,Yokohama F. Marinos,22,2001,13,8,747,8.3,1,0,1,1,0,0,3,0,0.12,0.00,0.12,0.12,0.12,Matches,2024
194,Ren Kato,jp JPN,DF,Yokohama F. Marinos,24,1999,27,14,"1,364",15.2,1,1,2,1,0,0,3,0,0.07,0.07,0.13,0.07,0.13,Matches,2024
195,Hayao Kawabe,jp JPN,MF,Sanfrecce Hiroshima,28,1995,13,13,997,11.1,0,2,2,0,0,0,3,0,0.00,0.18,0.18,0.00,0.18,Matches,2024
196,Naoki Kawaguchi,jp JPN,DF,Kashiwa Reysol,29,1994,12,4,490,5.4,0,0,0,0,0,0,1,0,0.00,0.00,0.00,0.00,0.00,Matches,2024
197,So Kawahara,jp JPN,MF,Sagan Tosu,25,1998,26,23,"2,109",23.4,1,4,5,1,0,0,1,0,0.04,0.17,0.21,0.04,0.21,Matches,2024
198,So Kawahara,jp JPN,MF,Kawasaki Frontale,25,1998,9,5,531,5.9,0,0,0,0,0,0,0,0,0.00,0.00,0.00,0.00,0.00,Matches,2024
199,Keito Kawamura,jp JPN,FW,Tokyo Verdy,24,1999,2,0,37,0.4,0,0,0,0,0,0,0,0,0.00,0.00,0.00,0.00,0.00,Matches,2024
200,Takumu Kawamura,jp JPN,MF,Sanfrecce Hiroshima,24,1999,14,14,"1,175",13.1,2,0,2,2,0,0,2,0,0.15,0.00,0.15,0.15,0.15,Matches,2024
201,Ikki Kawasaki,jp JPN,MF,Júbilo Iwata,26,1997,1,0,13,0.1,0,0,0,0,0,0,0,0,0.00,0.00,0.00,0.00,0.00,Matches,2024
202,Sota Kawasaki,jp JPN,MF,Kyoto Sanga,22,2001,30,28,"2,537",28.2,3,1,4,3,0,0,4,0,0.11,0.04,0.14,0.11,0.14,Matches,2024
203,Eiji Kawashima,jp JPN,GK,Júbilo Iwata,40,1983,32,32,"2,843",31.6,0,0,0,0,0,0,0,0,0.00,0.00,0.00,0.00,0.00,Matches,2024
204,Atsushi Kawata,jp JPN,MF,Sagan Tosu,31,1992,4,0,63,0.7,1,0,1,1,0,0,0,0,1.43,0.00,1.43,1.43,1.43,Matches,2024
205,Akinari Kawazura,jp JPN,DF,Grampus,29,1994,25,23,"2,147",23.9,0,2,2,0,0,0,1,0,0.00,0.08,0.08,0.00,0.08,Matches,2024
206,Hinata Kida,jp JPN,MF,Cerezo Osaka,23,2000,9,7,565,6.3,0,0,0,0,0,0,0,0,0.00,0.00,0.00,0.00,0.00,Matches,2024
207,Takuya Kida,jp JPN,MF,Yokohama F. Marinos,29,1994,25,25,"2,084",23.2,0,1,1,0,0,0,4,0,0.00,0.04,0.04,0.00,0.04,Matches,2024
208,Ryuho Kikuchi,jp JPN,DF,Vissel Kobe,27,1996,20,4,485,5.4,2,0,2,2,0,0,0,0,0.37,0.00,0.37,0.37,0.37,Matches,2024
209,Taichi Kikuchi,jp JPN,MF,Grampus,24,1999,12,4,531,5.9,1,3,4,1,0,0,0,0,0.17,0.51,0.68,0.17,0.68,Matches,2024
210,Taichi Kikuchi,jp JPN,MF,Sagan Tosu,24,1999,21,16,"1,227",13.6,0,4,4,0,0,0,1,0,0.00,0.29,0.29,0.00,0.29,Matches,2024
211,Yasuki Kimoto,jp JPN,DF,FC Tokyo,30,1993,18,15,"1,353",15.0,1,0,1,1,0,0,5,1,0.07,0.00,0.07,0.07,0.07,Matches,2024
212,Seiji Kimura,jp JPN,DF,Sagan Tosu,22,2001,26,22,"2,018",22.4,1,1,2,1,0,0,2,0,0.04,0.04,0.09,0.04,0.09,Matches,2024
213,Yūdai Kimura,jp JPN,FW,Tokyo Verdy,22,2001,36,33,"2,75",30.6,10,2,12,8,2,2,2,0,0.33,0.07,0.39,0.26,0.33,Matches,2024
214,Kosuke Kinoshita,jp JPN,FW,Kashiwa Reysol,29,1994,38,15,"1,852",20.6,9,0,9,9,0,0,4,0,0.44,0.00,0.44,0.44,0.44,Matches,2024
215,Takeru Kishimoto,jp JPN,"MF,DF",Gamba Osaka,26,1997,26,11,978,10.9,1,1,2,1,0,0,2,0,0.09,0.09,0.18,0.09,0.18,Matches,2024
216,Fumiya Kitajima,jp JPN,DF,Sagan Tosu,18,2005,4,0,93,1.0,0,0,0,0,0,0,0,0,0.00,0.00,0.00,0.00,0.00,Matches,2024
217,Yuji Kitajima,jp JPN,MF,Avispa Fukuoka,23,2000,18,5,408,4.5,0,1,1,0,0,0,3,0,0.00,0.22,0.22,0.00,0.22,Matches,2024
218,Sota Kitano,jp JPN,MF,Cerezo Osaka,19,2004,18,9,808,9.0,2,0,2,2,0,0,0,0,0.22,0.00,0.22,0.22,0.22,Matches,2024
219,Hiroshi Kiyotake,jp JPN,MF,Sagan Tosu,34,1989,10,1,231,2.6,1,1,2,0,1,1,0,0,0.39,0.39,0.78,0.00,0.39,Matches,2024
220,Hiroshi Kiyotake,jp JPN,"FW,MF",Cerezo Osaka,34,1989,6,0,82,0.9,0,0,0,0,0,0,0,0,0.00,0.00,0.00,0.00,0.00,Matches,2024
221,Takahiro Ko,jp JPN,MF,FC Tokyo,25,1998,35,33,"2,872",31.9,3,2,5,3,0,0,2,0,0.09,0.06,0.16,0.09,0.16,Matches,2024
222,Yu Kobayashi,jp JPN,FW,Kawasaki Frontale,36,1987,27,3,671,7.5,4,1,5,4,0,0,0,0,0.54,0.13,0.67,0.54,0.67,Matches,2024
223,Yuki Kobayashi,jp JPN,"MF,FW",Consa Sapporo,31,1992,19,10,856,9.5,0,0,0,0,0,0,4,0,0.00,0.00,0.00,0.00,0.00,Matches,2024
224,Jun Kodama,jp JPN,GK,Consa Sapporo,26,1997,2,1,93,1.0,0,0,0,0,0,0,0,0,0.00,0.00,0.00,0.00,0.00,Matches,2024
225,Tsuyoshi Kodama,jp JPN,GK,FC Tokyo,36,1987,1,0,46,0.5,0,0,0,0,0,0,0,0,0.00,0.00,0.00,0.00,0.00,Matches,2024
226,Taiyo Koga,jp JPN,DF,Kashiwa Reysol,25,1998,37,37,"3,322",36.9,1,0,1,1,0,0,2,1,0.03,0.00,0.03,0.03,0.03,Matches,2024
227,Ryuta Koike,jp JPN,"MF,DF",Yokohama F. Marinos,28,1995,7,4,398,4.4,0,1,1,0,0,0,0,0,0.00,0.23,0.23,0.00,0.23,Matches,2024
228,Yuta Koike,jp JPN,FW,Yokohama F. Marinos,27,1996,1,1,56,0.6,0,0,0,0,0,0,0,0,0.00,0.00,0.00,0.00,0.00,Matches,2024
229,Kei Koizumi,jp JPN,MF,FC Tokyo,28,1995,34,28,"2,516",28.0,1,3,4,1,0,0,5,0,0.04,0.11,0.14,0.04,0.14,Matches,2024
230,Yoshio Koizumi,jp JPN,"MF,FW",Urawa Reds,27,1996,20,8,715,7.9,0,2,2,0,0,0,2,0,0.00,0.25,0.25,0.00,0.25,Matches,2024
231,Ryosuke Kojima,jp JPN,GK,Albirex Niigata,27,1997,33,33,"2,97",33.0,0,0,0,0,0,0,1,0,0.00,0.00,0.00,0.00,0.00,Matches,2024
232,Yoshiaki Komai,jp JPN,"MF,FW",Consa Sapporo,31,1992,36,36,"3,176",35.3,6,1,7,6,0,0,4,0,0.17,0.03,0.20,0.17,0.20,Matches,2024
233,Yota Komi,jp JPN,MF,Albirex Niigata,21,2002,29,21,"1,846",20.5,2,4,6,2,0,0,1,0,0.10,0.20,0.29,0.10,0.29,Matches,2024
234,Tomoki Kondo,jp JPN,MF,Consa Sapporo,22,2001,29,27,"2,204",24.5,5,3,8,5,0,0,3,0,0.20,0.12,0.33,0.20,0.33,Matches,2024
235,Kazuya Konno,jp JPN,MF,Avispa Fukuoka,26,1997,37,32,"2,683",29.8,6,2,8,5,1,1,5,0,0.20,0.07,0.27,0.17,0.23,Matches,2024
236,Shinzo Koroki,jp JPN,FW,Urawa Reds,37,1986,17,3,295,3.3,1,0,1,1,0,0,1,0,0.31,0.00,0.31,0.31,0.31,Matches,2024
237,Sota Koshimichi,jp JPN,MF,Sanfrecce Hiroshima,19,2004,19,5,604,6.7,1,0,1,1,0,0,0,0,0.15,0.00,0.15,0.15,0.15,Matches,2024
238,Tomoya Koyamatsu,jp JPN,"FW,MF",Kashiwa Reysol,28,1995,33,27,"1,765",19.6,0,1,1,0,0,0,0,0,0.00,0.05,0.05,0.00,0.05,Matches,2024
239,Tojiro Kubo,jp JPN,"MF,DF",Grampus,24,1999,13,6,521,5.8,1,0,1,1,0,0,2,0,0.17,0.00,0.17,0.17,0.17,Matches,2024
240,Tojiro Kubo,jp JPN,MF,Sagan Tosu,24,1999,7,4,459,5.1,2,0,2,2,0,0,0,0,0.39,0.00,0.39,0.39,0.39,Matches,2024
241,Koki Kumasaka,jp JPN,MF,Kashiwa Reysol,22,2001,10,1,205,2.3,0,0,0,0,0,0,0,0,0.00,0.00,0.00,0.00,0.00,Matches,2024
242,Kazuki Kumasawa,jp JPN,FW,Kashiwa Reysol,23,2001,18,1,272,3.0,0,0,0,0,0,0,1,0,0.00,0.00,0.00,0.00,0.00,Matches,2024
243,Shu Kurata,jp JPN,MF,Gamba Osaka,35,1988,25,7,784,8.7,1,1,2,1,0,0,1,0,0.11,0.11,0.23,0.11,0.23,Matches,2024
244,Keisuke Kurokawa,jp JPN,DF,Gamba Osaka,26,1997,38,37,"3,315",36.8,0,3,3,0,0,0,1,0,0.00,0.08,0.08,0.00,0.08,Matches,2024
245,Shintaro Kurumaya,jp JPN,DF,Kawasaki Frontale,31,1992,3,1,111,1.2,0,0,0,0,0,0,0,0,0.00,0.00,0.00,0.00,0.00,Matches,2024
246,Yuya Kuwasaki,jp JPN,"MF,DF",Vissel Kobe,25,1998,12,3,358,4.0,0,0,0,0,0,0,0,0,0.00,0.00,0.00,0.00,0.00,Matches,2024
247,Kanji Kuwayama,jp JPN,FW,Machida Zelvia,21,2002,3,0,64,0.7,0,0,0,0,0,0,0,0,0.00,0.00,0.00,0.00,0.00,Matches,2024
248,Mitchell Langerak,au AUS,GK,Grampus,35,1988,35,35,"3,15",35.0,0,0,0,0,0,0,1,0,0.00,0.00,0.00,0.00,0.00,Matches,2024
249,Neta Lavi,il ISR,MF,Gamba Osaka,27,1996,21,8,782,8.7,0,0,0,0,0,0,2,0,0.00,0.00,0.00,0.00,0.00,Matches,2024
250,Leonardo,br BRA,FW,Cerezo Osaka,28,1995,38,36,"3,211",35.7,21,1,22,16,5,7,3,0,0.59,0.03,0.62,0.45,0.48,Matches,2024
251,Erik Lima,br BRA,"FW,MF",Machida Zelvia,29,1994,26,10,891,9.9,3,1,4,3,0,0,3,0,0.30,0.10,0.40,0.30,0.40,Matches,2024
252,Bryan Linssen,nl NED,FW,Urawa Reds,33,1990,17,11,836,9.3,2,0,2,2,0,0,2,0,0.22,0.00,0.22,0.22,0.22,Matches,2024
253,Anderson Lopes,br BRA,FW,Yokohama F. Marinos,30,1993,37,35,"3,15",35.0,24,3,27,18,6,6,7,0,0.69,0.09,0.77,0.51,0.60,Matches,2024
254,Hiroyuki Mae,jp JPN,MF,Avispa Fukuoka,28,1995,37,34,"2,999",33.3,1,2,3,1,0,0,7,0,0.03,0.06,0.09,0.03,0.09,Matches,2024
255,Naoki Maeda,jp JPN,"FW,MF",Urawa Reds,29,1994,24,17,"1,338",14.9,2,2,4,2,0,0,0,0,0.13,0.13,0.27,0.13,0.27,Matches,2024
256,Yota Maejima,jp JPN,MF,Avispa Fukuoka,26,1997,22,20,"1,82",20.2,0,0,0,0,0,0,2,0,0.00,0.00,0.00,0.00,0.00,Matches,2024
257,Daiya Maekawa,jp JPN,GK,Vissel Kobe,29,1994,37,37,"3,314",36.8,0,0,0,0,0,0,2,1,0.00,0.00,0.00,0.00,0.00,Matches,2024
258,Seiya Maikuma,jp JPN,DF,Cerezo Osaka,26,1997,15,14,"1,22",13.6,0,1,1,0,0,0,0,0,0.00,0.07,0.07,0.00,0.07,Matches,2024
259,Marcinho,br BRA,"MF,FW",Kawasaki Frontale,28,1995,36,32,"2,335",25.9,9,2,11,9,0,0,5,2,0.35,0.08,0.42,0.35,0.42,Matches,2024
260,Yusuke Maruhashi,jp JPN,DF,Sagan Tosu,33,1990,21,14,"1,053",11.7,0,0,0,0,0,0,1,0,0.00,0.00,0.00,0.00,0.00,Matches,2024
261,Yuichi Maruyama,jp JPN,DF,Kawasaki Frontale,34,1989,7,5,511,5.7,0,0,0,0,0,0,0,0,0.00,0.00,0.00,0.00,0.00,Matches,2024
262,Ken Masui,jp JPN,MF,Grampus,22,2001,25,9,761,8.5,2,0,2,2,0,0,1,1,0.24,0.00,0.24,0.24,0.24,Matches,2024
263,Yūgo Masukake,jp JPN,FW,Kashiwa Reysol,20,2003,1,0,1,0.0,0,0,0,0,0,0,0,0,0.00,0.00,0.00,0.00,0.00,Matches,2024
264,Yan Matheus,br BRA,"FW,MF",Yokohama F. Marinos,25,1998,35,27,"2,371",26.3,5,8,13,5,0,0,3,0,0.19,0.30,0.49,0.19,0.49,Matches,2024
265,Ken Matsubara,jp JPN,DF,Yokohama F. Marinos,30,1993,29,29,"2,407",26.7,1,2,3,1,0,0,3,0,0.04,0.07,0.11,0.04,0.11,Matches,2024
266,Ko Matsubara,jp JPN,"DF,MF",Júbilo Iwata,27,1996,35,34,"3,03",33.7,3,5,8,3,0,0,5,0,0.09,0.15,0.24,0.09,0.24,Matches,2024
267,Eitaro Matsuda,jp JPN,MF,Albirex Niigata,22,2001,23,15,"1,192",13.2,1,1,2,1,0,0,0,0,0.08,0.08,0.15,0.08,0.15,Matches,2024
268,Keita Matsuda,jp JPN,DF,Kyoto Sanga,23,2000,6,3,213,2.4,0,0,0,0,0,0,1,0,0.00,0.00,0.00,0.00,0.00,Matches,2024
269,Riku Matsuda,jp JPN,DF,Gamba Osaka,32,1991,13,7,648,7.2,0,0,0,0,0,0,1,0,0.00,0.00,0.00,0.00,0.00,Matches,2024
270,Temma Matsuda,jp JPN,"MF,FW",Kyoto Sanga,28,1995,21,17,"1,423",15.8,2,2,4,2,0,0,1,0,0.13,0.13,0.25,0.13,0.25,Matches,2024
271,Yuan Matsuhashi,jp JPN,"MF,DF",Tokyo Verdy,22,2001,30,5,748,8.3,1,0,1,1,0,0,2,0,0.12,0.00,0.12,0.12,0.12,Matches,2024
272,Kuryū Matsuki,jp JPN,MF,FC Tokyo,20,2003,18,13,"1,256",14.0,2,4,6,2,0,0,1,0,0.14,0.29,0.43,0.14,0.43,Matches,2024
273,Hiroya Matsumoto,jp JPN,MF,Sanfrecce Hiroshima,23,2000,3,0,39,0.4,0,0,0,0,0,0,0,0,0.00,0.00,0.00,0.00,0.00,Matches,2024
274,Kenta Matsumoto,jp JPN,GK,Kashiwa Reysol,26,1997,32,32,"2,879",32.0,0,0,0,0,0,0,0,0,0.00,0.00,0.00,0.00,0.00,Matches,2024
275,Masaya Matsumoto,jp JPN,MF,Júbilo Iwata,29,1995,35,33,"2,235",24.8,0,3,3,0,0,0,0,0,0.00,0.12,0.12,0.00,0.12,Matches,2024
276,Taishi Matsumoto,jp JPN,MF,Sanfrecce Hiroshima,25,1998,36,32,"2,803",31.1,3,2,5,3,0,0,0,0,0.10,0.06,0.16,0.10,0.16,Matches,2024
277,Sere Matsumura,jp JPN,"MF,DF",Shonan Bellmare,20,2003,6,3,276,3.1,0,0,0,0,0,0,1,0,0.00,0.00,0.00,0.00,0.00,Matches,2024
278,Yuta Matsumura,id IDN,MF,Tokyo Verdy,22,2001,12,3,387,4.3,0,1,1,0,0,0,0,0,0.00,0.23,0.23,0.00,0.23,Matches,2024
279,Yuta Matsumura,id IDN,MF,Kashima Antlers,22,2001,7,0,108,1.2,0,0,0,0,0,0,0,0,0.00,0.00,0.00,0.00,0.00,Matches,2024
280,Yusuke Matsuo,jp JPN,"FW,MF",Urawa Reds,26,1997,22,10,"1,125",12.5,4,0,4,4,0,0,2,0,0.32,0.00,0.32,0.32,0.32,Matches,2024
281,Daiki Matsuoka,jp JPN,MF,Avispa Fukuoka,22,2001,36,26,"2,406",26.7,2,1,3,2,0,0,4,0,0.07,0.04,0.11,0.07,0.11,Matches,2024
282,Hiroki Mawatari,jp JPN,GK,Shonan Bellmare,29,1994,4,3,310,3.4,0,0,0,0,0,0,0,0,0.00,0.00,0.00,0.00,0.00,Matches,2024
283,Ryotaro Meshino,jp JPN,MF,Gamba Osaka,25,1998,11,4,367,4.1,0,0,0,0,0,0,1,0,0.00,0.00,0.00,0.00,0.00,Matches,2024
284,Soma Meshino,jp JPN,MF,Tokyo Verdy,22,2001,7,0,86,1.0,0,0,0,0,0,0,1,0,0.00,0.00,0.00,0.00,0.00,Matches,2024
285,Tomoya Miki,jp JPN,MF,Tokyo Verdy,25,1998,37,26,"2,486",27.6,4,2,6,3,1,1,4,0,0.14,0.07,0.22,0.11,0.18,Matches,2024
286,Kenedyegbus Mikuni,jp JPN,DF,Grampus,23,2000,35,35,"3,07",34.1,2,1,3,2,0,0,7,1,0.06,0.03,0.09,0.06,0.09,Matches,2024
287,Radomir Milosavljević,rs SRB,"FW,MF",Kashima Antlers,31,1992,10,0,91,1.0,0,0,0,0,0,0,2,0,0.00,0.00,0.00,0.00,0.00,Matches,2024
288,Kim Min-tae,kr KOR,DF,Shonan Bellmare,30,1993,32,32,"2,835",31.5,0,0,0,0,0,0,7,0,0.00,0.00,0.00,0.00,0.00,Matches,2024
289,Jang Mingyu,kr KOR,DF,Machida Zelvia,24,1999,16,16,"1,438",16.0,0,1,1,0,0,0,1,0,0.00,0.06,0.06,0.00,0.06,Matches,2024
290,Park Mingyu,kr KOR,DF,Consa Sapporo,28,1995,14,13,"1,154",12.8,0,1,1,0,0,0,1,0,0.00,0.08,0.08,0.00,0.08,Matches,2024
291,Kento Misao,jp JPN,"DF,MF",Kashima Antlers,27,1996,15,12,"1,143",12.7,1,0,1,1,0,0,2,0,0.08,0.00,0.08,0.08,0.08,Matches,2024
292,Yuto Misao,jp JPN,DF,Kyoto Sanga,32,1991,15,12,"1,016",11.3,1,0,1,1,0,0,2,0,0.09,0.00,0.09,0.09,0.09,Matches,2024
293,Rin Mito,jp JPN,MF,Gamba Osaka,21,2002,12,3,304,3.4,0,0,0,0,0,0,0,1,0.00,0.00,0.00,0.00,0.00,Matches,2024
294,Hiromu Mitsumaru,jp JPN,DF,Kashiwa Reysol,30,1993,6,4,291,3.2,1,0,1,1,0,0,1,0,0.31,0.00,0.31,0.31,0.31,Matches,2024
295,Makoto Mitsuta,jp JPN,MF,Sanfrecce Hiroshima,24,1999,35,23,"2,031",22.6,3,4,7,2,1,1,3,1,0.13,0.18,0.31,0.09,0.27,Matches,2024
296,Genta Miura,jp JPN,DF,Gamba Osaka,28,1995,9,9,809,9.0,1,0,1,1,0,0,0,0,0.11,0.00,0.11,0.11,0.11,Matches,2024
297,Ryuki Miura,jp JPN,GK,Júbilo Iwata,31,1992,3,3,270,3.0,0,0,0,0,0,0,0,0,0.00,0.00,0.00,0.00,0.00,Matches,2024
298,Sota Miura,jp JPN,DF,Kawasaki Frontale,23,2000,20,19,"1,645",18.3,1,4,5,1,0,0,1,0,0.05,0.22,0.27,0.05,0.27,Matches,2024
299,Daiki Miya,jp JPN,DF,Avispa Fukuoka,27,1996,22,21,"1,829",20.3,1,1,2,1,0,0,5,0,0.05,0.05,0.10,0.05,0.10,Matches,2024
300,Ten Miyagi,jp JPN,FW,Kawasaki Frontale,22,2001,3,0,62,0.7,0,1,1,0,0,0,0,0,0.00,1.45,1.45,0.00,1.45,Matches,2024
301,Kazuya Miyahara,jp JPN,"DF,MF",Tokyo Verdy,27,1996,30,26,"2,426",27.0,0,1,1,0,0,0,3,0,0.00,0.04,0.04,0.00,0.04,Matches,2024
302,Ryo Miyaichi,jp JPN,"FW,MF",Yokohama F. Marinos,31,1992,32,7,"1,02",11.3,2,3,5,2,0,0,1,0,0.18,0.26,0.44,0.18,0.44,Matches,2024
303,Eiji Miyamoto,jp JPN,MF,Albirex Niigata,25,1998,23,20,"1,722",19.1,1,1,2,1,0,0,4,0,0.05,0.05,0.10,0.05,0.10,Matches,2024
304,Yūta Miyamoto,jp JPN,DF,Kyoto Sanga,24,1999,33,23,"2,22",24.7,1,1,2,1,0,0,2,0,0.04,0.04,0.08,0.04,0.08,Matches,2024
305,Taisei Miyashiro,jp JPN,"MF,FW",Vissel Kobe,23,2000,32,24,"2,075",23.1,11,1,12,11,0,1,1,0,0.48,0.04,0.52,0.48,0.52,Matches,2024
306,Takumi Miyayoshi,jp JPN,FW,Kyoto Sanga,31,1992,8,1,216,2.4,1,0,1,1,0,0,1,0,0.42,0.00,0.42,0.42,0.42,Matches,2024
307,Hiroki Miyazawa,jp JPN,"MF,DF",Consa Sapporo,34,1989,21,11,987,11.0,1,0,1,1,0,0,2,0,0.09,0.00,0.09,0.09,0.09,Matches,2024
308,Kota Mizunuma,jp JPN,"FW,MF",Yokohama F. Marinos,33,1990,18,7,644,7.2,2,2,4,2,0,0,0,0,0.28,0.28,0.56,0.28,0.56,Matches,2024
309,Henry Mochizuki,jp JPN,"DF,MF",Machida Zelvia,22,2001,26,18,"1,666",18.5,0,2,2,0,0,0,1,0,0.00,0.11,0.11,0.00,0.11,Matches,2024
310,Riku Morioka,jp JPN,DF,Júbilo Iwata,25,1998,9,4,520,5.8,0,0,0,0,0,0,1,0,0.00,0.00,0.00,0.00,0.00,Matches,2024
311,Masato Morishige,jp JPN,DF,FC Tokyo,36,1987,23,19,"1,736",19.3,0,0,0,0,0,0,2,0,0.00,0.00,0.00,0.00,0.00,Matches,2024
312,Tsukasa Morishima,jp JPN,MF,Grampus,26,1997,37,36,"3,09",34.3,3,4,7,3,0,1,5,0,0.09,0.12,0.20,0.09,0.20,Matches,2024
313,Koki Morita,jp JPN,MF,Tokyo Verdy,23,2000,33,29,"2,579",28.7,1,3,4,1,0,0,1,0,0.03,0.10,0.14,0.03,0.14,Matches,2024
314,Tatsuya Morita,jp JPN,GK,Kashiwa Reysol,33,1990,3,2,181,2.0,0,0,0,0,0,0,0,0,0.00,0.00,0.00,0.00,0.00,Matches,2024
315,Kentaro Moriya,jp JPN,MF,Sagan Tosu,35,1988,2,0,9,0.1,0,0,0,0,0,0,0,0,0.00,0.00,0.00,0.00,0.00,Matches,2024
316,Kimiya Moriyama,jp JPN,DF,Avispa Fukuoka,21,2002,2,1,131,1.5,0,0,0,0,0,0,0,0,0.00,0.00,0.00,0.00,0.00,Matches,2024
317,Shu Morooka,jp JPN,"MF,FW",Kashima Antlers,23,2000,32,25,"1,952",21.7,3,3,6,3,0,0,3,0,0.14,0.14,0.28,0.14,0.28,Matches,2024
318,Masaaki Murakami,jp JPN,GK,Avispa Fukuoka,31,1992,26,25,"2,296",25.5,0,0,0,0,0,0,2,0,0.00,0.00,0.00,0.00,0.00,Matches,2024
319,Yuhi Murakami,jp JPN,"FW,DF",Yokohama F. Marinos,23,2000,4,2,175,1.9,0,0,0,0,0,0,0,0,0.00,0.00,0.00,0.00,0.00,Matches,2024
320,Yoshinori Mutō,jp JPN,"FW,MF",Vissel Kobe,31,1992,37,35,"3,085",34.3,13,7,20,11,2,2,2,0,0.38,0.20,0.58,0.32,0.53,Matches,2024
321,Yuki Muto,jp JPN,"FW,MF",Kashiwa Reysol,35,1988,3,0,51,0.6,0,0,0,0,0,0,0,0,0.00,0.00,0.00,0.00,0.00,Matches,2024
322,Kato Mutsuki,jp JPN,"MF,FW",Sanfrecce Hiroshima,26,1997,37,35,"3,067",34.1,9,7,16,9,0,0,0,0,0.26,0.21,0.47,0.26,0.47,Matches,2024
323,Kensuke Nagai,jp JPN,"FW,MF",Grampus,34,1989,34,26,"2,144",23.8,6,3,9,6,0,0,2,0,0.25,0.13,0.38,0.25,0.38,Matches,2024
324,Takumi Nagaishi,jp JPN,GK,Avispa Fukuoka,27,1996,13,13,"1,124",12.5,0,0,0,0,0,0,0,0,0.00,0.00,0.00,0.00,0.00,Matches,2024
325,Motoki Nagakura,jp JPN,"FW,MF",Albirex Niigata,24,1999,30,19,"1,887",21.0,5,1,6,5,0,0,1,0,0.24,0.05,0.29,0.24,0.29,Matches,2024
326,Yoichi Naganuma,jp JPN,"DF,MF",Urawa Reds,26,1997,11,4,408,4.5,0,0,0,0,0,0,1,0,0.00,0.00,0.00,0.00,0.00,Matches,2024
327,Yoichi Naganuma,jp JPN,"MF,DF",Sagan Tosu,26,1997,23,20,"1,912",21.2,4,0,4,4,0,0,4,0,0.19,0.00,0.19,0.19,0.19,Matches,2024
328,Shiva Nagasawa,jp JPN,DF,Sagan Tosu,22,2001,2,2,135,1.5,0,0,0,0,0,0,1,0,0.00,0.00,0.00,0.00,0.00,Matches,2024
329,Katsuya Nagato,jp JPN,DF,Yokohama F. Marinos,29,1995,19,19,"1,563",17.4,2,3,5,2,0,0,1,0,0.12,0.17,0.29,0.12,0.29,Matches,2024
330,Yuto Nagatomo,jp JPN,DF,FC Tokyo,37,1986,29,18,"1,618",18.0,2,1,3,2,0,0,4,0,0.11,0.06,0.17,0.11,0.17,Matches,2024
331,Shintaro Nago,jp JPN,MF,Kashima Antlers,27,1996,36,29,"2,388",26.5,5,9,14,5,0,0,2,0,0.19,0.34,0.53,0.19,0.53,Matches,2024
332,Teruhito Nakagawa,jp JPN,"MF,FW",FC Tokyo,31,1992,34,30,"2,309",25.7,6,3,9,6,0,0,2,0,0.23,0.12,0.35,0.23,0.35,Matches,2024
333,Hikaru Nakahara,jp JPN,MF,Sagan Tosu,27,1996,22,15,"1,339",14.9,2,3,5,2,0,0,1,0,0.13,0.20,0.34,0.13,0.34,Matches,2024
334,Shoya Nakajima,jp JPN,FW,Urawa Reds,29,1994,22,7,823,9.1,1,4,5,1,0,0,0,0,0.11,0.44,0.55,0.11,0.55,Matches,2024
335,Yotaro Nakajima,jp JPN,MF,Sanfrecce Hiroshima,17,2006,12,2,310,3.4,0,0,0,0,0,0,1,0,0.00,0.00,0.00,0.00,0.00,Matches,2024
336,Hayato Nakama,jp JPN,MF,Kashima Antlers,31,1992,28,25,"1,806",20.1,4,0,4,4,0,0,2,0,0.20,0.00,0.20,0.20,0.20,Matches,2024
337,Hotaka Nakamura,jp JPN,DF,FC Tokyo,26,1997,19,11,989,11.0,0,1,1,0,0,0,1,0,0.00,0.09,0.09,0.00,0.09,Matches,2024
338,Shun Nakamura,jp JPN,MF,Júbilo Iwata,29,1994,16,13,"1,001",11.1,1,1,2,1,0,0,2,0,0.09,0.09,0.18,0.09,0.18,Matches,2024
339,Toya Nakamura,jp JPN,DF,Consa Sapporo,23,2000,35,18,"1,655",18.4,0,2,2,0,0,0,4,1,0.00,0.11,0.11,0.00,0.11,Matches,2024
340,Ryuma Nakano,jp JPN,MF,Kyoto Sanga,21,2002,5,0,59,0.7,0,0,0,0,0,0,1,0,0.00,0.00,0.00,0.00,0.00,Matches,2024
341,Shinya Nakano,jp JPN,DF,Gamba Osaka,20,2003,12,2,232,2.6,0,0,0,0,0,0,0,0,0.00,0.00,0.00,0.00,0.00,Matches,2024
342,Shuto Nakano,jp JPN,"DF,MF",Sanfrecce Hiroshima,23,2000,38,38,"3,343",37.1,5,5,10,5,0,0,2,0,0.13,0.13,0.27,0.13,0.27,Matches,2024
343,Yuki Nakashima,jp JPN,"MF,FW",Machida Zelvia,39,1984,6,3,208,2.3,1,1,2,1,0,0,1,0,0.43,0.43,0.87,0.43,0.87,Matches,2024
344,Shinnosuke Nakatani,jp JPN,DF,Gamba Osaka,27,1996,38,38,"3,42",38.0,4,0,4,4,0,0,2,0,0.11,0.00,0.11,0.11,0.11,Matches,2024
345,Katsuhiro Nakayama,jp JPN,MF,Grampus,27,1996,32,17,"1,75",19.4,0,0,0,0,0,0,2,0,0.00,0.00,0.00,0.00,0.00,Matches,2024
346,Yuta Nakayama,jp JPN,DF,Machida Zelvia,26,1997,6,4,332,3.7,1,0,1,1,0,0,0,0,0.27,0.00,0.27,0.27,0.27,Matches,2024
347,Tatsuki Nara,jp JPN,DF,Avispa Fukuoka,30,1993,11,11,983,10.9,0,0,0,0,0,0,1,0,0.00,0.00,0.00,0.00,0.00,Matches,2024
348,Yoshiki Narahara,jp JPN,MF,Sagan Tosu,19,2004,6,4,333,3.7,0,0,0,0,0,0,0,0,0.00,0.00,0.00,0.00,0.00,Matches,2024
349,Ryo Nemoto,jp JPN,FW,Shonan Bellmare,23,2000,14,1,228,2.5,1,1,2,1,0,0,0,0,0.39,0.39,0.79,0.39,0.79,Matches,2024
350,Ayumi Niekawa,jp JPN,GK,Urawa Reds,29,1994,3,2,188,2.1,0,0,0,0,0,0,0,0,0.00,0.00,0.00,0.00,0.00,Matches,2024
351,Shusaku Nishikawa,jp JPN,GK,Urawa Reds,37,1986,36,36,"3,228",35.9,0,0,0,0,0,0,0,1,0.00,0.00,0.00,0.00,0.00,Matches,2024
352,Shunsuke Nishikubo,jp JPN,"DF,MF",Júbilo Iwata,20,2003,30,8,985,10.9,1,1,2,1,0,0,2,0,0.09,0.09,0.18,0.09,0.18,Matches,2024
353,Takuma Nishimura,jp JPN,MF,Yokohama F. Marinos,27,1996,12,8,622,6.9,3,0,3,3,0,0,5,1,0.43,0.00,0.43,0.43,0.43,Matches,2024
354,Shota Nishino,jp JPN,DF,Consa Sapporo,19,2004,2,1,64,0.7,0,0,0,0,0,0,1,0,0.00,0.00,0.00,0.00,0.00,Matches,2024
355,Ryūya Nishio,jp JPN,DF,Cerezo Osaka,22,2001,29,28,"2,537",28.2,2,0,2,2,0,0,2,0,0.07,0.00,0.07,0.07,0.07,Matches,2024
356,Kento Nishiya,jp JPN,MF,Sagan Tosu,24,1999,11,9,786,8.7,0,2,2,0,0,0,2,0,0.00,0.23,0.23,0.00,0.23,Matches,2024
357,Rio Nitta,jp JPN,FW,Urawa Reds,20,2003,10,1,235,2.6,1,0,1,1,0,0,0,0,0.38,0.00,0.38,0.38,0.38,Matches,2024
358,Kyohei Noborizato,jp JPN,DF,Cerezo Osaka,33,1990,19,17,"1,47",16.3,0,0,0,0,0,0,0,0,0.00,0.00,0.00,0.00,0.00,Matches,2024
359,Hiroki Noda,jp JPN,DF,Kashiwa Reysol,26,1997,6,5,419,4.7,0,0,0,0,0,0,1,0,0.00,0.00,0.00,0.00,0.00,Matches,2024
360,Yuki Nogami,jp JPN,"DF,MF",Grampus,32,1991,26,20,"1,841",20.5,1,0,1,1,0,0,2,0,0.05,0.00,0.05,0.05,0.05,Matches,2024
361,Kimito Nono,jp JPN,DF,Kashima Antlers,21,2002,31,31,"2,705",30.1,9,0,9,9,0,0,3,0,0.30,0.00,0.30,0.30,0.30,Matches,2024
362,Gakuto Notsuda,jp JPN,MF,Sanfrecce Hiroshima,29,1994,4,1,68,0.8,0,0,0,0,0,0,0,0,0.00,0.00,0.00,0.00,0.00,Matches,2024
363,Leon Nozawa,jp JPN,FW,FC Tokyo,20,2003,14,0,135,1.5,1,1,2,1,0,0,0,0,0.67,0.67,1.33,0.67,1.33,Matches,2024
364,Taishi Nozawa,jp JPN,GK,FC Tokyo,21,2002,27,26,"2,331",25.9,0,0,0,0,0,0,1,0,0.00,0.00,0.00,0.00,0.00,Matches,2024
365,Takaya Numata,jp JPN,FW,Machida Zelvia,24,1999,1,0,2,0.0,0,0,0,0,0,0,0,0,0.00,0.00,0.00,0.00,0.00,Matches,2024
366,Itsuki Oda,jp JPN,MF,Avispa Fukuoka,25,1998,28,20,"1,63",18.1,2,3,5,2,0,0,2,0,0.11,0.17,0.28,0.11,0.28,Matches,2024
367,Tsuyoshi Ogashiwa,jp JPN,"MF,FW",FC Tokyo,25,1998,11,2,315,3.5,2,0,2,1,1,1,0,0,0.57,0.00,0.57,0.29,0.29,Matches,2024
368,Daiki Ogawa,jp JPN,DF,Júbilo Iwata,32,1991,3,1,75,0.8,0,0,0,0,0,0,0,0,0.00,0.00,0.00,0.00,0.00,Matches,2024
369,Takahiro Ogihara,jp JPN,MF,Vissel Kobe,32,1991,35,34,"2,894",32.2,1,4,5,1,0,0,6,0,0.03,0.12,0.16,0.03,0.16,Matches,2024
370,Motoki Ohara,jp JPN,MF,Sanfrecce Hiroshima,23,2000,8,0,113,1.3,0,0,0,0,0,0,0,0,0.00,0.00,0.00,0.00,0.00,Matches,2024
371,Yuki Ohashi,jp JPN,"MF,FW",Sanfrecce Hiroshima,27,1996,22,22,"1,876",20.8,10,4,14,8,2,2,2,0,0.48,0.19,0.67,0.38,0.58,Matches,2024
372,Ayumu Ohata,jp JPN,DF,Urawa Reds,22,2001,26,18,"1,779",19.8,0,3,3,0,0,0,2,0,0.00,0.15,0.15,0.00,0.15,Matches,2024
373,Kazuki Oiwa,jp JPN,DF,Shonan Bellmare,34,1989,22,21,"1,818",20.2,0,3,3,0,0,0,2,1,0.00,0.15,0.15,0.00,0.15,Matches,2024
374,Teppei Oka,jp JPN,DF,FC Tokyo,22,2001,19,16,"1,495",16.6,2,0,2,2,0,0,3,0,0.12,0.00,0.12,0.12,0.12,Matches,2024
375,Yamato Okada,jp JPN,DF,Consa Sapporo,22,2001,2,0,22,0.2,0,0,0,0,0,0,0,0,0.00,0.00,0.00,0.00,0.00,Matches,2024
376,Masahiro Okamoto,jp JPN,GK,Sagan Tosu,40,1983,1,0,24,0.3,0,0,0,0,0,0,0,0,0.00,0.00,0.00,0.00,0.00,Matches,2024
377,Takuya Okamoto,jp JPN,"MF,DF",Shonan Bellmare,31,1992,9,5,446,5.0,0,0,0,0,0,0,1,0,0.00,0.00,0.00,0.00,0.00,Matches,2024
378,Daihachi Okamura,jp JPN,DF,Consa Sapporo,26,1997,33,32,"2,877",32.0,2,0,2,2,0,0,7,0,0.06,0.00,0.06,0.06,0.06,Matches,2024
379,Tomoaki Okubo,jp JPN,"MF,FW",Urawa Reds,25,1998,23,18,"1,328",14.8,2,1,3,2,0,0,1,0,0.14,0.07,0.20,0.14,0.20,Matches,2024
380,Hayato Okuda,jp JPN,DF,Cerezo Osaka,22,2001,21,15,"1,517",16.9,1,2,3,1,0,0,1,0,0.06,0.12,0.18,0.06,0.18,Matches,2024
381,Jin Okumura,jp JPN,"MF,FW",Albirex Niigata,22,2001,16,7,737,8.2,1,0,1,1,0,0,2,0,0.12,0.00,0.12,0.12,0.12,Matches,2024
382,Hiroaki Okuno,jp JPN,MF,Cerezo Osaka,34,1989,36,35,"2,641",29.3,0,1,1,0,0,0,1,0,0.00,0.03,0.03,0.00,0.03,Matches,2024
383,Kohei Okuno,jp JPN,MF,Shonan Bellmare,23,2000,26,4,729,8.1,0,0,0,0,0,0,3,0,0.00,0.00,0.00,0.00,0.00,Matches,2024
384,Masayuki Okuyama,jp JPN,DF,Machida Zelvia,30,1993,4,0,46,0.5,0,0,0,0,0,0,0,0,0.00,0.00,0.00,0.00,0.00,Matches,2024
385,Diego Oliveira,br BRA,FW,FC Tokyo,33,1990,32,26,"2,091",23.2,6,0,6,4,2,2,3,0,0.26,0.00,0.26,0.17,0.17,Matches,2024
386,Lucas Oliveira,br BRA,DF,Kyoto Sanga,27,1996,5,0,28,0.3,0,0,0,0,0,0,0,0,0.00,0.00,0.00,0.00,0.00,Matches,2024
387,Matheus Caldeira Vidotto de Oliveira,br BRA,GK,Tokyo Verdy,29,1994,38,38,"3,42",38.0,0,1,1,0,0,0,1,0,0.00,0.03,0.03,0.00,0.03,Matches,2024
388,Takuma Ominami,jp JPN,DF,Kawasaki Frontale,26,1997,24,19,"1,794",19.9,0,0,0,0,0,0,2,0,0.00,0.00,0.00,0.00,0.00,Matches,2024
389,Shingo Omori,jp JPN,FW,Consa Sapporo,22,2001,8,3,342,3.8,0,0,0,0,0,0,2,1,0.00,0.00,0.00,0.00,0.00,Matches,2024
390,Hijiri Onaga,jp JPN,"MF,DF",Tokyo Verdy,28,1995,37,31,"2,662",29.6,4,0,4,4,0,0,3,0,0.14,0.00,0.14,0.14,0.14,Matches,2024
391,Kazunari Ono,jp JPN,DF,Shonan Bellmare,34,1989,18,13,"1,247",13.9,0,0,0,0,0,0,4,0,0.00,0.00,0.00,0.00,0.00,Matches,2024
392,Masahito Ono,jp JPN,MF,Grampus,27,1996,5,2,151,1.7,0,0,0,0,0,0,0,0,0.00,0.00,0.00,0.00,0.00,Matches,2024
393,Yuji Ono,jp JPN,FW,Albirex Niigata,31,1992,24,14,"1,134",12.6,4,1,5,3,1,1,2,0,0.32,0.08,0.40,0.24,0.32,Matches,2024
394,Kosuke Onose,jp JPN,MF,Shonan Bellmare,30,1993,18,12,"1,098",12.2,1,1,2,1,0,0,3,0,0.08,0.08,0.16,0.08,0.16,Matches,2024
395,Leo Osaki,jp JPN,"MF,DF",Consa Sapporo,32,1991,17,15,"1,155",12.8,0,0,0,0,0,0,4,0,0.00,0.00,0.00,0.00,0.00,Matches,2024
396,Keisuke Ōsako,jp JPN,GK,Sanfrecce Hiroshima,24,1999,38,38,"3,42",38.0,0,0,0,0,0,0,0,0,0.00,0.00,0.00,0.00,0.00,Matches,2024
397,Yuya Osako,jp JPN,FW,Vissel Kobe,33,1990,36,33,"2,967",33.0,11,8,19,10,1,4,0,0,0.33,0.24,0.58,0.30,0.55,Matches,2024
398,Ryota Oshima,jp JPN,MF,Kawasaki Frontale,31,1993,14,9,677,7.5,0,2,2,0,0,0,1,0,0.00,0.27,0.27,0.00,0.27,Matches,2024
399,Gakuji Ota,jp JPN,GK,Kyoto Sanga,33,1990,8,6,662,7.4,0,0,0,0,0,0,0,0,0.00,0.00,0.00,0.00,0.00,Matches,2024
400,Shusuke Ota,jp JPN,MF,Albirex Niigata,27,1996,17,8,738,8.2,2,0,2,2,0,0,2,0,0.24,0.00,0.24,0.24,0.24,Matches,2024
401,Gonçalo Paciência,pt POR,FW,Sanfrecce Hiroshima,29,1994,8,6,368,4.1,2,0,2,2,0,0,1,0,0.49,0.00,0.49,0.49,0.49,Matches,2024
402,Guilherme Parede,br BRA,MF,Kashima Antlers,28,1995,12,1,182,2.0,0,0,0,0,0,0,1,0,0.00,0.00,0.00,0.00,0.00,Matches,2024
403,Patric,br BRA,FW,Grampus,36,1987,33,10,"1,161",12.9,5,1,6,5,0,0,2,0,0.39,0.08,0.47,0.39,0.47,Matches,2024
404,Jean Patric,br BRA,"FW,MF",Vissel Kobe,26,1997,29,6,885,9.8,1,2,3,1,0,0,1,0,0.10,0.20,0.31,0.10,0.31,Matches,2024
405,Matheus Peixoto,br BRA,FW,Júbilo Iwata,28,1995,36,18,"2,053",22.8,7,2,9,7,0,1,2,1,0.31,0.09,0.39,0.31,0.39,Matches,2024
406,Luiz Phellype,br BRA,FW,Shonan Bellmare,30,1993,4,0,43,0.5,0,0,0,0,0,0,0,0,0.00,0.00,0.00,0.00,0.00,Matches,2024
407,William Popp,jp JPN,GK,Yokohama F. Marinos,29,1994,25,25,"2,191",24.3,0,0,0,0,0,0,2,1,0.00,0.00,0.00,0.00,0.00,Matches,2024
408,Eakkanit Punya,th THA,MF,Urawa Reds,24,1999,9,1,118,1.3,0,0,0,0,0,0,0,0,0.00,0.00,0.00,0.00,0.00,Matches,2024
409,Ricardo,br BRA,DF,Júbilo Iwata,26,1997,33,33,"2,737",30.4,1,2,3,1,0,0,3,2,0.03,0.07,0.10,0.03,0.10,Matches,2024
410,Zé Ricardo,br BRA,MF,Kawasaki Frontale,24,1999,11,3,400,4.4,0,0,0,0,0,0,1,0,0.00,0.00,0.00,0.00,0.00,Matches,2024
411,Marcelo Ryan,br BRA,FW,Sagan Tosu,21,2002,30,26,"2,163",24.0,14,2,16,13,1,2,1,1,0.58,0.08,0.67,0.54,0.62,Matches,2024
412,Kosuke Saito,jp JPN,MF,Tokyo Verdy,26,1997,38,29,"2,454",27.3,1,5,6,1,0,0,1,0,0.04,0.18,0.22,0.04,0.22,Matches,2024
413,Gōtoku Sakai,jp JPN,DF,Vissel Kobe,32,1991,28,27,"2,402",26.7,1,1,2,1,0,0,1,0,0.04,0.04,0.07,0.04,0.07,Matches,2024
414,Hiroki Sakai,jp JPN,DF,Urawa Reds,33,1990,10,6,561,6.2,1,2,3,1,0,0,1,0,0.16,0.32,0.48,0.16,0.48,Matches,2024
415,Noriyoshi Sakai,jp JPN,"FW,MF",Grampus,31,1992,3,0,54,0.6,0,0,0,0,0,0,0,0,0.00,0.00,0.00,0.00,0.00,Matches,2024
416,Keisuke Sakaiya,jp JPN,"DF,MF",Sagan Tosu,18,2005,16,6,561,6.2,1,1,2,1,0,0,1,1,0.16,0.16,0.32,0.16,0.32,Matches,2024
417,Keigo Sakakibara,jp JPN,"MF,DF",Yokohama F. Marinos,23,2000,10,4,452,5.0,1,0,1,1,0,0,0,0,0.20,0.00,0.20,0.20,0.20,Matches,2024
418,Kyota Sakakibara,jp JPN,MF,Grampus,22,2001,7,1,125,1.4,0,0,0,0,0,0,0,0,0.00,0.00,0.00,0.00,0.00,Matches,2024
419,Isa Sakamoto,jp JPN,"MF,FW",Gamba Osaka,20,2003,37,25,"2,348",26.1,10,1,11,10,0,0,1,0,0.38,0.04,0.42,0.38,0.42,Matches,2024
420,Reiya Sakata,jp JPN,"MF,DF",Cerezo Osaka,19,2004,8,6,438,4.9,0,0,0,0,0,0,0,0,0.00,0.00,0.00,0.00,0.00,Matches,2024
421,Jordi Sánchez,es ESP,FW,Consa Sapporo,29,1994,7,0,154,1.7,0,0,0,0,0,0,2,0,0.00,0.00,0.00,0.00,0.00,Matches,2024
422,Yuki Saneto,jp JPN,DF,Yokohama F. Marinos,35,1989,1,1,58,0.6,0,0,0,0,0,0,0,0,0.00,0.00,0.00,0.00,0.00,Matches,2024
423,Na Sang-ho,kr KOR,"MF,FW",Machida Zelvia,27,1996,24,16,"1,302",14.5,3,2,5,3,0,0,1,0,0.21,0.14,0.35,0.21,0.35,Matches,2024
424,Kaishu Sano,jp JPN,MF,Kashima Antlers,23,2000,20,20,"1,794",19.9,0,2,2,0,0,0,0,0,0.00,0.10,0.10,0.00,0.10,Matches,2024
425,Thiago Santana,br BRA,FW,Urawa Reds,30,1993,36,21,"2,122",23.6,12,3,15,8,4,5,3,0,0.51,0.13,0.64,0.34,0.47,Matches,2024
426,Supachok Sarachat,th THA,"MF,FW",Consa Sapporo,25,1998,19,17,"1,389",15.4,2,5,7,2,0,0,0,0,0.13,0.32,0.45,0.13,0.45,Matches,2024
427,Asahi Sasaki,jp JPN,DF,Kawasaki Frontale,24,2000,37,33,"3,04",33.8,1,1,2,1,0,0,7,0,0.03,0.03,0.06,0.03,0.06,Matches,2024
428,Daiju Sasaki,jp JPN,"FW,MF",Vissel Kobe,33,1990,35,16,"1,748",19.4,5,5,10,5,0,0,2,0,0.26,0.26,0.51,0.26,0.51,Matches,2024
429,Masato Sasaki,jp JPN,GK,Kashiwa Reysol,21,2002,4,4,360,4.0,0,0,0,0,0,0,0,0,0.00,0.00,0.00,0.00,0.00,Matches,2024
430,Sho Sasaki,jp JPN,DF,Sanfrecce Hiroshima,34,1989,36,36,"3,24",36.0,3,2,5,3,0,0,6,0,0.08,0.06,0.14,0.08,0.14,Matches,2024
431,Kyō Satō,jp JPN,DF,Kyoto Sanga,23,2000,34,22,"2,103",23.4,1,1,2,1,0,0,5,0,0.04,0.04,0.09,0.04,0.09,Matches,2024
432,Ryoga Sato,jp JPN,"MF,FW",Avispa Fukuoka,24,1999,21,14,"1,141",12.7,2,0,2,2,0,0,0,0,0.16,0.00,0.16,0.16,0.16,Matches,2024
433,Ryūnosuke Satō,jp JPN,MF,FC Tokyo,17,2006,3,0,50,0.6,0,0,0,0,0,0,0,0,0.00,0.00,0.00,0.00,0.00,Matches,2024
434,Yota Sato,jp JPN,DF,Urawa Reds,25,1998,19,12,"1,192",13.2,0,1,1,0,0,0,2,0,0.00,0.08,0.08,0.00,0.08,Matches,2024
435,Matheus Sávio,br BRA,"MF,FW",Kashiwa Reysol,26,1997,38,38,"3,345",37.2,9,6,15,8,1,3,3,0,0.24,0.16,0.40,0.22,0.38,Matches,2024
436,Alexander Scholz,dk DEN,DF,Urawa Reds,31,1992,13,13,"1,089",12.1,1,0,1,0,1,1,5,0,0.08,0.00,0.08,0.00,0.00,Matches,2024
437,Yusuke Segawa,jp JPN,DF,Kawasaki Frontale,29,1994,28,13,"1,171",13.0,1,0,1,1,0,0,3,0,0.08,0.00,0.08,0.08,0.08,Matches,2024
438,Oh Sehun,kr KOR,FW,Machida Zelvia,25,1999,33,29,"2,218",24.6,8,2,10,8,0,0,4,0,0.32,0.08,0.41,0.32,0.41,Matches,2024
439,Ikuma Sekigawa,jp JPN,DF,Kashima Antlers,23,2000,37,37,"3,275",36.4,1,2,3,1,0,0,4,0,0.03,0.05,0.08,0.03,0.08,Matches,2024
440,Hiroki Sekine,jp JPN,DF,Kashiwa Reysol,21,2002,31,31,"2,672",29.7,0,0,0,0,0,0,5,0,0.00,0.00,0.00,0.00,0.00,Matches,2024
441,Takahiro Sekine,jp JPN,"MF,DF",Urawa Reds,28,1995,21,19,"1,5",16.7,2,2,4,2,0,0,3,0,0.12,0.12,0.24,0.12,0.24,Matches,2024
442,Tatsuki Seko,jp JPN,MF,Kawasaki Frontale,26,1997,25,11,"1,265",14.1,0,3,3,0,0,0,2,0,0.00,0.21,0.21,0.00,0.21,Matches,2024
443,Keiya Sento,jp JPN,MF,Machida Zelvia,29,1994,35,27,"2,17",24.1,1,1,2,1,0,0,6,1,0.04,0.04,0.08,0.04,0.08,Matches,2024
444,Gaku Shibasaki,jp JPN,MF,Kashima Antlers,31,1992,22,16,"1,356",15.1,0,3,3,0,0,0,1,0,0.00,0.20,0.20,0.00,0.20,Matches,2024
445,Kai Shibato,jp JPN,MF,Machida Zelvia,28,1995,22,17,"1,446",16.1,1,0,1,1,0,0,6,0,0.06,0.00,0.06,0.06,0.06,Matches,2024
446,Masaya Shibayama,jp JPN,MF,Cerezo Osaka,21,2002,28,6,"1,014",11.3,1,0,1,1,0,0,0,1,0.09,0.00,0.09,0.09,0.09,Matches,2024
447,Takaaki Shichi,jp JPN,MF,Sanfrecce Hiroshima,30,1993,11,2,294,3.3,0,2,2,0,0,0,1,0,0.00,0.61,0.61,0.00,0.61,Matches,2024
448,Takuya Shigehiro,jp JPN,MF,Grampus,28,1995,4,0,67,0.7,0,0,0,0,0,0,1,0,0.00,0.00,0.00,0.00,0.00,Matches,2024
449,Masato Shigemi,jp JPN,MF,Avispa Fukuoka,22,2001,35,21,"1,815",20.2,1,2,3,1,0,0,4,0,0.05,0.10,0.15,0.05,0.15,Matches,2024
450,Keiya Shiihashi,jp JPN,MF,Grampus,26,1997,34,28,"2,458",27.3,1,2,3,1,0,0,5,0,0.04,0.07,0.11,0.04,0.11,Matches,2024
451,Yuzuru Shimada,jp JPN,MF,Albirex Niigata,33,1990,19,14,"1,259",14.0,0,1,1,0,0,0,1,0,0.00,0.07,0.07,0.00,0.07,Matches,2024
452,Takuya Shimamura,jp JPN,MF,Kashiwa Reysol,24,1999,28,7,"1,001",11.1,3,3,6,3,0,0,4,0,0.27,0.27,0.54,0.27,0.54,Matches,2024
453,Hokuto Shimoda,jp JPN,MF,Machida Zelvia,32,1991,30,16,"1,583",17.6,5,2,7,3,2,2,3,0,0.28,0.11,0.40,0.17,0.28,Matches,2024
454,Ryosuke Shindo,jp JPN,DF,Cerezo Osaka,27,1996,9,8,744,8.3,0,0,0,0,0,0,1,0,0.00,0.00,0.00,0.00,0.00,Matches,2024
455,Kento Shiogai,jp JPN,FW,Yokohama F. Marinos,18,2005,7,2,196,2.2,1,0,1,1,0,0,0,0,0.46,0.00,0.46,0.46,0.46,Matches,2024
456,Tsukasa Shiotani,jp JPN,"DF,MF",Sanfrecce Hiroshima,35,1988,37,35,"3,116",34.6,1,0,1,1,0,0,1,0,0.03,0.00,0.03,0.03,0.03,Matches,2024
457,Eiji Shirai,jp JPN,MF,Kashiwa Reysol,28,1995,37,33,"2,675",29.7,1,1,2,1,0,0,3,0,0.03,0.03,0.07,0.03,0.07,Matches,2024
458,Haruto Shirai,jp JPN,FW,Consa Sapporo,24,1999,10,2,204,2.3,1,0,1,1,0,0,0,0,0.44,0.00,0.44,0.44,0.44,Matches,2024
459,Kosuke Shirai,jp JPN,DF,FC Tokyo,29,1994,23,15,"1,484",16.5,1,2,3,1,0,0,1,0,0.06,0.12,0.18,0.06,0.18,Matches,2024
460,Fuma Shirasaka,jp JPN,GK,Yokohama F. Marinos,27,1996,3,2,205,2.3,0,0,0,0,0,0,0,0,0.00,0.00,0.00,0.00,0.00,Matches,2024
461,Ryōhei Shirasaki,jp JPN,MF,Machida Zelvia,30,1993,14,13,"1,162",12.9,1,1,2,1,0,0,1,0,0.08,0.08,0.15,0.08,0.15,Matches,2024
462,Gen Shoji,jp JPN,DF,Machida Zelvia,31,1992,33,30,"2,659",29.5,1,1,2,1,0,0,4,0,0.03,0.03,0.07,0.03,0.07,Matches,2024
463,Vykintas Slivka,lt LTU,"MF,FW",Sagan Tosu,28,1995,14,10,896,10.0,2,1,3,2,0,0,0,0,0.20,0.10,0.30,0.20,0.30,Matches,2024
464,Ola Solbakken,no NOR,"FW,MF",Urawa Reds,25,1998,5,5,322,3.6,0,1,1,0,0,0,1,0,0.00,0.28,0.28,0.00,0.28,Matches,2024
465,Yuki Soma,jp JPN,"MF,FW",Machida Zelvia,26,1997,11,9,752,8.4,1,0,1,1,0,0,2,0,0.12,0.00,0.12,0.12,0.12,Matches,2024
466,Yuki Soma,jp JPN,MF,Grampus,26,1997,1,1,77,0.9,1,0,1,1,0,0,1,0,1.17,0.00,1.17,1.17,1.17,Matches,2024
467,Itsuki Someno,jp JPN,"FW,MF",Tokyo Verdy,22,2001,36,26,"2,605",28.9,6,0,6,4,2,2,4,0,0.21,0.00,0.21,0.14,0.14,Matches,2024
468,Pieros Sotiriou,cy CYP,FW,Sanfrecce Hiroshima,31,1993,25,14,"1,182",13.1,9,3,12,8,1,2,1,0,0.69,0.23,0.91,0.61,0.84,Matches,2024
469,Daiki Suga,jp JPN,"MF,DF",Consa Sapporo,25,1998,34,32,"2,755",30.6,1,0,1,1,0,0,5,0,0.03,0.00,0.03,0.03,0.03,Matches,2024
470,Hidehiro Sugai,jp JPN,DF,Kashima Antlers,25,1998,13,1,147,1.6,0,0,0,0,0,0,1,0,0.00,0.00,0.00,0.00,0.00,Matches,2024
471,Takanori Sugeno,jp JPN,GK,Consa Sapporo,39,1984,35,35,"3,147",35.0,0,0,0,0,0,0,4,0,0.00,0.00,0.00,0.00,0.00,Matches,2024
472,Mitsuki Sugimoto,jp JPN,GK,Júbilo Iwata,22,2001,2,1,127,1.4,0,0,0,0,0,0,0,0,0.00,0.00,0.00,0.00,0.00,Matches,2024
473,Daiki Sugioka,jp JPN,"DF,MF",Shonan Bellmare,25,1998,15,8,795,8.8,0,1,1,0,0,0,1,0,0.00,0.11,0.11,0.00,0.11,Matches,2024
474,Daiki Sugioka,jp JPN,DF,Machida Zelvia,25,1998,12,9,881,9.8,0,1,1,0,0,0,0,0,0.00,0.10,0.10,0.00,0.10,Matches,2024
475,Kohshiro Sumi,jp JPN,DF,Júbilo Iwata,21,2002,1,0,29,0.3,0,0,0,0,0,0,0,0,0.00,0.00,0.00,0.00,0.00,Matches,2024
476,Jung Sung-ryong,kr KOR,GK,Kawasaki Frontale,39,1985,29,29,"2,61",29.0,0,0,0,0,0,0,2,0,0.00,0.00,0.00,0.00,0.00,Matches,2024
477,Gu Sung-yun,kr KOR,GK,Kyoto Sanga,29,1994,32,32,"2,754",30.6,0,0,0,0,0,0,3,1,0.00,0.00,0.00,0.00,0.00,Matches,2024
478,Akito Suzuki,jp JPN,FW,Shonan Bellmare,20,2003,34,26,2,22.2,10,1,11,10,0,0,0,0,0.45,0.05,0.50,0.45,0.50,Matches,2024
479,Daichi Suzuki,jp JPN,FW,Sagan Tosu,17,2006,4,2,175,1.9,1,0,1,1,0,0,0,0,0.51,0.00,0.51,0.51,0.51,Matches,2024
480,Junnosuke Suzuki,jp JPN,DF,Shonan Bellmare,20,2003,23,19,"1,646",18.3,0,0,0,0,0,0,7,0,0.00,0.00,0.00,0.00,0.00,Matches,2024
481,Junya Suzuki,jp JPN,DF,Machida Zelvia,28,1996,24,16,"1,435",15.9,1,4,5,0,1,1,4,0,0.06,0.25,0.31,0.00,0.25,Matches,2024
482,Kaito Suzuki,jp JPN,DF,Júbilo Iwata,21,2002,24,19,"1,747",19.4,1,0,1,1,0,0,4,0,0.05,0.00,0.05,0.05,0.05,Matches,2024
483,Koji Suzuki,jp JPN,FW,Albirex Niigata,34,1989,18,12,"1,117",12.4,2,2,4,2,0,1,0,0,0.16,0.16,0.32,0.16,0.32,Matches,2024
484,Musashi Suzuki,jp JPN,FW,Consa Sapporo,29,1994,32,29,"2,482",27.6,6,1,7,5,1,2,5,0,0.22,0.04,0.25,0.18,0.22,Matches,2024
485,Toichi Suzuki,jp JPN,"DF,MF",Kyoto Sanga,23,2000,15,4,506,5.6,0,0,0,0,0,0,0,0,0.00,0.00,0.00,0.00,0.00,Matches,2024
486,Tokuma Suzuki,jp JPN,MF,Gamba Osaka,26,1997,37,35,"3,027",33.6,0,2,2,0,0,0,3,0,0.00,0.06,0.06,0.00,0.06,Matches,2024
487,Yoshinori Suzuki,jp JPN,DF,Kyoto Sanga,31,1992,25,24,"2,125",23.6,0,0,0,0,0,0,3,0,0.00,0.00,0.00,0.00,0.00,Matches,2024
488,Yuma Suzuki,jp JPN,FW,Kashima Antlers,27,1996,36,34,"3,031",33.7,15,8,23,9,6,6,5,1,0.45,0.24,0.68,0.27,0.50,Matches,2024
489,Yuto Suzuki,jp JPN,"MF,DF",Shonan Bellmare,30,1993,37,37,"3,314",36.8,2,2,4,2,0,0,3,0,0.05,0.05,0.11,0.05,0.11,Matches,2024
490,Koki Tachi,jp JPN,DF,Shonan Bellmare,26,1997,3,3,264,2.9,0,0,0,0,0,0,0,0,0.00,0.00,0.00,0.00,0.00,Matches,2024
491,Kento Tachibanada,jp JPN,"MF,DF",Kawasaki Frontale,25,1998,35,33,"2,961",32.9,3,1,4,3,0,0,4,0,0.09,0.03,0.12,0.09,0.12,Matches,2024
492,Nam Tae-hee,kr KOR,MF,Yokohama F. Marinos,32,1991,11,8,594,6.6,2,1,3,2,0,0,0,0,0.30,0.15,0.45,0.30,0.45,Matches,2024
493,Kim Taehyeon,kr KOR,DF,Sagan Tosu,23,2000,26,24,"2,115",23.5,0,0,0,0,0,0,5,0,0.00,0.00,0.00,0.00,0.00,Matches,2024
494,Kyosuke Tagawa,jp JPN,"FW,MF",Kashima Antlers,24,1999,3,0,91,1.0,0,0,0,0,0,0,0,0,0.00,0.00,0.00,0.00,0.00,Matches,2024
495,Tomohiro Taira,jp JPN,DF,Tokyo Verdy,33,1990,1,0,1,0.0,0,0,0,0,0,0,0,0,0.00,0.00,0.00,0.00,0.00,Matches,2024
496,Yoshiaki Takagi,jp JPN,MF,Albirex Niigata,31,1992,20,11,833,9.3,1,3,4,1,0,0,1,0,0.11,0.32,0.43,0.11,0.43,Matches,2024
497,Daigo Takahashi,jp JPN,MF,Machida Zelvia,24,1999,2,2,105,1.2,0,0,0,0,0,0,0,0,0.00,0.00,0.00,0.00,0.00,Matches,2024
498,Naoya Takahashi,jp JPN,DF,Shonan Bellmare,22,2001,19,15,"1,325",14.7,0,1,1,0,0,0,1,0,0.00,0.07,0.07,0.00,0.07,Matches,2024
499,Toshiki Takahashi,jp JPN,FW,Urawa Reds,26,1998,1,0,9,0.1,0,0,0,0,0,0,0,0,0.00,0.00,0.00,0.00,0.00,Matches,2024
500,Keita Takahata,jp JPN,MF,Júbilo Iwata,23,2000,12,8,664,7.4,0,1,1,0,0,0,0,0,0.00,0.14,0.14,0.00,0.14,Matches,2024
501,Kōta Takai,jp JPN,DF,Kawasaki Frontale,19,2004,24,21,"1,872",20.8,2,1,3,2,0,0,5,0,0.10,0.05,0.14,0.10,0.14,Matches,2024
502,Tomoki Takamine,jp JPN,MF,Kashiwa Reysol,26,1997,11,10,775,8.6,1,1,2,1,0,0,3,0,0.12,0.12,0.23,0.12,0.23,Matches,2024
503,Ryu Takao,jp JPN,DF,Consa Sapporo,27,1996,24,14,"1,218",13.5,0,4,4,0,0,0,1,0,0.00,0.30,0.30,0.00,0.30,Matches,2024
504,Hidetoshi Takeda,jp JPN,"MF,FW",Urawa Reds,22,2001,14,4,411,4.6,2,1,3,2,0,0,0,0,0.44,0.22,0.66,0.44,0.66,Matches,2024
505,Shohei Takeda,jp JPN,MF,Kyoto Sanga,29,1994,12,11,887,9.9,0,0,0,0,0,0,1,0,0.00,0.00,0.00,0.00,0.00,Matches,2024
506,Yohei Takeda,jp JPN,GK,Grampus,36,1987,3,3,270,3.0,0,0,0,0,0,0,0,0,0.00,0.00,0.00,0.00,0.00,Matches,2024
507,Talles,br BRA,MF,Kashima Antlers,25,1998,8,1,172,1.9,0,0,0,0,0,0,0,0,0.00,0.00,0.00,0.00,0.00,Matches,2024
508,Hirotaka Tameda,jp JPN,"MF,FW",Cerezo Osaka,30,1993,32,19,"1,656",18.4,2,1,3,2,0,0,1,0,0.11,0.05,0.16,0.11,0.16,Matches,2024
509,Shūto Tanabe,jp JPN,DF,Kawasaki Frontale,21,2002,4,0,73,0.8,0,0,0,0,0,0,0,0,0.00,0.00,0.00,0.00,0.00,Matches,2024
510,Hiromu Tanaka,jp JPN,MF,Consa Sapporo,24,1999,8,6,489,5.4,0,0,0,0,0,0,0,0,0.00,0.00,0.00,0.00,0.00,Matches,2024
511,Katsuyuki Tanaka,jp JPN,MF,Consa Sapporo,21,2002,17,1,312,3.5,1,0,1,1,0,0,1,0,0.29,0.00,0.29,0.29,0.29,Matches,2024
512,Satoshi Tanaka,jp JPN,MF,Shonan Bellmare,21,2002,33,32,"2,925",32.5,4,4,8,4,0,0,6,0,0.12,0.12,0.25,0.12,0.25,Matches,2024
513,Shunta Tanaka,jp JPN,"MF,DF",Cerezo Osaka,26,1997,37,37,"3,285",36.5,3,4,7,3,0,0,4,0,0.08,0.11,0.19,0.08,0.19,Matches,2024
514,Tatsuya Tanaka,jp JPN,MF,Avispa Fukuoka,31,1992,1,1,59,0.7,0,0,0,0,0,0,0,0,0.00,0.00,0.00,0.00,0.00,Matches,2024
515,Kosei Tani,jp JPN,GK,Machida Zelvia,23,2000,37,37,"3,31",36.8,0,0,0,0,0,0,1,1,0.00,0.00,0.00,0.00,0.00,Matches,2024
516,Hiroto Taniguchi,jp JPN,DF,Tokyo Verdy,24,1999,29,27,"2,408",26.8,5,0,5,5,0,0,4,0,0.19,0.00,0.19,0.19,0.19,Matches,2024
517,Kaito Taniguchi,jp JPN,"MF,FW",Albirex Niigata,28,1995,34,23,"2,016",22.4,10,2,12,10,0,0,0,0,0.45,0.09,0.54,0.45,0.54,Matches,2024
518,Masaya Tashiro,jp JPN,DF,Avispa Fukuoka,30,1993,37,37,"3,308",36.8,2,0,2,2,0,0,6,0,0.05,0.00,0.05,0.05,0.05,Matches,2024
519,Yugo Tatsuta,jp JPN,DF,Kashiwa Reysol,25,1998,14,9,903,10.0,0,0,0,0,0,0,0,0,0.00,0.00,0.00,0.00,0.00,Matches,2024
520,Kota Tawaratsumida,jp JPN,"FW,MF",FC Tokyo,19,2004,33,21,"1,69",18.8,2,3,5,2,0,0,0,0,0.11,0.16,0.27,0.11,0.27,Matches,2024
521,Hisashi Tawiah,jp JPN,DF,Kyoto Sanga,25,1998,22,18,"1,446",16.1,0,0,0,0,0,0,4,2,0.00,0.00,0.00,0.00,0.00,Matches,2024
522,Tsubasa Terayama,jp JPN,MF,FC Tokyo,23,2000,2,1,48,0.5,0,0,0,0,0,0,0,0,0.00,0.00,0.00,0.00,0.00,Matches,2024
523,Tsubasa Terayama,jp JPN,"MF,FW",Sagan Tosu,23,2000,7,3,223,2.5,1,0,1,1,0,0,0,0,0.40,0.00,0.40,0.40,0.40,Matches,2024
524,Kohei Tezuka,jp JPN,MF,Kashiwa Reysol,27,1996,12,10,909,10.1,0,2,2,0,0,0,2,0,0.00,0.20,0.20,0.00,0.20,Matches,2024
525,Kohei Tezuka,jp JPN,MF,Sagan Tosu,27,1996,20,12,"1,077",12.0,0,4,4,0,0,0,2,0,0.00,0.33,0.33,0.00,0.33,Matches,2024
526,Matheus Thuler,br BRA,DF,Vissel Kobe,24,1999,36,36,"3,193",35.5,2,0,2,2,0,0,6,1,0.06,0.00,0.06,0.06,0.06,Matches,2024
527,Cayman Togashi,jp JPN,"MF,FW",Sagan Tosu,30,1993,37,26,"2,442",27.1,2,2,4,2,0,0,4,0,0.07,0.07,0.15,0.07,0.15,Matches,2024
528,Homare Tokuda,jp JPN,FW,Kashima Antlers,16,2007,12,0,117,1.3,1,0,1,1,0,0,0,0,0.77,0.00,0.77,0.77,0.77,Matches,2024
529,Shuhei Tokumoto,jp JPN,DF,FC Tokyo,28,1995,11,5,497,5.5,1,3,4,1,0,0,0,0,0.18,0.54,0.72,0.18,0.72,Matches,2024
530,Shuhei Tokumoto,jp JPN,MF,Grampus,28,1995,10,8,716,8.0,0,1,1,0,0,0,2,0,0.00,0.13,0.13,0.00,0.13,Matches,2024
531,Daiki Tomii,jp JPN,GK,Shonan Bellmare,34,1989,4,4,360,4.0,0,0,0,0,0,0,0,0,0.00,0.00,0.00,0.00,0.00,Matches,2024
532,Daiya Tono,jp JPN,MF,Kawasaki Frontale,24,1999,35,18,"1,74",19.3,1,4,5,1,0,0,2,0,0.05,0.21,0.26,0.05,0.26,Matches,2024
533,Koji Toriumi,jp JPN,DF,Cerezo Osaka,28,1995,30,26,"2,347",26.1,0,0,0,0,0,0,0,0,0.00,0.00,0.00,0.00,0.00,Matches,2024
534,Sachiro Toshima,jp JPN,MF,Kashiwa Reysol,28,1995,27,16,"1,484",16.5,3,2,5,3,0,0,4,0,0.18,0.12,0.30,0.18,0.30,Matches,2024
535,Shoji Toyama,jp JPN,MF,Gamba Osaka,21,2002,9,2,169,1.9,0,0,0,0,0,0,0,0,0.00,0.00,0.00,0.00,0.00,Matches,2024
536,Yuta Toyokawa,jp JPN,"FW,MF",Kyoto Sanga,29,1994,25,19,"1,441",16.0,4,0,4,4,0,0,2,0,0.25,0.00,0.25,0.25,0.25,Matches,2024
537,Henrique Trevisan,br BRA,DF,FC Tokyo,27,1997,17,17,"1,477",16.4,1,0,1,1,0,0,5,1,0.06,0.00,0.06,0.06,0.06,Matches,2024
538,Yūya Tsuboi,jp JPN,GK,Júbilo Iwata,24,1999,2,2,180,2.0,0,0,0,0,0,0,0,0,0.00,0.00,0.00,0.00,0.00,Matches,2024
539,Takumi Tsuchiya,jp JPN,MF,Kashiwa Reysol,20,2003,20,9,909,10.1,0,1,1,0,0,0,3,0,0.00,0.10,0.10,0.00,0.10,Matches,2024
540,Koki Tsukagawa,jp JPN,MF,Kyoto Sanga,29,1994,3,1,80,0.9,0,0,0,0,0,0,0,0,0.00,0.00,0.00,0.00,0.00,Matches,2024
541,Keisuke Tsukui,jp JPN,DF,Kashima Antlers,19,2004,5,1,99,1.1,0,0,0,0,0,0,0,0,0.00,0.00,0.00,0.00,0.00,Matches,2024
542,Yuto Tsunashima,jp JPN,"DF,MF",Tokyo Verdy,23,2000,30,22,"1,8",20.0,2,2,4,2,0,0,7,0,0.10,0.10,0.20,0.10,0.20,Matches,2024
543,Reiju Tsuruno,jp JPN,"MF,FW",Avispa Fukuoka,23,2001,12,2,233,2.6,0,0,0,0,0,0,0,0,0.00,0.00,0.00,0.00,0.00,Matches,2024
544,Marco Túlio,br BRA,FW,Kyoto Sanga,25,1998,29,22,"1,957",21.7,3,6,9,3,0,0,4,0,0.14,0.28,0.41,0.14,0.41,Matches,2024
545,Takuya Uchida,jp JPN,"DF,MF",Grampus,25,1998,29,23,"1,877",20.9,0,0,0,0,0,0,5,2,0.00,0.00,0.00,0.00,0.00,Matches,2024
546,Naomichi Ueda,jp JPN,DF,Kashima Antlers,29,1994,38,38,"3,419",38.0,3,2,5,3,0,0,3,0,0.08,0.05,0.13,0.08,0.13,Matches,2024
547,Katsunori Ueebisu,jp JPN,DF,Sagan Tosu,27,1996,20,9,974,10.8,0,0,0,0,0,0,1,0,0.00,0.00,0.00,0.00,0.00,Matches,2024
548,Rikiya Uehara,jp JPN,MF,Júbilo Iwata,27,1996,30,27,"2,364",26.3,1,5,6,1,0,0,3,0,0.04,0.19,0.23,0.04,0.23,Matches,2024
549,Satoki Uejo,jp JPN,"MF,FW",Cerezo Osaka,26,1997,29,7,747,8.3,0,0,0,0,0,0,1,0,0.00,0.00,0.00,0.00,0.00,Matches,2024
550,Hiroto Uemura,jp JPN,"DF,MF",Júbilo Iwata,22,2001,35,34,"2,958",32.9,1,1,2,1,0,0,1,0,0.03,0.03,0.06,0.03,0.06,Matches,2024
551,Asahi Uenaka,jp JPN,"MF,FW",Yokohama F. Marinos,22,2001,34,10,"1,231",13.7,3,3,6,3,0,0,3,0,0.22,0.22,0.44,0.22,0.44,Matches,2024
552,Tomoya Ugajin,jp JPN,"DF,MF",Urawa Reds,35,1988,2,0,13,0.1,0,0,0,0,0,0,0,0,0.00,0.00,0.00,0.00,0.00,Matches,2024
553,Zento Uno,jp JPN,MF,Machida Zelvia,20,2003,4,3,251,2.8,0,0,0,0,0,0,0,0,0.00,0.00,0.00,0.00,0.00,Matches,2024
554,Fumiya Unoki,jp JPN,MF,Kashiwa Reysol,22,2001,8,2,172,1.9,0,1,1,0,0,0,0,0,0.00,0.52,0.52,0.00,0.52,Matches,2024
555,Takashi Usami,jp JPN,"FW,MF",Gamba Osaka,31,1992,35,30,"2,655",29.5,12,8,20,7,5,5,4,0,0.41,0.27,0.68,0.24,0.51,Matches,2024
556,Byron Vásquez,cl CHI,MF,Machida Zelvia,23,2000,13,7,704,7.8,0,1,1,0,0,0,1,0,0.00,0.13,0.13,0.00,0.13,Matches,2024
557,Patrick Verhon,br BRA,MF,Kawasaki Frontale,19,2004,2,0,23,0.3,0,0,0,0,0,0,0,0,0.00,0.00,0.00,0.00,0.00,Matches,2024
558,Douglas Vieira,br BRA,FW,Sanfrecce Hiroshima,36,1987,20,3,525,5.8,2,1,3,2,0,0,2,0,0.34,0.17,0.51,0.34,0.51,Matches,2024
559,Yasuto Wakizaka,jp JPN,MF,Kawasaki Frontale,28,1995,34,32,"2,729",30.3,6,5,11,6,0,0,1,0,0.20,0.16,0.36,0.20,0.36,Matches,2024
560,Keigo Watanabe,jp JPN,FW,Shonan Bellmare,21,2002,1,0,9,0.1,0,0,0,0,0,0,0,0,0.00,0.00,0.00,0.00,0.00,Matches,2024
561,Kota Watanabe,jp JPN,MF,Yokohama F. Marinos,25,1998,30,28,"2,303",25.6,1,2,3,1,0,0,0,0,0.04,0.08,0.12,0.04,0.12,Matches,2024
562,Ryo Watanabe,jp JPN,"FW,MF",Júbilo Iwata,27,1996,11,7,638,7.1,2,2,4,2,0,0,1,0,0.28,0.28,0.56,0.28,0.56,Matches,2024
563,Ryo Watanabe,jp JPN,FW,Cerezo Osaka,27,1996,7,0,80,0.9,0,0,0,0,0,0,1,0,0.00,0.00,0.00,0.00,0.00,Matches,2024
564,Ryohei Watanabe,jp JPN,MF,Sagan Tosu,21,2002,4,1,186,2.1,0,0,0,0,0,0,0,0,0.00,0.00,0.00,0.00,0.00,Matches,2024
565,Ryoma Watanabe,jp JPN,"MF,DF",Urawa Reds,27,1996,38,38,"3,381",37.6,6,5,11,6,0,0,3,0,0.16,0.13,0.29,0.16,0.29,Matches,2024
566,Taiki Watanabe,jp JPN,DF,Yokohama F. Marinos,24,1999,20,13,"1,113",12.4,0,0,0,0,0,0,4,0,0.00,0.00,0.00,0.00,0.00,Matches,2024
567,Wellington,br BRA,FW,Avispa Fukuoka,35,1988,33,20,"1,83",20.3,3,1,4,3,0,0,4,0,0.15,0.05,0.20,0.15,0.20,Matches,2024
568,Sai van Wermeskerken,jp JPN,DF,Kawasaki Frontale,29,1994,24,21,"1,748",19.4,1,2,3,1,0,0,5,1,0.05,0.10,0.15,0.05,0.15,Matches,2024
569,Weverton,br BRA,MF,Júbilo Iwata,21,2002,1,0,3,0.0,0,0,0,0,0,0,0,0,0.00,0.00,0.00,0.00,0.00,Matches,2024
570,Teppei Yachida,jp JPN,MF,Kyoto Sanga,22,2001,3,1,101,1.1,0,0,0,0,0,0,0,0,0.00,0.00,0.00,0.00,0.00,Matches,2024
571,Fūki Yamada,jp JPN,MF,Tokyo Verdy,22,2001,21,19,"1,184",13.2,5,0,5,5,0,0,0,1,0.38,0.00,0.38,0.38,0.38,Matches,2024
572,Gouki Yamada,jp JPN,"FW,MF",Tokyo Verdy,23,2000,24,8,623,6.9,1,0,1,1,0,0,2,0,0.14,0.00,0.14,0.14,0.14,Matches,2024
573,Hiroki Yamada,jp JPN,MF,Júbilo Iwata,35,1988,25,10,827,9.2,4,0,4,3,1,1,3,0,0.44,0.00,0.44,0.33,0.33,Matches,2024
574,Hiroto Yamada,jp JPN,FW,Cerezo Osaka,23,2000,13,2,286,3.2,0,0,0,0,0,0,1,0,0.00,0.00,0.00,0.00,0.00,Matches,2024
575,Kota Yamada,jp JPN,MF,Gamba Osaka,24,1999,23,18,"1,401",15.6,4,1,5,4,0,0,1,0,0.26,0.06,0.32,0.26,0.32,Matches,2024
576,Naoki Yamada,jp JPN,MF,Shonan Bellmare,33,1990,10,3,324,3.6,0,0,0,0,0,0,0,0,0.00,0.00,0.00,0.00,0.00,Matches,2024
577,Shin Yamada,jp JPN,"FW,MF",Kawasaki Frontale,23,2000,38,21,"2,012",22.4,19,3,22,17,2,2,3,0,0.85,0.13,0.98,0.76,0.89,Matches,2024
578,Yuto Yamada,jp JPN,MF,Kashiwa Reysol,23,2000,30,26,"2,026",22.5,0,2,2,0,0,0,1,0,0.00,0.09,0.09,0.00,0.09,Matches,2024
579,Yuto Yamada,jp JPN,DF,Tokyo Verdy,22,2001,3,1,66,0.7,0,0,0,0,0,0,0,0,0.00,0.00,0.00,0.00,0.00,Matches,2024
580,Yuya Yamagishi,jp JPN,"MF,FW",Grampus,30,1993,23,18,"1,481",16.5,2,1,3,2,0,0,0,0,0.12,0.06,0.18,0.12,0.18,Matches,2024
581,Hotaru Yamaguchi,jp JPN,MF,Vissel Kobe,33,1990,27,22,"2,045",22.7,3,0,3,3,0,0,0,0,0.13,0.00,0.13,0.13,0.13,Matches,2024
582,Tetsushi Yamakawa,jp JPN,DF,Vissel Kobe,26,1997,37,37,"3,262",36.2,3,1,4,3,0,0,5,0,0.08,0.03,0.11,0.08,0.11,Matches,2024
583,Kohei Yamakoshi,jp JPN,DF,Tokyo Verdy,30,1993,4,2,208,2.3,0,0,0,0,0,0,2,0,0.00,0.00,0.00,0.00,0.00,Matches,2024
584,Hiroto Yamami,jp JPN,MF,Tokyo Verdy,24,1999,34,14,"1,511",16.8,7,6,13,6,1,1,2,0,0.42,0.36,0.77,0.36,0.71,Matches,2024
585,Ota Yamamoto,jp JPN,FW,Kashiwa Reysol,19,2004,9,0,127,1.4,0,0,0,0,0,0,0,0,0.00,0.00,0.00,0.00,0.00,Matches,2024
586,Yuki Yamamoto,jp JPN,MF,Kawasaki Frontale,26,1997,20,15,"1,157",12.9,1,1,2,1,0,0,1,0,0.08,0.08,0.16,0.08,0.16,Matches,2024
587,Kazuya Yamamura,jp JPN,MF,Yokohama F. Marinos,34,1989,3,1,118,1.3,0,0,0,0,0,0,0,0,0.00,0.00,0.00,0.00,0.00,Matches,2024
588,Ryosuke Yamanaka,jp JPN,MF,Grampus,30,1993,21,10,923,10.3,1,1,2,1,0,0,0,0,0.10,0.10,0.20,0.10,0.20,Matches,2024
589,Riku Yamane,jp JPN,MF,Yokohama F. Marinos,20,2003,28,10,"1,19",13.2,0,1,1,0,0,0,2,0,0.00,0.08,0.08,0.00,0.08,Matches,2024
590,Ryogo Yamasaki,jp JPN,FW,Cerezo Osaka,31,1992,14,0,202,2.2,1,0,1,1,0,0,0,0,0.45,0.00,0.45,0.45,0.45,Matches,2024
591,Ryogo Yamasaki,jp JPN,FW,Kyoto Sanga,31,1992,12,4,375,4.2,0,0,0,0,0,0,0,0,0.00,0.00,0.00,0.00,0.00,Matches,2024
592,Taichi Yamasaki,jp JPN,DF,Sanfrecce Hiroshima,23,2001,1,0,1,0.0,0,0,0,0,0,0,0,0,0.00,0.00,0.00,0.00,0.00,Matches,2024
593,Keita Yamashita,jp JPN,FW,FC Tokyo,27,1996,6,0,69,0.8,0,0,0,0,0,0,0,0,0.00,0.00,0.00,0.00,0.00,Matches,2024
594,Ryoya Yamashita,jp JPN,MF,Gamba Osaka,26,1997,30,19,"1,668",18.5,1,5,6,1,0,0,3,0,0.05,0.27,0.32,0.05,0.32,Matches,2024
595,Tatsuya Yamashita,jp JPN,DF,Cerezo Osaka,36,1987,4,0,22,0.2,0,0,0,0,0,0,1,0,0.00,0.00,0.00,0.00,0.00,Matches,2024
596,Hinata Yamauchi,jp JPN,"MF,FW",Kawasaki Frontale,22,2001,16,4,396,4.4,0,1,1,0,0,0,0,0,0.00,0.23,0.23,0.00,0.23,Matches,2024
597,Kakeru Yamauchi,jp JPN,MF,Vissel Kobe,22,2002,8,3,189,2.1,2,0,2,2,0,0,1,0,0.95,0.00,0.95,0.95,0.95,Matches,2024
598,Kosuke Yamazaki,jp JPN,DF,Sagan Tosu,28,1995,30,27,"2,441",27.1,1,0,1,1,0,0,6,0,0.04,0.00,0.04,0.04,0.04,Matches,2024
599,Kaito Yasui,jp JPN,MF,Urawa Reds,23,2000,32,27,"2,412",26.8,2,0,2,2,0,0,0,0,0.07,0.00,0.07,0.07,0.07,Matches,2024
600,Takuya Yasui,jp JPN,MF,Machida Zelvia,25,1998,8,0,79,0.9,0,1,1,0,0,0,0,0,0.00,1.14,1.14,0.00,1.14,Matches,2024
601,Ayumu Yokoyama,jp JPN,MF,Sagan Tosu,20,2003,24,13,"1,283",14.3,5,3,8,5,0,0,1,0,0.35,0.21,0.56,0.35,0.56,Matches,2024
602,Takuji Yonemoto,jp JPN,MF,Grampus,33,1990,13,9,810,9.0,0,1,1,0,0,0,1,1,0.00,0.11,0.11,0.00,0.11,Matches,2024
603,Takuji Yonemoto,jp JPN,MF,Kyoto Sanga,33,1990,11,5,432,4.8,0,0,0,0,0,0,1,0,0.00,0.00,0.00,0.00,0.00,Matches,2024
604,Arata Yoshida,jp JPN,MF,Shonan Bellmare,23,2000,6,4,284,3.2,0,0,0,0,0,0,0,0,0.00,0.00,0.00,0.00,0.00,Matches,2024
605,Haruki Yoshida,jp JPN,DF,Grampus,22,2001,16,7,648,7.2,1,2,3,1,0,0,3,0,0.14,0.28,0.42,0.14,0.42,Matches,2024
606,Manato Yoshida,jp JPN,MF,Yokohama F. Marinos,22,2001,1,0,14,0.2,0,0,0,0,0,0,0,0,0.00,0.00,0.00,0.00,0.00,Matches,2024
607,Koya Yuruki,jp JPN,FW,Vissel Kobe,28,1995,10,4,327,3.6,1,0,1,1,0,0,1,0,0.28,0.00,0.28,0.28,0.28,Matches,2024
608,Masato Yuzawa,jp JPN,MF,Avispa Fukuoka,30,1993,15,11,"1,036",11.5,0,1,1,0,0,0,3,0,0.00,0.09,0.09,0.00,0.09,Matches,2024
609,Shahab Zahedi,ir IRN,FW,Avispa Fukuoka,28,1995,31,14,"1,411",15.7,9,2,11,8,1,1,5,1,0.57,0.13,0.70,0.51,0.64,Matches,2024
610,Koto Abe,jp JPN,GK,Albirex Niigata,26,1997,5,5,450,5.0,0,0,0,0,0,0,0,0,0.00,0.00,0.00,0.00,0.00,Matches,2024
1,Hiroki Abe,jp JPN,"FW,MF",Urawa Reds,26,1999,2,0,27,0.3,0,1,1,0,0,0,1,0,0.00,3.33,3.33,0.00,3.33,Matches,2025
2,Kaito Abe,jp JPN,DF,Fagiano Okayama,25,1999,19,16,"1,462",16.2,0,0,0,0,0,0,0,0,0.00,0.00,0.00,0.00,0.00,Matches,2025
3,Shuto Abe,jp JPN,MF,Gamba Osaka,27,1997,15,15,"1,249",13.9,2,1,3,2,0,0,2,1,0.14,0.07,0.22,0.14,0.22,Matches,2025
4,Adaílton,br BRA,"MF,FW",Yokohama FC,34,1990,13,7,613,6.8,3,0,3,3,0,0,0,0,0.44,0.00,0.44,0.44,0.44,Matches,2025
5,Ahmed Ahmedov,bg BUL,FW,Shimizu S-Pulse,29,1995,9,3,247,2.7,0,0,0,0,0,0,1,0,0.00,0.00,0.00,0.00,0.00,Matches,2025
6,Hiroki Akino,jp JPN,MF,Avispa Fukuoka,30,1994,19,9,782,8.7,0,1,1,0,0,0,3,0,0.00,0.12,0.12,0.00,0.12,Matches,2025
7,Hiroki Akiyama,jp JPN,MF,Albirex Niigata,24,2000,15,12,"1,048",11.6,0,0,0,0,0,0,0,1,0.00,0.00,0.00,0.00,0.00,Matches,2025
8,Juan Alano,br BRA,MF,Gamba Osaka,28,1996,27,13,"1,262",14.0,1,7,8,1,0,0,2,0,0.07,0.50,0.57,0.07,0.57,Matches,2025
9,Lukian Araújo de Almeida,br BRA,"FW,MF",Yokohama FC,33,1991,31,26,"2,085",23.2,3,1,4,3,0,1,4,0,0.13,0.04,0.17,0.13,0.17,Matches,2025
10,Lukian Araújo de Almeida,br BRA,FW,Shonan Bellmare,33,1991,5,1,168,1.9,1,0,1,1,0,0,0,0,0.54,0.00,0.54,0.54,0.54,Matches,2025
11,Jun Amano,jp JPN,MF,Yokohama F. Marinos,33,1991,33,10,"1,076",12.0,5,2,7,4,1,1,3,0,0.42,0.17,0.59,0.33,0.50,Matches,2025
12,Tomoya Ando,jp JPN,DF,Avispa Fukuoka,26,1999,36,35,"3,195",35.5,4,0,4,4,0,0,4,0,0.11,0.00,0.11,0.11,0.11,Matches,2025
13,Koki Anzai,jp JPN,DF,Kashima Antlers,29,1995,19,19,"1,672",18.6,0,4,4,0,0,0,2,0,0.00,0.22,0.22,0.00,0.22,Matches,2025
14,Soma Anzai,jp JPN,"MF,DF",FC Tokyo,22,2002,30,17,"1,706",19.0,2,3,5,2,0,0,2,0,0.11,0.16,0.26,0.11,0.26,Matches,2025
15,Mizuki Arai,jp JPN,MF,Yokohama FC,27,1997,9,4,409,4.5,0,0,0,0,0,0,0,0,0.00,0.00,0.00,0.00,0.00,Matches,2025
16,Naoto Arai,jp JPN,MF,Sanfrecce Hiroshima,28,1996,27,16,"1,297",14.4,4,2,6,4,0,0,0,0,0.28,0.14,0.42,0.28,0.42,Matches,2025
17,Taiki Arai,jp JPN,MF,Albirex Niigata,27,1997,25,19,"1,649",18.3,1,0,1,1,0,0,2,0,0.05,0.00,0.05,0.05,0.05,Matches,2025
18,Yūta Arai,jp JPN,MF,Tokyo Verdy,21,2003,36,35,"2,637",29.3,2,1,3,2,0,0,4,1,0.07,0.03,0.10,0.07,0.10,Matches,2025
19,Hayato Araki,jp JPN,DF,Sanfrecce Hiroshima,28,1996,37,35,"3,142",34.9,3,2,5,3,0,0,0,0,0.09,0.06,0.14,0.09,0.14,Matches,2025
20,Ryotaro Araki,jp JPN,MF,Kashima Antlers,23,2002,19,11,803,8.9,0,2,2,0,0,0,0,0,0.00,0.22,0.22,0.00,0.22,Matches,2025
21,Yuri Nascimento de Araujo,br BRA,MF,Yokohama F. Marinos,28,1996,9,3,298,3.3,0,1,1,0,0,0,1,0,0.00,0.30,0.30,0.00,0.30,Matches,2025
22,Tolgay Arslan,de GER,MF,Sanfrecce Hiroshima,34,1990,9,5,455,5.1,2,0,2,1,1,1,3,0,0.40,0.00,0.40,0.20,0.20,Matches,2025
23,Hiroto Asada,jp JPN,FW,Yokohama F. Marinos,17,2008,1,0,1,0.0,0,0,0,0,0,0,0,0,0.00,0.00,0.00,0.00,0.00,Matches,2025
24,Shogo Asada,jp JPN,DF,Kyoto Sanga,26,1998,6,0,63,0.7,0,0,0,0,0,0,0,0,0.00,0.00,0.00,0.00,0.00,Matches,2025
25,Yuya Asano,jp JPN,MF,Grampus,27,1997,25,6,763,8.5,0,1,1,0,0,0,0,0,0.00,0.12,0.12,0.00,0.12,Matches,2025
26,Kodjo Aziangbe,tg TOG,MF,Yokohama F. Marinos,21,2003,21,14,"1,222",13.6,0,1,1,0,0,0,8,0,0.00,0.07,0.07,0.00,0.07,Matches,2025
27,Seiya Baba,jp JPN,"DF,MF",Kashiwa Reysol,23,2001,10,6,576,6.4,0,0,0,0,0,0,1,0,0.00,0.00,0.00,0.00,0.00,Matches,2025
28,Kashif Bangunagande,jp JPN,DF,FC Tokyo,23,2001,8,5,571,6.3,0,0,0,0,0,0,0,0,0.00,0.00,0.00,0.00,0.00,Matches,2025
29,Akimi Barada,jp JPN,MF,Shonan Bellmare,33,1991,27,9,"1,035",11.5,0,0,0,0,0,0,1,0,0.00,0.00,0.00,0.00,0.00,Matches,2025
30,Barreto,br BRA,MF,Kyoto Sanga,29,1995,2,0,9,0.1,0,0,0,0,0,0,0,0,0.00,0.00,0.00,0.00,0.00,Matches,2025
31,Nassim Ben Khalifa,ch SUI,FW,Avispa Fukuoka,33,1992,13,5,404,4.5,1,0,1,1,0,0,1,0,0.22,0.00,0.22,0.22,0.22,Matches,2025
32,Danilo Boza,br BRA,DF,Urawa Reds,26,1998,35,35,"3,15",35.0,1,0,1,1,0,0,5,0,0.03,0.00,0.03,0.03,0.03,Matches,2025
33,Svend Brodersen,de GER,GK,Fagiano Okayama,27,1997,37,36,"3,281",36.5,0,0,0,0,0,0,0,1,0.00,0.00,0.00,0.00,0.00,Matches,2025
34,Mateus Brunetti,br BRA,DF,Shimizu S-Pulse,25,1999,8,7,600,6.7,0,0,0,0,0,0,3,1,0.00,0.00,0.00,0.00,0.00,Matches,2025
35,Matheus Bueno,br BRA,MF,Shimizu S-Pulse,26,1998,37,37,"3,314",36.8,1,2,3,1,0,0,7,0,0.03,0.05,0.08,0.03,0.08,Matches,2025
36,Vitor Bueno,br BRA,MF,Cerezo Osaka,30,1994,17,6,492,5.5,3,0,3,2,1,1,0,0,0.55,0.00,0.55,0.37,0.37,Matches,2025
37,Caetano,br BRA,DF,Vissel Kobe,25,1999,3,1,108,1.2,0,0,0,0,0,0,0,0,0.00,0.00,0.00,0.00,0.00,Matches,2025
38,Capixaba,br BRA,MF,Shimizu S-Pulse,28,1997,26,22,"1,853",20.6,2,2,4,2,0,0,3,0,0.10,0.10,0.19,0.10,0.19,Matches,2025
39,Aleksandar Čavrić,rs SRB,MF,Kashima Antlers,30,1994,31,24,"1,955",21.7,3,4,7,2,1,1,3,0,0.14,0.18,0.32,0.09,0.28,Matches,2025
40,Yusuke Chajima,jp JPN,MF,Sanfrecce Hiroshima,33,1991,1,0,7,0.1,0,0,0,0,0,0,0,0,0.00,0.00,0.00,0.00,0.00,Matches,2025
41,Kanta Chiba,jp JPN,FW,Shimizu S-Pulse,21,2003,8,0,87,1.0,1,0,1,1,0,0,0,0,01.03,0.00,01.03,01.03,01.03,Matches,2025
42,Kazuhiko Chiba,jp JPN,DF,Albirex Niigata,39,1985,5,4,364,4.0,0,0,0,0,0,0,1,0,0.00,0.00,0.00,0.00,0.00,Matches,2025
43,Kaito Chida,jp JPN,DF,Tokyo Verdy,30,1994,8,8,600,6.7,0,0,0,0,0,0,0,0,0.00,0.00,0.00,0.00,0.00,Matches,2025
44,Kei Chinen,jp JPN,MF,Kashima Antlers,29,1995,29,13,"1,484",16.5,4,0,4,4,0,0,6,0,0.24,0.00,0.24,0.24,0.24,Matches,2025
45,Dion Cools,my MAS,DF,Cerezo Osaka,28,1996,14,10,914,10.2,2,1,3,2,0,0,1,0,0.20,0.10,0.30,0.20,0.30,Matches,2025
46,Murilo Costa,br BRA,FW,Kyoto Sanga,30,1994,11,3,294,3.3,0,0,0,0,0,0,0,0,0.00,0.00,0.00,0.00,0.00,Matches,2025
47,Jordy Croux,be BEL,MF,Yokohama F. Marinos,31,1994,12,11,834,9.3,2,5,7,1,1,2,3,0,0.22,0.54,0.76,0.11,0.65,Matches,2025
48,Danilo,br BRA,MF,Albirex Niigata,25,1999,17,6,675,7.5,3,1,4,3,0,0,2,0,0.40,0.13,0.53,0.40,0.53,Matches,2025
49,Dean David,il ISR,FW,Yokohama F. Marinos,28,1996,11,3,306,3.4,3,0,3,3,0,0,0,0,0.88,0.00,0.88,0.88,0.88,Matches,2025
50,Thomas Deng,au AUS,DF,Yokohama F. Marinos,27,1997,22,18,"1,805",20.1,0,0,0,0,0,0,3,0,0.00,0.00,0.00,0.00,0.00,Matches,2025
51,Diego,br BRA,MF,Kashiwa Reysol,29,1995,33,11,"1,132",12.6,5,3,8,5,0,0,3,0,0.40,0.24,0.64,0.40,0.64,Matches,2025
52,Kanta Doi,jp JPN,DF,FC Tokyo,20,2004,21,20,"1,778",19.8,0,1,1,0,0,0,2,0,0.00,0.05,0.05,0.00,0.05,Matches,2025
53,Yuji Doi,jp JPN,MF,Shimizu S-Pulse,17,2007,1,0,5,0.1,0,0,0,0,0,0,0,0,0.00,0.00,0.00,0.00,0.00,Matches,2025
54,Ibrahim Drešević,xk KVX,DF,Machida Zelvia,28,1997,33,25,"2,383",26.5,1,1,2,1,0,0,5,0,0.04,0.04,0.08,0.04,0.08,Matches,2025
55,Mitchell Duke,au AUS,"FW,MF",Machida Zelvia,34,1991,25,9,798,8.9,3,1,4,3,0,0,2,0,0.34,0.11,0.45,0.34,0.45,Matches,2025
56,Yusei Egawa,jp JPN,DF,Gamba Osaka,24,2000,5,2,155,1.7,0,0,0,0,0,0,1,0,0.00,0.00,0.00,0.00,0.00,Matches,2025
57,Élber,br BRA,MF,Kashima Antlers,32,1992,11,10,695,7.7,1,1,2,1,0,0,0,0,0.13,0.13,0.26,0.13,0.26,Matches,2025
58,Élber,br BRA,MF,Yokohama F. Marinos,32,1992,18,7,708,7.9,1,0,1,1,0,0,1,0,0.13,0.00,0.13,0.13,0.13,Matches,2025
59,Rafael Elias,br BRA,FW,Kyoto Sanga,25,1999,27,23,"1,991",22.1,18,4,22,15,3,4,5,0,0.81,0.18,0.99,0.68,0.86,Matches,2025
60,Keita Endo,jp JPN,MF,FC Tokyo,27,1997,23,20,"1,573",17.5,5,0,5,5,0,0,3,0,0.29,0.00,0.29,0.29,0.29,Matches,2025
61,Takanari Endo,jp JPN,MF,Yokohama FC,22,2002,13,1,329,3.7,0,1,1,0,0,0,0,0,0.00,0.27,0.27,0.00,0.27,Matches,2025
62,Erison,br BRA,FW,Kawasaki Frontale,25,1999,29,20,"1,628",18.1,12,3,15,11,1,2,6,0,0.66,0.17,0.83,0.61,0.77,Matches,2025
63,Ataru Esaka,jp JPN,MF,Fagiano Okayama,32,1992,38,36,"2,884",32.0,6,5,11,6,0,0,1,0,0.19,0.16,0.34,0.19,0.34,Matches,2025
64,Everton,br BRA,MF,FC Tokyo,27,1997,6,2,181,2.0,0,0,0,0,0,0,1,0,0.00,0.00,0.00,0.00,0.00,Matches,2025
65,Welton Felipe,br BRA,MF,Gamba Osaka,27,1997,14,9,743,8.3,1,2,3,1,0,0,1,0,0.12,0.24,0.36,0.12,0.36,Matches,2025
66,Lucas Fernandes,br BRA,"MF,FW",Cerezo Osaka,30,1994,32,28,"2,467",27.4,7,15,22,6,1,1,2,0,0.26,0.55,0.80,0.22,0.77,Matches,2025
67,Michael Fitzgerald,nz NZL,DF,Albirex Niigata,36,1988,31,30,"2,591",28.8,1,0,1,1,0,0,7,0,0.03,0.00,0.03,0.03,0.03,Matches,2025
68,Haruya Fujii,jp JPN,DF,Grampus,24,2000,11,11,945,10.5,0,1,1,0,0,0,1,0,0.00,0.10,0.10,0.00,0.10,Matches,2025
69,Kaito Fujii,jp JPN,MF,Fagiano Okayama,21,2003,10,5,404,4.5,0,0,0,0,0,0,1,0,0.00,0.00,0.00,0.00,0.00,Matches,2025
70,Tomoya Fujii,jp JPN,MF,Shonan Bellmare,26,1998,30,23,"2,071",23.0,0,0,0,0,0,0,2,0,0.00,0.00,0.00,0.00,0.00,Matches,2025
71,Kazuki Fujimoto,jp JPN,MF,Avispa Fukuoka,26,1998,31,24,"1,843",20.5,1,3,4,1,0,0,2,0,0.05,0.15,0.20,0.05,0.20,Matches,2025
72,Shota Fujio,jp JPN,"FW,MF",Machida Zelvia,23,2001,35,18,"1,437",16.0,2,2,4,2,0,0,4,0,0.13,0.13,0.25,0.13,0.25,Matches,2025
73,Ibuki Fujita,jp JPN,MF,Fagiano Okayama,34,1991,27,27,"2,301",25.6,0,1,1,0,0,0,2,0,0.00,0.04,0.04,0.00,0.04,Matches,2025
74,Kazuki Fujita,jp JPN,GK,Albirex Niigata,23,2001,16,16,"1,44",16.0,0,0,0,0,0,0,0,0,0.00,0.00,0.00,0.00,0.00,Matches,2025
75,Soya Fujiwara,jp JPN,DF,Albirex Niigata,29,1995,34,34,"3,06",34.0,0,1,1,0,0,0,5,0,0.00,0.03,0.03,0.00,0.03,Matches,2025
76,Yudai Fujiwara,jp JPN,DF,Urawa Reds,22,2002,1,0,9,0.1,0,0,0,0,0,0,0,0,0.00,0.00,0.00,0.00,0.00,Matches,2025
77,Daiki Fukazawa,jp JPN,"DF,MF",Tokyo Verdy,26,1998,22,21,"1,898",21.1,1,0,1,1,0,0,2,0,0.05,0.00,0.05,0.05,0.05,Matches,2025
78,Shinnosuke Fukuda,jp JPN,DF,Kyoto Sanga,24,2000,31,24,"2,137",23.7,4,1,5,4,0,0,1,0,0.17,0.04,0.21,0.17,0.21,Matches,2025
79,Sho Fukuda,jp JPN,"FW,MF",Shonan Bellmare,23,2001,18,15,"1,323",14.7,4,2,6,4,0,0,1,0,0.27,0.14,0.41,0.27,0.41,Matches,2025
80,Yuya Fukuda,jp JPN,MF,Tokyo Verdy,25,1999,29,20,"1,649",18.3,1,2,3,1,0,0,3,0,0.05,0.11,0.16,0.05,0.16,Matches,2025
81,Koki Fukui,jp JPN,GK,Cerezo Osaka,29,1995,30,30,"2,699",30.0,0,0,0,0,0,0,2,0,0.00,0.00,0.00,0.00,0.00,Matches,2025
82,Akito Fukumori,jp JPN,DF,Yokohama FC,32,1992,28,23,"2,014",22.4,0,2,2,0,0,0,2,0,0.00,0.09,0.09,0.00,0.09,Matches,2025
83,Shimpei Fukuoka,jp JPN,MF,Kyoto Sanga,24,2000,31,28,"2,271",25.2,0,1,1,0,0,0,6,0,0.00,0.04,0.04,0.00,0.04,Matches,2025
84,Shota Fukuoka,jp JPN,DF,Gamba Osaka,29,1995,34,32,"2,928",32.5,1,0,1,1,0,0,0,0,0.03,0.00,0.03,0.03,0.03,Matches,2025
85,Yu Funabashi,jp JPN,MF,Kashima Antlers,22,2002,31,19,"1,515",16.8,2,2,4,2,0,0,0,0,0.12,0.12,0.24,0.12,0.24,Matches,2025
86,Kakeru Funaki,jp JPN,DF,Albirex Niigata,26,1998,6,5,469,5.2,0,0,0,0,0,0,0,0,0.00,0.00,0.00,0.00,0.00,Matches,2025
87,Kakeru Funaki,jp JPN,DF,Cerezo Osaka,26,1998,9,7,570,6.3,0,0,0,0,0,0,1,0,0.00,0.00,0.00,0.00,0.00,Matches,2025
88,Kengo Furuyama,jp JPN,FW,Cerezo Osaka,22,2002,7,2,164,1.8,2,0,2,2,0,0,1,0,1.10,0.00,1.10,1.10,1.10,Matches,2025
89,Jason Geria,au AUS,DF,Albirex Niigata,31,1993,22,15,"1,428",15.9,0,0,0,0,0,0,0,0,0.00,0.00,0.00,0.00,0.00,Matches,2025
90,Ryo Germain,jp JPN,"FW,MF",Sanfrecce Hiroshima,29,1995,36,35,"3,011",33.5,4,3,7,1,3,3,5,0,0.12,0.09,0.21,0.03,0.12,Matches,2025
91,Valère Germain,fr FRA,"MF,FW",Sanfrecce Hiroshima,34,1990,24,10,756,8.4,3,1,4,3,0,0,0,0,0.36,0.12,0.48,0.36,0.48,Matches,2025
92,Gleyson,br BRA,FW,Fagiano Okayama,28,1996,3,0,28,0.3,0,0,0,0,0,0,1,0,0.00,0.00,0.00,0.00,0.00,Matches,2025
93,Leo Gomes,br BRA,MF,Kyoto Sanga,27,1997,11,3,342,3.8,0,0,0,0,0,0,2,0,0.00,0.00,0.00,0.00,0.00,Matches,2025
94,Marcos Guilherme,br BRA,MF,FC Tokyo,29,1995,12,6,577,6.4,0,0,0,0,0,0,1,0,0.00,0.00,0.00,0.00,0.00,Matches,2025
95,Riku Gunji,jp JPN,FW,Shimizu S-Pulse,19,2005,1,0,18,0.2,1,0,1,1,0,0,0,0,5.00,0.00,5.00,5.00,5.00,Matches,2025
96,Samuel Gustafson,se SWE,MF,Urawa Reds,30,1995,32,29,"2,444",27.2,3,1,4,3,0,0,3,0,0.11,0.04,0.15,0.11,0.15,Matches,2025
97,Kento Hamasaki,jp JPN,MF,Vissel Kobe,17,2007,3,1,125,1.4,0,0,0,0,0,0,0,0,0.00,0.00,0.00,0.00,0.00,Matches,2025
98,Riku Handa,jp JPN,DF,Gamba Osaka,23,2002,38,38,"3,41",37.9,1,4,5,1,0,0,2,0,0.03,0.11,0.13,0.03,0.13,Matches,2025
99,Kento Haneda,jp JPN,DF,Shimizu S-Pulse,27,1997,6,4,203,2.3,0,0,0,0,0,0,0,0,0.00,0.00,0.00,0.00,0.00,Matches,2025
100,Taichi Hara,jp JPN,FW,Kyoto Sanga,25,1999,34,34,"2,86",31.8,5,10,15,3,2,3,2,0,0.16,0.31,0.47,0.09,0.41,Matches,2025
101,Teruki Hara,jp JPN,DF,Grampus,26,1998,29,24,"2,177",24.2,3,0,3,3,0,0,3,0,0.12,0.00,0.12,0.12,0.12,Matches,2025
102,Wataru Harada,jp JPN,DF,Kashiwa Reysol,28,1996,32,30,"2,715",30.2,2,0,2,2,0,0,4,0,0.07,0.00,0.07,0.07,0.07,Matches,2025
103,Genki Haraguchi,jp JPN,MF,Urawa Reds,33,1991,21,2,433,4.8,0,2,2,0,0,0,1,0,0.00,0.42,0.42,0.00,0.42,Matches,2025
104,Riki Harakawa,jp JPN,MF,Kashiwa Reysol,31,1993,15,10,936,10.4,0,1,1,0,0,0,3,0,0.00,0.10,0.10,0.00,0.10,Matches,2025
105,Motoki Hasegawa,jp JPN,"FW,MF",Albirex Niigata,26,1998,38,35,"3,08",34.2,7,4,11,6,1,1,1,0,0.20,0.12,0.32,0.18,0.29,Matches,2025
106,Kento Hashimoto,jp JPN,DF,Albirex Niigata,25,1999,27,18,"1,725",19.2,0,2,2,0,0,0,3,0,0.00,0.10,0.10,0.00,0.10,Matches,2025
107,Kento Hashimoto,jp JPN,MF,FC Tokyo,31,1993,28,23,"1,927",21.4,0,2,2,0,0,0,5,0,0.00,0.09,0.09,0.00,0.09,Matches,2025
108,Rikuto Hashimoto,jp JPN,FW,Vissel Kobe,19,2005,1,1,45,0.5,0,0,0,0,0,0,0,0,0.00,0.00,0.00,0.00,0.00,Matches,2025
109,Yu Hashimoto,jp JPN,"MF,DF",Avispa Fukuoka,22,2002,25,11,"1,132",12.6,0,3,3,0,0,0,1,0,0.00,0.24,0.24,0.00,0.24,Matches,2025
110,Sodai Hasukawa,jp JPN,DF,Shimizu S-Pulse,26,1998,31,28,"2,531",28.1,0,0,0,0,0,0,2,0,0.00,0.00,0.00,0.00,0.00,Matches,2025
111,Taiga Hata,jp JPN,MF,Shonan Bellmare,23,2002,20,17,"1,63",18.1,0,3,3,0,0,0,1,0,0.00,0.17,0.17,0.00,0.17,Matches,2025
112,Shinnosuke Hatanaka,jp JPN,DF,Cerezo Osaka,29,1995,33,33,"2,896",32.2,0,0,0,0,0,0,2,0,0.00,0.00,0.00,0.00,0.00,Matches,2025
113,Go Hatano,jp JPN,GK,FC Tokyo,26,1998,7,7,630,7.0,0,0,0,0,0,0,0,0,0.00,0.00,0.00,0.00,0.00,Matches,2025
114,Ryo Hatsuse,jp JPN,DF,Gamba Osaka,27,1997,5,4,330,3.7,0,2,2,0,0,0,1,0,0.00,0.55,0.55,0.00,0.55,Matches,2025
115,Fumiya Hayakawa,jp JPN,DF,Albirex Niigata,31,1994,13,9,842,9.4,0,0,0,0,0,0,1,0,0.00,0.00,0.00,0.00,0.00,Matches,2025
116,Jumpei Hayakawa,jp JPN,MF,Urawa Reds,19,2005,6,1,88,1.0,0,0,0,0,0,0,0,0,0.00,0.00,0.00,0.00,0.00,Matches,2025
117,Tomoki Hayakawa,jp JPN,GK,Kashima Antlers,25,1999,38,38,"3,42",38.0,0,1,1,0,0,0,2,0,0.00,0.03,0.03,0.00,0.03,Matches,2025
118,Kotaro Hayashi,jp JPN,MF,Machida Zelvia,24,2000,33,29,"2,567",28.5,4,1,5,4,0,0,3,0,0.14,0.04,0.18,0.14,0.18,Matches,2025
119,Naoki Hayashi,jp JPN,DF,Tokyo Verdy,26,1998,16,15,"1,306",14.5,1,0,1,1,0,0,0,0,0.07,0.00,0.07,0.07,0.07,Matches,2025
120,Cesar Haydar,co COL,DF,Kawasaki Frontale,23,2001,3,3,222,2.5,1,0,1,1,0,0,0,0,0.41,0.00,0.41,0.41,0.41,Matches,2025
121,Haruto Hidaka,jp JPN,DF,Shimizu S-Pulse,21,2003,1,1,67,0.7,0,0,0,0,0,0,0,0,0.00,0.00,0.00,0.00,0.00,Matches,2025
122,Mitsuki Hidaka,jp JPN,DF,Vissel Kobe,21,2003,3,1,151,1.7,0,0,0,0,0,0,1,0,0.00,0.00,0.00,0.00,0.00,Matches,2025
123,Renji Hidano,jp JPN,MF,Urawa Reds,21,2003,1,1,75,0.8,1,0,1,1,0,0,0,0,1.20,0.00,1.20,1.20,1.20,Matches,2025
124,Keigo Higashi,jp JPN,"MF,FW",FC Tokyo,34,1990,18,8,694,7.7,0,0,0,0,0,0,4,0,0.00,0.00,0.00,0.00,0.00,Matches,2025
125,Shunki Higashi,jp JPN,MF,Sanfrecce Hiroshima,24,2000,35,24,"2,081",23.1,3,0,3,3,0,0,2,0,0.13,0.00,0.13,0.13,0.13,Matches,2025
126,Masaaki Higashiguchi,jp JPN,GK,Gamba Osaka,38,1986,1,1,90,1.0,0,0,0,0,0,0,0,1,0.00,0.00,0.00,0.00,0.00,Matches,2025
127,Yuta Higuchi,jp JPN,MF,Kashima Antlers,28,1996,25,13,"1,265",14.1,0,1,1,0,0,0,3,0,0.00,0.07,0.07,0.00,0.07,Matches,2025
128,Sora Hiraga,jp JPN,FW,Kyoto Sanga,19,2005,11,1,202,2.2,1,0,1,1,0,0,0,0,0.45,0.00,0.45,0.45,0.45,Matches,2025
129,Rei Hirakawa,jp JPN,MF,Tokyo Verdy,24,2000,34,25,"2,277",25.3,0,0,0,0,0,0,8,0,0.00,0.00,0.00,0.00,0.00,Matches,2025
130,Hayato Hirao,jp JPN,MF,Tokyo Verdy,20,2005,6,2,207,2.3,1,0,1,1,0,0,1,0,0.43,0.00,0.43,0.43,0.43,Matches,2025
131,Taiyo Hiraoka,jp JPN,MF,Shonan Bellmare,22,2002,28,22,"1,665",18.5,4,1,5,4,0,0,1,0,0.22,0.05,0.27,0.22,0.27,Matches,2025
132,Taiki Hirato,jp JPN,MF,Kyoto Sanga,27,1997,34,30,"2,442",27.1,0,6,6,0,0,0,2,1,0.00,0.22,0.22,0.00,0.22,Matches,2025
133,Rikuto Hirose,jp JPN,"FW,DF",Vissel Kobe,29,1995,28,19,"1,7",18.9,0,1,1,0,0,0,0,0,0.00,0.05,0.05,0.00,0.05,Matches,2025
134,Shion Homma,jp JPN,MF,Cerezo Osaka,24,2000,18,5,664,7.4,0,2,2,0,0,0,0,0,0.00,0.27,0.27,0.00,0.27,Matches,2025
135,Yuki Honda,jp JPN,DF,Vissel Kobe,34,1991,26,15,"1,321",14.7,0,2,2,0,0,0,3,0,0.00,0.14,0.14,0.00,0.14,Matches,2025
136,Yuto Horigome,jp JPN,DF,Albirex Niigata,30,1994,26,20,"1,674",18.6,1,1,2,1,0,0,2,0,0.05,0.05,0.11,0.05,0.11,Matches,2025
137,Yuji Hoshi,jp JPN,MF,Albirex Niigata,32,1992,20,17,"1,496",16.6,0,1,1,0,0,0,0,0,0.00,0.06,0.06,0.00,0.06,Matches,2025
138,Kyo Hosoi,jp JPN,"MF,DF",Yokohama FC,21,2003,8,8,720,8.0,1,1,2,1,0,0,1,0,0.12,0.12,0.25,0.12,0.25,Matches,2025
139,Mao Hosoya,jp JPN,FW,Kashiwa Reysol,23,2001,36,13,"1,421",15.8,11,2,13,10,1,2,1,0,0.70,0.13,0.82,0.63,0.76,Matches,2025
140,Deniz Hummet,tr TUR,FW,Gamba Osaka,28,1996,29,21,"1,76",19.6,7,3,10,7,0,0,4,0,0.36,0.15,0.51,0.36,0.51,Matches,2025
141,Marius Høibråten,no NOR,DF,Urawa Reds,30,1995,36,36,"3,231",35.9,2,0,2,2,0,0,3,0,0.06,0.00,0.06,0.06,0.06,Matches,2025
142,Akinori Ichikawa,jp JPN,GK,Yokohama FC,26,1998,24,24,"2,16",24.0,0,0,0,0,0,0,2,0,0.00,0.00,0.00,0.00,0.00,Matches,2025
143,Kazunari Ichimi,jp JPN,FW,Fagiano Okayama,27,1997,32,18,"1,367",15.2,5,0,5,4,1,1,0,0,0.33,0.00,0.33,0.26,0.26,Matches,2025
144,Jun Ichimori,jp JPN,GK,Gamba Osaka,33,1991,37,37,"3,33",37.0,0,1,1,0,0,0,1,0,0.00,0.03,0.03,0.00,0.03,Matches,2025
145,Haruya Ide,jp JPN,MF,Vissel Kobe,30,1994,18,6,619,6.9,0,1,1,0,0,0,2,0,0.00,0.15,0.15,0.00,0.15,Matches,2025
146,Yosuke Ideguchi,jp JPN,MF,Vissel Kobe,28,1996,30,29,"2,539",28.2,1,2,3,1,0,0,2,0,0.04,0.07,0.11,0.04,0.11,Matches,2025
147,Akihiro Ienaga,jp JPN,MF,Kawasaki Frontale,38,1986,29,12,"1,247",13.9,1,1,2,1,0,0,3,0,0.07,0.07,0.14,0.07,0.14,Matches,2025
148,Hiroki Iikura,jp JPN,GK,Yokohama F. Marinos,38,1986,9,9,810,9.0,0,0,0,0,0,0,0,0,0.00,0.00,0.00,0.00,0.00,Matches,2025
149,Nanasei Iino,jp JPN,"DF,FW",Vissel Kobe,28,1996,22,8,653,7.3,0,0,0,0,0,0,0,0,0.00,0.00,0.00,0.00,0.00,Matches,2025
150,Jurato Ikeda,jp JPN,DF,Avispa Fukuoka,28,1996,2,2,124,1.4,0,0,0,0,0,0,0,0,0.00,0.00,0.00,0.00,0.00,Matches,2025
151,Masaki Ikeda,jp JPN,MF,Shonan Bellmare,25,1999,24,13,"1,048",11.6,1,1,2,1,0,0,1,0,0.09,0.09,0.17,0.09,0.17,Matches,2025
152,Sho Inagaki,jp JPN,MF,Grampus,33,1991,38,38,"3,42",38.0,11,5,16,5,6,6,3,0,0.29,0.13,0.42,0.13,0.26,Matches,2025
153,Tetsuyuki Inami,jp JPN,MF,Tokyo Verdy,25,1999,16,2,345,3.8,0,0,0,0,0,0,1,0,0.00,0.00,0.00,0.00,0.00,Matches,2025
154,Hayato Inamura,jp JPN,DF,Albirex Niigata,22,2002,16,15,"1,372",15.2,1,1,2,1,0,0,1,0,0.07,0.07,0.13,0.07,0.13,Matches,2025
155,Alen Inoue,jp JPN,FW,Sanfrecce Hiroshima,18,2006,1,0,8,0.1,0,0,0,0,0,0,0,0,0.00,0.00,0.00,0.00,0.00,Matches,2025
156,Kenta Inoue,jp JPN,MF,Yokohama F. Marinos,26,1998,28,15,"1,37",15.2,0,4,4,0,0,0,6,0,0.00,0.26,0.26,0.00,0.26,Matches,2025
157,Rikito Inoue,jp JPN,DF,Cerezo Osaka,27,1997,9,8,701,7.8,0,0,0,0,0,0,1,0,0.00,0.00,0.00,0.00,0.00,Matches,2025
158,Rikito Inoue,jp JPN,DF,Urawa Reds,27,1997,2,1,98,1.1,0,0,0,0,0,0,0,0,0.00,0.00,0.00,0.00,0.00,Matches,2025
159,Ryota Inoue,jp JPN,DF,Tokyo Verdy,24,2000,1,1,85,0.9,0,0,0,0,0,0,0,0,0.00,0.00,0.00,0.00,0.00,Matches,2025
160,Shion Inoue,jp JPN,MF,Sanfrecce Hiroshima,27,1997,4,3,218,2.4,0,0,0,0,0,0,0,0,0.00,0.00,0.00,0.00,0.00,Matches,2025
161,Takashi Inui,jp JPN,MF,Shimizu S-Pulse,36,1988,38,29,"2,663",29.6,3,2,5,3,0,0,2,0,0.10,0.07,0.17,0.10,0.17,Matches,2025
162,Tomoya Inukai,jp JPN,DF,Kashiwa Reysol,31,1993,11,5,377,4.2,0,0,0,0,0,0,1,0,0.00,0.00,0.00,0.00,0.00,Matches,2025
163,Park Iru-gyu,jp JPN,GK,Yokohama F. Marinos,35,1989,28,28,"2,52",28.0,0,0,0,0,0,0,1,0,0.00,0.00,0.00,0.00,0.00,Matches,2025
164,Sena Ishibashi,jp JPN,MF,Shonan Bellmare,18,2006,10,1,235,2.6,0,0,0,0,0,0,0,0,0.00,0.00,0.00,0.00,0.00,Matches,2025
165,Hirokazu Ishihara,jp JPN,DF,Urawa Reds,25,1999,30,28,"2,442",27.1,1,2,3,1,0,0,3,0,0.04,0.07,0.11,0.04,0.11,Matches,2025
166,Hisatsugu Ishii,jp JPN,MF,Shonan Bellmare,19,2005,13,0,293,3.3,1,0,1,1,0,0,0,0,0.31,0.00,0.31,0.31,0.31,Matches,2025
167,Makito Ito,jp JPN,DF,Yokohama FC,32,1992,28,23,"2,057",22.9,2,0,2,2,0,0,5,1,0.09,0.00,0.09,0.09,0.09,Matches,2025
168,Sho Ito,jp JPN,MF,Yokohama FC,36,1988,16,2,277,3.1,1,0,1,1,0,0,0,0,0.32,0.00,0.32,0.32,0.32,Matches,2025
169,Tatsuya Ito,jp JPN,MF,Kawasaki Frontale,27,1997,35,27,"2,065",22.9,13,3,16,13,0,0,4,0,0.57,0.13,0.70,0.57,0.70,Matches,2025
170,Hiroto Iwabuchi,jp JPN,MF,Fagiano Okayama,27,1997,32,14,"1,078",12.0,3,0,3,3,0,0,2,0,0.25,0.00,0.25,0.25,0.25,Matches,2025
171,Takuya Iwanami,jp JPN,DF,Vissel Kobe,30,1994,7,1,134,1.5,0,0,0,0,0,0,1,0,0.00,0.00,0.00,0.00,0.00,Matches,2025
172,Yuto Iwasaki,jp JPN,"MF,FW",Avispa Fukuoka,26,1998,34,17,"1,698",18.9,1,2,3,1,0,0,0,0,0.05,0.11,0.16,0.05,0.16,Matches,2025
173,Katsuya Iwatake,jp JPN,"DF,MF",Yokohama FC,28,1996,11,10,883,9.8,0,0,0,0,0,0,0,0,0.00,0.00,0.00,0.00,0.00,Matches,2025
174,Ryuji Izumi,jp JPN,MF,Grampus,31,1993,37,36,"2,797",31.1,4,0,4,4,0,0,2,0,0.13,0.00,0.13,0.13,0.13,Matches,2025
175,Issam Jebali,tn TUN,FW,Gamba Osaka,33,1991,29,15,"1,446",16.1,7,5,12,6,1,1,4,0,0.44,0.31,0.75,0.37,0.68,Matches,2025
176,Jesiel,br BRA,DF,Kawasaki Frontale,30,1994,12,8,779,8.7,0,0,0,0,0,0,2,0,0.00,0.00,0.00,0.00,0.00,Matches,2025
177,Kim Jin-hyeon,kr KOR,GK,Cerezo Osaka,37,1987,9,8,721,8.0,0,0,0,0,0,0,0,0,0.00,0.00,0.00,0.00,0.00,Matches,2025
178,Marcos Júnior,br BRA,"FW,MF",Sanfrecce Hiroshima,32,1993,4,0,28,0.3,0,0,0,0,0,0,0,0,0.00,0.00,0.00,0.00,0.00,Matches,2025
179,Kasper Junker,dk DEN,FW,Grampus,30,1994,16,7,594,6.6,1,0,1,1,0,0,2,1,0.15,0.00,0.15,0.15,0.15,Matches,2025
180,Kim Jusung,kr KOR,DF,Sanfrecce Hiroshima,24,2000,8,7,649,7.2,1,1,2,1,0,0,1,0,0.14,0.14,0.28,0.14,0.28,Matches,2025
181,Shinji Kagawa,jp JPN,MF,Cerezo Osaka,35,1989,33,18,"1,747",19.4,2,2,4,2,0,0,3,0,0.10,0.10,0.21,0.10,0.21,Matches,2025
182,Yuki Kakita,jp JPN,FW,Kashiwa Reysol,27,1997,38,29,"2,232",24.8,6,5,11,6,0,0,3,0,0.24,0.20,0.44,0.24,0.44,Matches,2025
183,Naoto Kamifukumoto,jp JPN,GK,Shonan Bellmare,35,1989,20,20,"1,8",20.0,0,0,0,0,0,0,0,0,0.00,0.00,0.00,0.00,0.00,Matches,2025
184,Ryota Kamihashi,jp JPN,DF,Kawasaki Frontale,22,2002,3,0,90,1.0,0,1,1,0,0,0,0,0,0.00,1.00,1.00,0.00,1.00,Matches,2025
185,Takumi Kamijima,jp JPN,DF,Avispa Fukuoka,27,1997,27,20,"1,801",20.0,2,0,2,2,0,0,5,1,0.10,0.00,0.10,0.10,0.10,Matches,2025
186,Yuta Kamiya,jp JPN,MF,Fagiano Okayama,27,1997,36,14,"1,55",17.2,1,3,4,1,0,0,4,0,0.06,0.17,0.23,0.06,0.23,Matches,2025
187,Takeshi Kanamori,jp JPN,MF,Avispa Fukuoka,30,1994,13,2,194,2.2,1,0,1,1,0,0,0,0,0.46,0.00,0.46,0.46,0.46,Matches,2025
188,Junki Kanayama,jp JPN,GK,Fagiano Okayama,36,1988,1,1,13,0.1,0,0,0,0,0,0,0,0,0.00,0.00,0.00,0.00,0.00,Matches,2025
189,Soma Kanda,jp JPN,FW,Kawasaki Frontale,19,2005,8,2,187,2.1,1,0,1,1,0,0,0,0,0.48,0.00,0.48,0.48,0.48,Matches,2025
190,Takuro Kaneko,jp JPN,MF,Urawa Reds,27,1997,33,28,"2,25",25.0,1,4,5,1,0,0,2,1,0.04,0.16,0.20,0.04,0.20,Matches,2025
191,Keisuke Kasai,jp JPN,"FW,MF",Albirex Niigata,22,2002,20,7,644,7.2,2,2,4,2,0,0,1,0,0.28,0.28,0.56,0.28,0.56,Matches,2025
192,Eiichi Katayama,jp JPN,"DF,FW",Kashiwa Reysol,33,1991,2,0,29,0.3,0,0,0,0,0,0,0,0,0.00,0.00,0.00,0.00,0.00,Matches,2025
193,Gen Kato,jp JPN,MF,Grampus,21,2003,8,3,247,2.7,0,0,0,0,0,0,0,0,0.00,0.00,0.00,0.00,0.00,Matches,2025
194,Hijiri Kato,jp JPN,MF,Fagiano Okayama,23,2001,25,19,"1,768",19.6,0,3,3,0,0,0,0,0,0.00,0.15,0.15,0.00,0.15,Matches,2025
195,Ren Kato,jp JPN,DF,Yokohama F. Marinos,25,1999,27,23,"2,049",22.8,0,2,2,0,0,0,1,0,0.00,0.09,0.09,0.00,0.09,Matches,2025
196,Hayao Kawabe,jp JPN,MF,Sanfrecce Hiroshima,29,1995,37,35,"3,098",34.4,3,2,5,3,0,0,3,0,0.09,0.06,0.15,0.09,0.15,Matches,2025
197,So Kawahara,jp JPN,MF,Kawasaki Frontale,26,1998,37,30,"2,553",28.4,2,2,4,2,0,0,2,0,0.07,0.07,0.14,0.07,0.14,Matches,2025
198,Goro Kawanami,jp JPN,GK,Fagiano Okayama,33,1991,2,1,124,1.4,0,0,0,0,0,0,0,0,0.00,0.00,0.00,0.00,0.00,Matches,2025
199,Shuhei Kawasaki,jp JPN,MF,Tokyo Verdy,23,2001,16,1,324,3.6,1,0,1,1,0,0,0,0,0.28,0.00,0.28,0.28,0.28,Matches,2025
200,Sota Kawasaki,jp JPN,MF,Kyoto Sanga,23,2001,23,19,"1,789",19.9,4,1,5,4,0,0,1,0,0.20,0.05,0.25,0.20,0.25,Matches,2025
201,Akinari Kawazura,jp JPN,DF,Grampus,30,1994,20,11,"1,113",12.4,1,0,1,1,0,0,1,0,0.08,0.00,0.08,0.08,0.08,Matches,2025
202,Noah Kenshin Browne,jp JPN,FW,Fagiano Okayama,23,2001,11,0,135,1.5,0,0,0,0,0,0,0,0,0.00,0.00,0.00,0.00,0.00,Matches,2025
203,Hinata Kida,jp JPN,MF,Cerezo Osaka,24,2000,30,21,"1,641",18.2,0,1,1,0,0,0,2,0,0.00,0.05,0.05,0.00,0.05,Matches,2025
204,Takuya Kida,jp JPN,MF,Yokohama F. Marinos,30,1994,26,24,"2,077",23.1,2,1,3,2,0,0,5,0,0.09,0.04,0.13,0.09,0.13,Matches,2025
205,Isaac Kiese Thelin,se SWE,FW,Urawa Reds,32,1992,10,6,561,6.2,2,0,2,2,0,0,3,0,0.32,0.00,0.32,0.32,0.32,Matches,2025
206,Ryuho Kikuchi,jp JPN,DF,Machida Zelvia,28,1996,9,9,706,7.8,2,0,2,2,0,0,0,0,0.25,0.00,0.25,0.25,0.25,Matches,2025
207,Taichi Kikuchi,jp JPN,MF,Grampus,25,1999,20,4,592,6.6,1,2,3,1,0,0,0,0,0.15,0.30,0.46,0.15,0.46,Matches,2025
208,Yasuki Kimoto,jp JPN,DF,FC Tokyo,31,1993,7,5,470,5.2,0,0,0,0,0,0,0,0,0.00,0.00,0.00,0.00,0.00,Matches,2025
209,Ryoya Kimura,jp JPN,GK,Yokohama F. Marinos,21,2003,1,1,90,1.0,0,0,0,0,0,0,1,0,0.00,0.00,0.00,0.00,0.00,Matches,2025
210,Seiji Kimura,jp JPN,DF,FC Tokyo,23,2001,9,8,734,8.2,0,0,0,0,0,0,0,0,0.00,0.00,0.00,0.00,0.00,Matches,2025
211,Takaya Kimura,jp JPN,MF,Fagiano Okayama,26,1998,37,26,"2,187",24.3,4,1,5,4,0,0,1,0,0.16,0.04,0.21,0.16,0.21,Matches,2025
212,Takuto Kimura,jp JPN,MF,Yokohama F. Marinos,24,2000,1,0,1,0.0,0,0,0,0,0,0,0,0,0.00,0.00,0.00,0.00,0.00,Matches,2025
213,Yūdai Kimura,jp JPN,FW,Tokyo Verdy,23,2001,20,13,"1,293",14.4,2,0,2,1,1,1,1,0,0.14,0.00,0.14,0.07,0.07,Matches,2025
214,Yūdai Kimura,jp JPN,FW,Grampus,23,2001,14,6,631,7.0,1,0,1,1,0,0,0,0,0.14,0.00,0.14,0.14,0.14,Matches,2025
215,Kosuke Kinoshita,jp JPN,FW,Sanfrecce Hiroshima,30,1994,20,9,862,9.6,6,2,8,5,1,1,1,0,0.63,0.21,0.84,0.52,0.73,Matches,2025
216,Kosuke Kinoshita,jp JPN,FW,Kashiwa Reysol,30,1994,14,3,393,4.4,3,2,5,3,0,0,0,0,0.69,0.46,1.15,0.69,1.15,Matches,2025
217,Takeru Kishimoto,jp JPN,"MF,DF",Gamba Osaka,27,1997,24,5,677,7.5,4,0,4,4,0,0,2,0,0.53,0.00,0.53,0.53,0.53,Matches,2025
218,Koya Kitagawa,jp JPN,FW,Shimizu S-Pulse,28,1996,37,25,"2,255",25.1,10,0,10,4,6,9,4,0,0.40,0.00,0.40,0.16,0.16,Matches,2025
219,Maki Kitahara,jp JPN,MF,FC Tokyo,15,2009,7,3,237,2.6,0,0,0,0,0,0,0,0,0.00,0.00,0.00,0.00,0.00,Matches,2025
220,Yuji Kitajima,jp JPN,MF,Avispa Fukuoka,24,2000,12,8,624,6.9,1,2,3,1,0,0,1,0,0.14,0.29,0.43,0.14,0.43,Matches,2025
221,Sota Kitano,jp JPN,MF,Cerezo Osaka,20,2004,19,14,"1,417",15.7,4,4,8,4,0,1,2,0,0.25,0.25,0.51,0.25,0.51,Matches,2025
222,Kengo Kitazume,jp JPN,"MF,DF",Shimizu S-Pulse,32,1992,21,12,"1,182",13.1,0,1,1,0,0,0,1,1,0.00,0.08,0.08,0.00,0.08,Matches,2025
223,Gustavo Klismahn,br BRA,MF,Vissel Kobe,25,1999,9,0,116,1.3,0,0,0,0,0,0,1,0,0.00,0.00,0.00,0.00,0.00,Matches,2025
224,Takahiro Ko,jp JPN,MF,FC Tokyo,26,1998,33,32,"2,777",30.9,2,4,6,2,0,0,1,0,0.06,0.13,0.19,0.06,0.19,Matches,2025
225,Shimon Kobayashi,jp JPN,FW,Sanfrecce Hiroshima,17,2008,1,0,1,0.0,0,0,0,0,0,0,0,0,0.00,0.00,0.00,0.00,0.00,Matches,2025
226,Yu Kobayashi,jp JPN,FW,Kawasaki Frontale,37,1987,13,3,324,3.6,1,0,1,1,0,0,0,0,0.28,0.00,0.28,0.28,0.28,Matches,2025
227,Taiyo Koga,jp JPN,DF,Kashiwa Reysol,26,1998,38,38,"3,42",38.0,0,0,0,0,0,0,2,0,0.00,0.00,0.00,0.00,0.00,Matches,2025
228,Ryuta Koike,jp JPN,"DF,MF",Kashima Antlers,29,1995,30,27,"2,342",26.0,1,3,4,1,0,0,2,0,0.04,0.12,0.15,0.04,0.15,Matches,2025
229,Kei Koizumi,jp JPN,MF,FC Tokyo,29,1995,30,17,"1,707",19.0,1,2,3,1,0,0,4,0,0.05,0.11,0.16,0.05,0.16,Matches,2025
230,Yoshio Koizumi,jp JPN,MF,Kashiwa Reysol,28,1996,35,34,"2,902",32.2,7,4,11,7,0,0,3,0,0.22,0.12,0.34,0.22,0.34,Matches,2025
231,Ryosuke Kojima,jp JPN,GK,Kashiwa Reysol,28,1997,38,38,"3,42",38.0,0,0,0,0,0,0,1,0,0.00,0.00,0.00,0.00,0.00,Matches,2025
232,Yoshiaki Komai,jp JPN,MF,Yokohama FC,32,1992,21,17,"1,461",16.2,0,1,1,0,0,0,2,0,0.00,0.06,0.06,0.00,0.06,Matches,2025
233,Ren Komatsu,jp JPN,FW,Vissel Kobe,26,1998,4,0,54,0.6,0,1,1,0,0,0,0,0,0.00,1.67,1.67,0.00,1.67,Matches,2025
234,Naoya Komazawa,jp JPN,MF,Yokohama FC,22,2002,9,2,290,3.2,0,0,0,0,0,0,0,0,0.00,0.00,0.00,0.00,0.00,Matches,2025
235,Yota Komi,jp JPN,MF,Kashiwa Reysol,22,2002,7,0,117,1.3,0,0,0,0,0,0,0,0,0.00,0.00,0.00,0.00,0.00,Matches,2025
236,Yota Komi,jp JPN,MF,Albirex Niigata,22,2002,16,10,946,10.5,2,1,3,1,1,1,0,0,0.19,0.10,0.29,0.10,0.19,Matches,2025
237,Tsuna Kominato,jp JPN,FW,FC Tokyo,20,2004,1,0,7,0.1,0,0,0,0,0,0,0,0,0.00,0.00,0.00,0.00,0.00,Matches,2025
238,Hiiro komori,jp JPN,FW,Urawa Reds,24,2000,11,6,473,5.3,4,0,4,4,0,0,0,0,0.76,0.00,0.76,0.76,0.76,Matches,2025
239,Yudai Konishi,jp JPN,MF,Kashiwa Reysol,26,1998,6,3,296,3.3,1,1,2,1,0,0,0,0,0.30,0.30,0.61,0.30,0.61,Matches,2025
240,Kazuya Konno,jp JPN,MF,Avispa Fukuoka,27,1997,36,26,"2,28",25.3,3,0,3,3,0,0,2,0,0.12,0.00,0.12,0.12,0.12,Matches,2025
241,Sota Koshimichi,jp JPN,MF,Sanfrecce Hiroshima,20,2004,21,4,328,3.6,0,1,1,0,0,0,1,0,0.00,0.27,0.27,0.00,0.27,Matches,2025
242,Sean Kotake,jp JPN,MF,Shimizu S-Pulse,18,2006,2,0,19,0.2,0,0,0,0,0,0,0,0,0.00,0.00,0.00,0.00,0.00,Matches,2025
243,Tomoya Koyamatsu,jp JPN,MF,Kashiwa Reysol,29,1995,37,33,"2,667",29.6,3,10,13,3,0,1,1,0,0.10,0.34,0.44,0.10,0.44,Matches,2025
244,Kazuki Kozuka,jp JPN,MF,Shimizu S-Pulse,30,1994,17,4,437,4.9,2,0,2,2,0,0,1,0,0.41,0.00,0.41,0.41,0.41,Matches,2025
245,Tojiro Kubo,jp JPN,MF,Kashiwa Reysol,25,1999,31,27,"2,541",28.2,7,4,11,7,0,0,0,0,0.25,0.14,0.39,0.25,0.39,Matches,2025
246,Ryo Kubota,jp JPN,MF,Yokohama FC,24,2001,7,2,269,3.0,1,0,1,1,0,0,0,0,0.33,0.00,0.33,0.33,0.33,Matches,2025
247,Kota Kudo,jp JPN,DF,Fagiano Okayama,21,2003,25,21,"1,952",21.7,0,1,1,0,0,0,2,0,0.00,0.05,0.05,0.00,0.05,Matches,2025
248,Koki Kumakura,jp JPN,MF,Yokohama FC,22,2002,5,1,135,1.5,0,0,0,0,0,0,0,0,0.00,0.00,0.00,0.00,0.00,Matches,2025
249,Koki Kumasaka,jp JPN,MF,Kashiwa Reysol,23,2001,18,17,"1,575",17.5,0,0,0,0,0,0,4,0,0.00,0.00,0.00,0.00,0.00,Matches,2025
250,Issei Kumatoriya,jp JPN,MF,Tokyo Verdy,21,2003,11,1,182,2.0,1,0,1,1,0,0,0,0,0.49,0.00,0.49,0.49,0.49,Matches,2025
251,Shu Kurata,jp JPN,MF,Gamba Osaka,36,1988,25,12,"1,095",12.2,4,0,4,4,0,0,2,0,0.33,0.00,0.33,0.33,0.33,Matches,2025
252,Keisuke Kurokawa,jp JPN,DF,Gamba Osaka,27,1997,37,34,"2,945",32.7,2,2,4,2,0,0,0,0,0.06,0.06,0.12,0.06,0.12,Matches,2025
253,Shintaro Kurumaya,jp JPN,DF,Kawasaki Frontale,32,1992,3,2,238,2.6,0,0,0,0,0,0,0,0,0.00,0.00,0.00,0.00,0.00,Matches,2025
254,Yuya Kuwasaki,jp JPN,"MF,DF",Vissel Kobe,26,1998,30,21,"1,816",20.2,1,0,1,1,0,0,2,0,0.05,0.00,0.05,0.05,0.05,Matches,2025
255,Kanji Kuwayama,jp JPN,FW,Machida Zelvia,22,2002,21,1,293,3.3,1,1,2,1,0,0,1,0,0.31,0.31,0.61,0.31,0.61,Matches,2025
256,Neta Lavi,il ISR,MF,Machida Zelvia,28,1996,6,1,155,1.7,0,0,0,0,0,0,0,0,0.00,0.00,0.00,0.00,0.00,Matches,2025
257,Neta Lavi,il ISR,MF,Gamba Osaka,28,1996,18,15,"1,31",14.6,1,2,3,1,0,0,1,0,0.07,0.14,0.21,0.07,0.21,Matches,2025
258,Leonardo,br BRA,FW,Kashima Antlers,29,1995,34,31,"2,446",27.2,21,0,21,20,1,1,4,0,0.77,0.00,0.77,0.74,0.74,Matches,2025
259,Erik Lima,br BRA,FW,Vissel Kobe,30,1994,29,21,"1,771",19.7,8,4,12,8,0,1,3,0,0.41,0.20,0.61,0.41,0.61,Matches,2025
260,Anderson Lopes,br BRA,FW,Yokohama F. Marinos,31,1993,20,20,"1,703",18.9,2,1,3,0,2,2,1,0,0.11,0.05,0.16,0.00,0.05,Matches,2025
261,Hiroyuki Mae,jp JPN,MF,Machida Zelvia,29,1995,33,32,"2,773",30.8,0,2,2,0,0,0,6,0,0.00,0.06,0.06,0.00,0.06,Matches,2025
262,Hikaru Maeda,jp JPN,MF,Avispa Fukuoka,16,2008,1,1,45,0.5,0,0,0,0,0,0,0,0,0.00,0.00,0.00,0.00,0.00,Matches,2025
263,Ichika Maeda,jp JPN,MF,Avispa Fukuoka,18,2006,1,0,12,0.1,0,0,0,0,0,0,0,0,0.00,0.00,0.00,0.00,0.00,Matches,2025
264,Kantaro Maeda,jp JPN,FW,Yokohama FC,17,2007,1,0,27,0.3,0,0,0,0,0,0,0,0,0.00,0.00,0.00,0.00,0.00,Matches,2025
265,Naoki Maeda,jp JPN,MF,Sanfrecce Hiroshima,30,1994,27,12,998,11.1,2,1,3,2,0,0,2,0,0.18,0.09,0.27,0.18,0.27,Matches,2025
266,Naoki Maeda,jp JPN,MF,Urawa Reds,30,1994,3,1,57,0.6,0,0,0,0,0,0,0,0,0.00,0.00,0.00,0.00,0.00,Matches,2025
267,Yota Maejima,jp JPN,"DF,MF",Avispa Fukuoka,27,1997,27,19,"1,908",21.2,0,2,2,0,0,0,3,0,0.00,0.09,0.09,0.00,0.09,Matches,2025
268,Daiya Maekawa,jp JPN,GK,Vissel Kobe,30,1994,38,38,"3,42",38.0,0,0,0,0,0,0,0,0,0.00,0.00,0.00,0.00,0.00,Matches,2025
269,Marcinho,br BRA,MF,Kawasaki Frontale,29,1995,37,33,"2,474",27.5,6,3,9,6,0,0,6,0,0.22,0.11,0.33,0.22,0.33,Matches,2025
270,Lucas Marcos,br BRA,FW,Fagiano Okayama,29,1995,38,20,"2,105",23.4,5,1,6,5,0,0,3,0,0.21,0.04,0.26,0.21,0.26,Matches,2025
271,Yuichi Maruyama,jp JPN,DF,Kawasaki Frontale,35,1989,24,23,"1,958",21.8,0,1,1,0,0,0,1,0,0.00,0.05,0.05,0.00,0.05,Matches,2025
272,Asahi Masuyama,jp JPN,MF,Machida Zelvia,28,1997,5,5,348,3.9,0,0,0,0,0,0,1,0,0.00,0.00,0.00,0.00,0.00,Matches,2025
273,Mateus,br BRA,"MF,FW",Grampus,30,1994,25,20,"1,648",18.3,5,2,7,5,0,0,3,0,0.27,0.11,0.38,0.27,0.38,Matches,2025
274,Yan Matheus,br BRA,MF,Yokohama F. Marinos,26,1998,24,20,"1,71",19.0,5,3,8,5,0,0,1,0,0.26,0.16,0.42,0.26,0.42,Matches,2025
275,Ken Matsubara,jp JPN,DF,Yokohama F. Marinos,31,1993,21,18,"1,619",18.0,0,0,0,0,0,0,2,0,0.00,0.00,0.00,0.00,0.00,Matches,2025
276,Riku Matsuda,jp JPN,DF,Vissel Kobe,33,1991,2,2,135,1.5,0,0,0,0,0,0,0,0,0.00,0.00,0.00,0.00,0.00,Matches,2025
277,Temma Matsuda,jp JPN,"FW,MF",Kyoto Sanga,29,1995,24,17,"1,17",13.0,3,3,6,3,0,0,4,0,0.23,0.23,0.46,0.23,0.46,Matches,2025
278,Yuan Matsuhashi,jp JPN,MF,Tokyo Verdy,23,2001,34,11,"1,331",14.8,0,1,1,0,0,0,6,0,0.00,0.07,0.07,0.00,0.07,Matches,2025
279,Hiroya Matsumoto,jp JPN,DF,Shonan Bellmare,24,2000,14,12,"1,143",12.7,0,0,0,0,0,0,1,1,0.00,0.00,0.00,0.00,0.00,Matches,2025
280,Hiroya Matsumoto,jp JPN,MF,Sanfrecce Hiroshima,24,2000,4,0,18,0.2,0,0,0,0,0,0,0,0,0.00,0.00,0.00,0.00,0.00,Matches,2025
281,Masaya Matsumoto,jp JPN,MF,Fagiano Okayama,30,1995,28,16,"1,533",17.0,1,0,1,1,0,0,2,0,0.06,0.00,0.06,0.06,0.06,Matches,2025
282,Taishi Matsumoto,jp JPN,MF,Urawa Reds,26,1998,29,14,"1,316",14.6,3,2,5,3,0,0,0,0,0.21,0.14,0.34,0.21,0.34,Matches,2025
283,Kosuke Matsumura,jp JPN,MF,Yokohama F. Marinos,20,2004,9,1,185,2.1,0,0,0,0,0,0,0,0,0.00,0.00,0.00,0.00,0.00,Matches,2025
284,Sere Matsumura,jp JPN,"MF,DF",Shonan Bellmare,21,2003,15,12,970,10.8,0,0,0,0,0,0,0,0,0.00,0.00,0.00,0.00,0.00,Matches,2025
285,Yuta Matsumura,id IDN,MF,Kashima Antlers,23,2001,38,11,"1,495",16.6,3,6,9,3,0,0,2,0,0.18,0.36,0.54,0.18,0.54,Matches,2025
286,Yusuke Matsuo,jp JPN,"FW,MF",Urawa Reds,27,1997,32,19,"1,854",20.6,4,0,4,4,0,0,0,0,0.19,0.00,0.19,0.19,0.19,Matches,2025
287,Daiki Matsuoka,jp JPN,MF,Avispa Fukuoka,23,2001,36,35,"3,132",34.8,1,0,1,1,0,0,6,0,0.03,0.00,0.03,0.03,0.03,Matches,2025
288,Kai Matsuzaki,jp JPN,MF,Shimizu S-Pulse,27,1997,33,24,"1,854",20.6,4,5,9,4,0,0,3,0,0.19,0.24,0.44,0.19,0.44,Matches,2025
289,Phelipe Megiolaro,br BRA,GK,Yokohama FC,25,1999,2,2,180,2.0,0,0,0,0,0,0,0,0,0.00,0.00,0.00,0.00,0.00,Matches,2025
290,Ryotaro Meshino,jp JPN,MF,Gamba Osaka,26,1998,9,3,370,4.1,0,2,2,0,0,0,0,0,0.00,0.49,0.49,0.00,0.49,Matches,2025
291,Soma Meshino,jp JPN,MF,Tokyo Verdy,23,2001,19,2,351,3.9,0,0,0,0,0,0,0,0,0.00,0.00,0.00,0.00,0.00,Matches,2025
292,Michel,br BRA,MF,Yokohama FC,27,1997,2,0,9,0.1,0,0,0,0,0,0,0,0,0.00,0.00,0.00,0.00,0.00,Matches,2025
293,Tomoya Miki,jp JPN,MF,Avispa Fukuoka,26,1998,29,28,"2,426",27.0,6,1,7,3,3,3,3,0,0.22,0.04,0.26,0.11,0.15,Matches,2025
294,Kenedyegbus Mikuni,jp JPN,DF,Grampus,24,2000,25,23,"2,116",23.5,0,0,0,0,0,0,1,0,0.00,0.00,0.00,0.00,0.00,Matches,2025
295,Kim Min-tae,kr KOR,DF,Shimizu S-Pulse,31,1993,7,7,630,7.0,0,0,0,0,0,0,1,0,0.00,0.00,0.00,0.00,0.00,Matches,2025
296,Kim Min-tae,kr KOR,DF,Shonan Bellmare,31,1993,15,14,"1,299",14.4,0,0,0,0,0,0,3,0,0.00,0.00,0.00,0.00,0.00,Matches,2025
297,Harumi Minamino,jp JPN,FW,Gamba Osaka,20,2004,10,1,189,2.1,1,0,1,1,0,0,0,0,0.48,0.00,0.48,0.48,0.48,Matches,2025
298,Kento Misao,jp JPN,MF,Kashima Antlers,28,1996,29,20,"1,802",20.0,0,0,0,0,0,0,3,0,0.00,0.00,0.00,0.00,0.00,Matches,2025
299,Rin Mito,jp JPN,MF,Gamba Osaka,22,2002,23,12,"1,056",11.7,1,1,2,1,0,0,0,0,0.09,0.09,0.17,0.09,0.17,Matches,2025
300,Hiromu Mitsumaru,jp JPN,DF,Kashiwa Reysol,31,1993,18,15,"1,246",13.8,1,1,2,1,0,0,3,0,0.07,0.07,0.14,0.07,0.14,Matches,2025
301,Makoto Mitsuta,jp JPN,MF,Gamba Osaka,25,1999,34,30,"2,598",28.9,2,0,2,2,0,0,2,0,0.07,0.00,0.07,0.07,0.07,Matches,2025
302,Genta Miura,jp JPN,DF,Gamba Osaka,29,1995,8,5,516,5.7,0,0,0,0,0,0,1,0,0.00,0.00,0.00,0.00,0.00,Matches,2025
303,Sota Miura,jp JPN,DF,Kawasaki Frontale,24,2000,24,23,"2,099",23.3,0,6,6,0,0,0,1,0,0.00,0.26,0.26,0.00,0.26,Matches,2025
304,Daiki Miya,jp JPN,DF,Grampus,28,1996,5,4,345,3.8,0,0,0,0,0,0,1,0,0.00,0.00,0.00,0.00,0.00,Matches,2025
305,Ten Miyagi,jp JPN,FW,Kawasaki Frontale,23,2001,19,0,370,4.1,4,0,4,3,1,1,0,0,0.97,0.00,0.97,0.73,0.73,Matches,2025
306,Kazuya Miyahara,jp JPN,"DF,MF",Tokyo Verdy,28,1996,32,31,"2,67",29.7,0,0,0,0,0,0,1,0,0.00,0.00,0.00,0.00,0.00,Matches,2025
307,Ryo Miyaichi,jp JPN,"MF,DF",Yokohama F. Marinos,32,1992,22,12,"1,064",11.8,0,0,0,0,0,0,3,0,0.00,0.00,0.00,0.00,0.00,Matches,2025
308,Eiji Miyamoto,jp JPN,MF,Albirex Niigata,26,1998,10,7,599,6.7,0,1,1,0,0,0,1,0,0.00,0.15,0.15,0.00,0.15,Matches,2025
309,Eiji Miyamoto,jp JPN,MF,Fagiano Okayama,26,1998,11,10,776,8.6,0,1,1,0,0,0,2,0,0.00,0.12,0.12,0.00,0.12,Matches,2025
310,Kota Miyamoto,jp JPN,MF,Shimizu S-Pulse,28,1996,8,3,250,2.8,0,0,0,0,0,0,0,0,0.00,0.00,0.00,0.00,0.00,Matches,2025
311,Yūta Miyamoto,jp JPN,DF,Kyoto Sanga,25,1999,33,30,"2,702",30.0,0,0,0,0,0,0,1,0,0.00,0.00,0.00,0.00,0.00,Matches,2025
312,Taisei Miyashiro,jp JPN,"MF,FW",Vissel Kobe,24,2000,34,33,"2,796",31.1,11,4,15,11,0,1,0,0,0.35,0.13,0.48,0.35,0.48,Matches,2025
313,Shūhei Mizoguchi,jp JPN,"DF,MF",Kashima Antlers,20,2004,10,3,286,3.2,0,0,0,0,0,0,0,0,0.00,0.00,0.00,0.00,0.00,Matches,2025
314,Kyosuke Mochiyama,jp JPN,FW,Kawasaki Frontale,21,2003,1,0,1,0.0,0,0,0,0,0,0,0,0,0.00,0.00,0.00,0.00,0.00,Matches,2025
315,Henry Mochizuki,jp JPN,"MF,DF",Machida Zelvia,23,2001,32,26,"2,444",27.2,1,1,2,1,0,0,1,0,0.04,0.04,0.07,0.04,0.07,Matches,2025
316,Matheus Moraes,br BRA,"MF,FW",Albirex Niigata,24,2000,12,6,612,6.8,3,2,5,3,0,0,1,0,0.44,0.29,0.74,0.44,0.74,Matches,2025
317,Kaito Mori,jp JPN,FW,Yokohama FC,24,2000,2,0,30,0.3,0,0,0,0,0,0,0,0,0.00,0.00,0.00,0.00,0.00,Matches,2025
318,Kodai Mori,jp JPN,DF,Albirex Niigata,25,1999,2,1,50,0.6,0,0,0,0,0,0,0,0,0.00,0.00,0.00,0.00,0.00,Matches,2025
319,Soichiro Mori,jp JPN,MF,Grampus,17,2007,11,8,618,6.9,1,1,2,1,0,0,1,0,0.15,0.15,0.29,0.15,0.29,Matches,2025
320,Masato Morishige,jp JPN,DF,FC Tokyo,37,1987,23,20,"1,823",20.3,1,0,1,0,1,1,2,0,0.05,0.00,0.05,0.00,0.00,Matches,2025
321,Tsukasa Morishima,jp JPN,MF,Grampus,27,1997,36,24,"2,182",24.2,1,5,6,1,0,0,5,0,0.04,0.21,0.25,0.04,0.25,Matches,2025
322,Koki Morita,jp JPN,MF,Tokyo Verdy,24,2000,33,31,"2,657",29.5,0,3,3,0,0,0,3,0,0.00,0.10,0.10,0.00,0.10,Matches,2025
323,Tatsuya Morita,jp JPN,GK,Machida Zelvia,34,1990,1,1,90,1.0,0,0,0,0,0,0,0,0,0.00,0.00,0.00,0.00,0.00,Matches,2025
324,Shu Morooka,jp JPN,"MF,FW",Kashima Antlers,24,2000,11,3,450,5.0,2,0,2,2,0,0,1,0,0.40,0.00,0.40,0.40,0.40,Matches,2025
325,Haruka Motoyama,jp JPN,MF,Fagiano Okayama,25,1999,11,6,565,6.3,0,1,1,0,0,0,1,0,0.00,0.16,0.16,0.00,0.16,Matches,2025
326,Masaaki Murakami,jp JPN,GK,Avispa Fukuoka,32,1992,14,14,"1,26",14.0,0,0,0,0,0,0,0,0,0.00,0.00,0.00,0.00,0.00,Matches,2025
327,Toma Murata,jp JPN,MF,Yokohama FC,24,2000,18,7,734,8.2,0,0,0,0,0,0,0,0,0.00,0.00,0.00,0.00,0.00,Matches,2025
328,Keisuke Muroi,jp JPN,MF,Yokohama FC,24,2000,16,7,632,7.0,2,0,2,2,0,0,1,0,0.28,0.00,0.28,0.28,0.28,Matches,2025
329,Sei Muroya,jp JPN,DF,FC Tokyo,30,1994,17,16,"1,379",15.3,0,1,1,0,0,0,3,0,0.00,0.07,0.07,0.00,0.07,Matches,2025
330,Yoshinori Mutō,jp JPN,FW,Vissel Kobe,32,1992,19,12,"1,24",13.8,1,1,2,1,0,0,0,0,0.07,0.07,0.15,0.07,0.15,Matches,2025
331,Kato Mutsuki,jp JPN,MF,Sanfrecce Hiroshima,27,1997,35,23,"2,019",22.4,3,2,5,3,0,1,1,0,0.13,0.09,0.22,0.13,0.22,Matches,2025
332,Toya Myogan,jp JPN,MF,Kawasaki Frontale,20,2004,1,0,15,0.2,0,0,0,0,0,0,0,0,0.00,0.00,0.00,0.00,0.00,Matches,2025
333,Kensuke Nagai,jp JPN,"FW,MF",Grampus,35,1989,36,21,"1,772",19.7,2,2,4,2,0,0,4,0,0.10,0.10,0.20,0.10,0.20,Matches,2025
334,Takumi Nagaishi,jp JPN,GK,Avispa Fukuoka,28,1996,4,4,360,4.0,0,0,0,0,0,0,0,0,0.00,0.00,0.00,0.00,0.00,Matches,2025
335,Motoki Nagakura,jp JPN,FW,Urawa Reds,25,1999,13,0,142,1.6,1,1,2,1,0,0,0,0,0.63,0.63,1.27,0.63,1.27,Matches,2025
336,Motoki Nagakura,jp JPN,"FW,MF",FC Tokyo,25,1999,11,8,764,8.5,4,1,5,4,0,0,1,0,0.47,0.12,0.59,0.47,0.59,Matches,2025
337,Yoichi Naganuma,jp JPN,DF,Urawa Reds,27,1997,26,22,"1,944",21.6,1,0,1,1,0,0,2,0,0.05,0.00,0.05,0.05,0.05,Matches,2025
338,Shun Nagasawa,jp JPN,FW,Kyoto Sanga,36,1988,22,8,851,9.5,3,3,6,3,0,0,3,0,0.32,0.32,0.63,0.32,0.63,Matches,2025
339,Kodai Nagata,jp JPN,DF,Kyoto Sanga,22,2002,1,0,5,0.1,0,0,0,0,0,0,0,0,0.00,0.00,0.00,0.00,0.00,Matches,2025
340,Katsuya Nagato,jp JPN,DF,Yokohama F. Marinos,30,1995,17,15,"1,261",14.0,1,1,2,1,0,0,0,0,0.07,0.07,0.14,0.07,0.14,Matches,2025
341,Katsuya Nagato,jp JPN,DF,Vissel Kobe,30,1995,19,17,"1,444",16.0,0,1,1,0,0,0,0,0,0.00,0.06,0.06,0.00,0.06,Matches,2025
342,Yūto Nagatomo,jp JPN,"DF,MF",FC Tokyo,38,1986,27,19,"1,723",19.1,0,2,2,0,0,0,6,0,0.00,0.10,0.10,0.00,0.10,Matches,2025
343,Shintaro Nago,jp JPN,MF,Avispa Fukuoka,28,1996,38,27,"2,406",26.7,2,5,7,1,1,1,2,0,0.07,0.19,0.26,0.04,0.22,Matches,2025
344,Nobuteru Nakagawa,jp JPN,MF,Kashiwa Reysol,22,2002,21,19,"1,664",18.5,3,4,7,3,0,0,3,0,0.16,0.22,0.38,0.16,0.38,Matches,2025
345,Teruhito Nakagawa,jp JPN,"FW,MF",FC Tokyo,32,1992,33,18,"1,492",16.6,2,0,2,2,0,0,1,0,0.12,0.00,0.12,0.12,0.12,Matches,2025
346,Hikaru Nakahara,jp JPN,MF,Shimizu S-Pulse,28,1996,26,10,994,11.0,2,2,4,2,0,0,1,0,0.18,0.18,0.36,0.18,0.36,Matches,2025
347,Motohiko Nakajima,jp JPN,"MF,FW",Cerezo Osaka,25,1999,36,25,"2,28",25.3,5,2,7,5,0,0,1,0,0.20,0.08,0.28,0.20,0.28,Matches,2025
348,Shoya Nakajima,jp JPN,MF,Urawa Reds,30,1994,17,5,524,5.8,1,2,3,1,0,0,0,0,0.17,0.34,0.52,0.17,0.52,Matches,2025
349,Shun Nakajima,jp JPN,MF,Kashiwa Reysol,22,2002,5,2,108,1.2,0,0,0,0,0,0,0,0,0.00,0.00,0.00,0.00,0.00,Matches,2025
350,Yotaro Nakajima,jp JPN,MF,Sanfrecce Hiroshima,18,2006,16,8,803,8.9,0,0,0,0,0,0,2,0,0.00,0.00,0.00,0.00,0.00,Matches,2025
351,Hayato Nakama,jp JPN,"MF,FW",Kashiwa Reysol,32,1992,24,9,937,10.4,2,3,5,2,0,0,2,0,0.19,0.29,0.48,0.19,0.48,Matches,2025
352,Hotaka Nakamura,jp JPN,MF,Machida Zelvia,27,1997,5,4,345,3.8,1,0,1,1,0,0,1,0,0.26,0.00,0.26,0.26,0.26,Matches,2025
353,Sota Nakamura,jp JPN,MF,Sanfrecce Hiroshima,22,2002,32,21,"2,126",23.6,6,6,12,6,0,0,1,0,0.25,0.25,0.51,0.25,0.51,Matches,2025
354,Takumi Nakamura,jp JPN,DF,Cerezo Osaka,23,2001,2,0,38,0.4,0,0,0,0,0,0,0,0,0.00,0.00,0.00,0.00,0.00,Matches,2025
355,Ryuma Nakano,jp JPN,MF,Kyoto Sanga,22,2002,15,2,460,5.1,1,1,2,1,0,0,0,0,0.20,0.20,0.39,0.20,0.39,Matches,2025
356,Shinya Nakano,jp JPN,DF,Gamba Osaka,21,2003,7,0,27,0.3,0,0,0,0,0,0,0,0,0.00,0.00,0.00,0.00,0.00,Matches,2025
357,Shinya Nakano,jp JPN,"MF,DF",Shonan Bellmare,21,2003,10,9,818,9.1,0,1,1,0,0,0,1,0,0.00,0.11,0.11,0.00,0.11,Matches,2025
358,Shuto Nakano,jp JPN,"MF,DF",Sanfrecce Hiroshima,24,2000,37,30,"2,829",31.4,1,1,2,1,0,0,3,0,0.03,0.03,0.06,0.03,0.06,Matches,2025
359,Yoshihiro Nakano,jp JPN,MF,Yokohama FC,31,1993,5,0,58,0.6,0,0,0,0,0,0,0,0,0.00,0.00,0.00,0.00,0.00,Matches,2025
360,Shinnosuke Nakatani,jp JPN,DF,Gamba Osaka,28,1996,35,35,"3,069",34.1,2,0,2,2,0,0,3,0,0.06,0.00,0.06,0.06,0.06,Matches,2025
361,Katsuhiro Nakayama,jp JPN,MF,Grampus,28,1996,26,20,"1,701",18.9,0,2,2,0,0,0,2,0,0.00,0.11,0.11,0.00,0.11,Matches,2025
362,Yuta Nakayama,jp JPN,"MF,DF",Machida Zelvia,27,1997,32,28,"2,528",28.1,1,3,4,1,0,0,0,0,0.04,0.11,0.14,0.04,0.14,Matches,2025
363,Tatsuki Nara,jp JPN,DF,Avispa Fukuoka,31,1993,16,16,"1,371",15.2,0,0,0,0,0,0,3,0,0.00,0.00,0.00,0.00,0.00,Matches,2025
364,Shumpei Naruse,jp JPN,DF,Kashiwa Reysol,24,2001,1,1,90,1.0,0,0,0,0,0,0,1,0,0.00,0.00,0.00,0.00,0.00,Matches,2025
365,Gakū Nawata,jp JPN,MF,Gamba Osaka,18,2006,4,1,96,1.1,0,0,0,0,0,0,0,0,0.00,0.00,0.00,0.00,0.00,Matches,2025
366,Boniface Nduka,jp JPN,DF,Yokohama FC,28,1996,37,36,"3,285",36.5,2,0,2,2,0,0,5,0,0.05,0.00,0.05,0.05,0.05,Matches,2025
367,Kenta Nemoto,jp JPN,DF,Urawa Reds,22,2002,5,4,367,4.1,1,0,1,1,0,0,0,0,0.25,0.00,0.25,0.25,0.25,Matches,2025
368,Ryo Nemoto,jp JPN,FW,Shonan Bellmare,24,2000,10,4,261,2.9,0,0,0,0,0,0,0,0,0.00,0.00,0.00,0.00,0.00,Matches,2025
369,Ayumi Niekawa,jp JPN,GK,Urawa Reds,30,1994,3,2,262,2.9,0,0,0,0,0,0,0,0,0.00,0.00,0.00,0.00,0.00,Matches,2025
370,Motoki Nishihara,jp JPN,MF,Shimizu S-Pulse,18,2006,12,2,268,3.0,0,0,0,0,0,0,0,0,0.00,0.00,0.00,0.00,0.00,Matches,2025
371,Shusaku Nishikawa,jp JPN,GK,Urawa Reds,38,1986,36,36,"3,158",35.1,0,0,0,0,0,0,1,0,0.00,0.00,0.00,0.00,0.00,Matches,2025
372,Takuma Nishimura,jp JPN,MF,Machida Zelvia,28,1996,30,27,"2,164",24.0,7,4,11,6,1,1,3,0,0.29,0.17,0.46,0.25,0.42,Matches,2025
373,Ryūya Nishio,jp JPN,DF,Cerezo Osaka,23,2001,25,20,"1,809",20.1,0,1,1,0,0,0,1,0,0.00,0.05,0.05,0.00,0.05,Matches,2025
374,Rio Nitta,jp JPN,FW,Shonan Bellmare,21,2003,13,5,574,6.4,1,2,3,1,0,0,0,0,0.16,0.31,0.47,0.16,0.47,Matches,2025
375,Rio Nitta,jp JPN,FW,Urawa Reds,21,2003,4,0,18,0.2,0,0,0,0,0,0,0,0,0.00,0.00,0.00,0.00,0.00,Matches,2025
376,Kyohei Noborizato,jp JPN,DF,Cerezo Osaka,34,1990,14,10,864,9.6,0,0,0,0,0,0,2,0,0.00,0.00,0.00,0.00,0.00,Matches,2025
377,Hiroto Noda,jp JPN,DF,Kawasaki Frontale,18,2006,3,0,38,0.4,0,0,0,0,0,0,0,0,0.00,0.00,0.00,0.00,0.00,Matches,2025
378,Yuki Nogami,jp JPN,"DF,MF",Grampus,33,1991,28,18,"1,698",18.9,1,0,1,1,0,0,5,0,0.05,0.00,0.05,0.05,0.05,Matches,2025
379,Kimito Nono,jp JPN,DF,Kashima Antlers,22,2002,27,21,"1,964",21.8,1,2,3,1,0,0,5,0,0.05,0.09,0.14,0.05,0.14,Matches,2025
380,Leon Nozawa,jp JPN,MF,FC Tokyo,21,2003,25,7,713,7.9,1,1,2,1,0,0,0,0,0.13,0.13,0.25,0.13,0.25,Matches,2025
381,Taishi Nozawa,jp JPN,GK,FC Tokyo,22,2002,17,17,"1,53",17.0,0,0,0,0,0,0,1,0,0.00,0.00,0.00,0.00,0.00,Matches,2025
382,Takaya Numata,jp JPN,MF,Machida Zelvia,25,1999,12,1,160,1.8,1,0,1,1,0,0,2,0,0.56,0.00,0.56,0.56,0.56,Matches,2025
383,Yuma Obata,jp JPN,GK,Avispa Fukuoka,23,2001,20,20,"1,8",20.0,0,0,0,0,0,0,1,0,0.00,0.00,0.00,0.00,0.00,Matches,2025
384,Riku Ochiai,jp JPN,MF,Albirex Niigata,25,1999,2,0,11,0.1,0,0,0,0,0,0,1,0,0.00,0.00,0.00,0.00,0.00,Matches,2025
385,Itsuki Oda,jp JPN,MF,Avispa Fukuoka,26,1998,5,2,178,2.0,0,0,0,0,0,0,0,0,0.00,0.00,0.00,0.00,0.00,Matches,2025
386,Yutaro Oda,jp JPN,"FW,MF",Shonan Bellmare,23,2001,22,11,901,10.0,1,0,1,1,0,0,2,0,0.10,0.00,0.10,0.10,0.10,Matches,2025
387,Tsuyoshi Ogashiwa,jp JPN,"FW,MF",FC Tokyo,26,1998,3,0,66,0.7,0,0,0,0,0,0,0,0,0.00,0.00,0.00,0.00,0.00,Matches,2025
388,Keijiro Ogawa,jp JPN,"FW,MF",Yokohama FC,32,1992,10,0,181,2.0,0,0,0,0,0,0,0,0,0.00,0.00,0.00,0.00,0.00,Matches,2025
389,Ryoya Ogawa,jp JPN,DF,Kashima Antlers,28,1996,15,11,"1,027",11.4,0,2,2,0,0,0,0,0,0.00,0.18,0.18,0.00,0.18,Matches,2025
390,Takahiro Ogihara,jp JPN,MF,Vissel Kobe,33,1991,36,32,"2,932",32.6,2,3,5,2,0,0,6,0,0.06,0.09,0.15,0.06,0.15,Matches,2025
391,Takuya Ogiwara,jp JPN,DF,Urawa Reds,25,1999,26,18,"1,706",19.0,0,1,1,0,0,0,1,0,0.00,0.05,0.05,0.00,0.05,Matches,2025
392,Hinata Ogura,jp JPN,MF,Yokohama FC,23,2001,24,17,"1,376",15.3,1,0,1,1,0,0,2,0,0.07,0.00,0.07,0.07,0.07,Matches,2025
393,Motoki Ohara,jp JPN,MF,Sanfrecce Hiroshima,24,2000,2,0,25,0.3,0,0,0,0,0,0,0,0,0.00,0.00,0.00,0.00,0.00,Matches,2025
394,Motoki Ohara,jp JPN,MF,Albirex Niigata,24,2000,9,6,512,5.7,0,0,0,0,0,0,1,0,0.00,0.00,0.00,0.00,0.00,Matches,2025
395,Ayumu Ohata,jp JPN,DF,Cerezo Osaka,23,2001,11,8,737,8.2,0,0,0,0,0,0,0,0,0.00,0.00,0.00,0.00,0.00,Matches,2025
396,Rinsei Ohata,jp JPN,MF,Shimizu S-Pulse,21,2003,2,0,9,0.1,0,0,0,0,0,0,0,0,0.00,0.00,0.00,0.00,0.00,Matches,2025
397,Kazuki Oiwa,jp JPN,DF,Shonan Bellmare,35,1989,15,6,628,7.0,1,0,1,1,0,0,1,0,0.14,0.00,0.14,0.14,0.14,Matches,2025
398,Teppei Oka,jp JPN,DF,FC Tokyo,23,2001,21,14,"1,302",14.5,0,0,0,0,0,0,3,0,0.00,0.00,0.00,0.00,0.00,Matches,2025
399,Daihachi Okamura,jp JPN,DF,Machida Zelvia,27,1997,32,31,"2,691",29.9,4,2,6,4,0,0,4,0,0.13,0.07,0.20,0.13,0.20,Matches,2025
400,Yuya Oki,jp JPN,GK,Shimizu S-Pulse,25,1999,24,24,"2,16",24.0,0,0,0,0,0,0,2,0,0.00,0.00,0.00,0.00,0.00,Matches,2025
401,Tomoaki Okubo,jp JPN,MF,Urawa Reds,26,1998,16,3,335,3.7,1,0,1,1,0,0,0,0,0.27,0.00,0.27,0.27,0.27,Matches,2025
402,Hayato Okuda,jp JPN,"DF,MF",Cerezo Osaka,23,2001,31,28,"2,403",26.7,0,0,0,0,0,0,2,0,0.00,0.00,0.00,0.00,0.00,Matches,2025
403,Masaya Okugawa,jp JPN,"FW,MF",Kyoto Sanga,28,1996,29,10,"1,287",14.3,7,2,9,7,0,0,0,0,0.49,0.14,0.63,0.49,0.63,Matches,2025
404,Jin Okumura,jp JPN,"MF,FW",Albirex Niigata,23,2001,36,24,"2,031",22.6,3,2,5,3,0,0,0,0,0.13,0.09,0.22,0.13,0.22,Matches,2025
405,Hiroaki Okuno,jp JPN,MF,Shonan Bellmare,35,1989,21,11,"1,165",12.9,0,1,1,0,0,0,1,0,0.00,0.08,0.08,0.00,0.08,Matches,2025
406,Hiroaki Okuno,jp JPN,"FW,MF",Cerezo Osaka,35,1989,1,0,20,0.2,0,0,0,0,0,0,1,0,0.00,0.00,0.00,0.00,0.00,Matches,2025
407,Kohei Okuno,jp JPN,MF,Shonan Bellmare,24,2000,31,24,"1,973",21.9,2,1,3,2,0,0,4,0,0.09,0.05,0.14,0.09,0.14,Matches,2025
408,Kanji Okunuki,jp JPN,MF,Gamba Osaka,25,1999,12,4,400,4.4,1,1,2,1,0,0,1,0,0.23,0.23,0.45,0.23,0.45,Matches,2025
409,Matheus Caldeira Vidotto de Oliveira,br BRA,GK,Tokyo Verdy,30,1994,38,38,"3,42",38.0,0,0,0,0,0,0,1,0,0.00,0.00,0.00,0.00,0.00,Matches,2025
410,Hijiri Onaga,jp JPN,MF,Tokyo Verdy,29,1995,24,19,"1,746",19.4,0,1,1,0,0,0,0,0,0.00,0.05,0.05,0.00,0.05,Matches,2025
411,Joji Onaiu,jp JPN,MF,Yokohama F. Marinos,24,2000,4,1,79,0.9,0,0,0,0,0,0,0,0,0.00,0.00,0.00,0.00,0.00,Matches,2025
412,Kazunari Ono,jp JPN,DF,Shonan Bellmare,35,1989,21,17,"1,424",15.8,0,1,1,0,0,0,2,0,0.00,0.06,0.06,0.00,0.06,Matches,2025
413,Masahito Ono,jp JPN,MF,Grampus,28,1996,9,1,199,2.2,0,0,0,0,0,0,1,0,0.00,0.00,0.00,0.00,0.00,Matches,2025
414,Yuji Ono,jp JPN,FW,Albirex Niigata,32,1992,11,8,630,7.0,0,1,1,0,0,0,0,0,0.00,0.14,0.14,0.00,0.14,Matches,2025
415,Kosuke Onose,jp JPN,MF,Shonan Bellmare,31,1993,32,30,"2,448",27.2,2,6,8,2,0,0,4,0,0.07,0.22,0.29,0.07,0.29,Matches,2025
416,Keisuke Ōsako,jp JPN,GK,Sanfrecce Hiroshima,25,1999,38,38,"3,42",38.0,0,0,0,0,0,0,0,0,0.00,0.00,0.00,0.00,0.00,Matches,2025
417,Yuya Osako,jp JPN,FW,Vissel Kobe,34,1990,31,22,"2,101",23.3,8,3,11,7,1,1,0,0,0.34,0.13,0.47,0.30,0.43,Matches,2025
418,Ryota Oshima,jp JPN,MF,Kawasaki Frontale,32,1993,4,3,205,2.3,0,0,0,0,0,0,0,0,0.00,0.00,0.00,0.00,0.00,Matches,2025
419,Gakuji Ota,jp JPN,GK,Kyoto Sanga,34,1990,36,36,"3,24",36.0,0,0,0,0,0,0,2,0,0.00,0.00,0.00,0.00,0.00,Matches,2025
420,Ryunosuke Ota,jp JPN,FW,Fagiano Okayama,22,2002,1,0,1,0.0,0,0,0,0,0,0,0,0,0.00,0.00,0.00,0.00,0.00,Matches,2025
421,Shusuke Ota,jp JPN,MF,Shonan Bellmare,28,1996,10,10,680,7.6,1,0,1,1,0,0,1,0,0.13,0.00,0.13,0.13,0.13,Matches,2025
422,Shusuke Ota,jp JPN,MF,Albirex Niigata,28,1996,11,7,572,6.4,1,0,1,1,0,0,0,0,0.16,0.00,0.16,0.16,0.16,Matches,2025
423,Yuto Ozeki,jp JPN,MF,Kawasaki Frontale,19,2005,25,3,614,6.8,2,2,4,2,0,0,1,0,0.29,0.29,0.59,0.29,0.59,Matches,2025
424,Jean Patric,br BRA,"FW,MF",Vissel Kobe,27,1997,19,5,549,6.1,0,0,0,0,0,0,1,0,0.00,0.00,0.00,0.00,0.00,Matches,2025
425,Patrick,br BRA,DF,Kyoto Sanga,27,1997,17,7,637,7.1,0,0,0,0,0,0,2,0,0.00,0.00,0.00,0.00,0.00,Matches,2025
426,João Paulo,br BRA,MF,Yokohama FC,28,1996,21,16,"1,264",14.0,1,1,2,1,0,0,1,0,0.07,0.07,0.14,0.07,0.14,Matches,2025
427,João Pedro Mendes,br BRA,MF,Kyoto Sanga,25,1999,23,13,"1,223",13.6,1,0,1,1,0,0,10,0,0.07,0.00,0.07,0.07,0.07,Matches,2025
428,Luiz Phellype,br BRA,FW,Shonan Bellmare,31,1993,20,4,552,6.1,4,1,5,3,1,1,2,0,0.65,0.16,0.82,0.49,0.65,Matches,2025
429,Alexandre Pisano,jp JPN,GK,Grampus,19,2006,16,16,"1,44",16.0,0,0,0,0,0,0,1,0,0.00,0.00,0.00,0.00,0.00,Matches,2025
430,Werik Popó,br BRA,FW,Fagiano Okayama,23,2001,12,0,236,2.6,0,0,0,0,0,0,3,0,0.00,0.00,0.00,0.00,0.00,Matches,2025
431,William Popp,jp JPN,GK,Shonan Bellmare,30,1994,7,7,630,7.0,0,0,0,0,0,0,0,0,0.00,0.00,0.00,0.00,0.00,Matches,2025
432,Jeisson Quiñones,co COL,DF,Yokohama F. Marinos,27,1997,22,22,"1,865",20.7,2,1,3,2,0,0,4,0,0.10,0.05,0.14,0.10,0.14,Matches,2025
433,Rafael Ratão,br BRA,FW,Cerezo Osaka,29,1995,36,29,"2,575",28.6,18,3,21,17,1,2,5,0,0.63,0.10,0.73,0.59,0.70,Matches,2025
434,Zé Ricardo,br BRA,MF,Shonan Bellmare,25,1999,7,5,413,4.6,0,0,0,0,0,0,3,0,0.00,0.00,0.00,0.00,0.00,Matches,2025
435,Lazar Romanić,rs SRB,FW,Kawasaki Frontale,26,1998,8,2,258,2.9,2,0,2,1,1,1,2,1,0.70,0.00,0.70,0.35,0.35,Matches,2025
436,Marcelo Ryan,br BRA,FW,FC Tokyo,22,2002,30,19,"1,746",19.4,8,1,9,6,2,3,4,0,0.41,0.05,0.46,0.31,0.36,Matches,2025
437,Riku Saga,jp JPN,DF,Fagiano Okayama,26,1998,2,0,27,0.3,0,0,0,0,0,0,0,0,0.00,0.00,0.00,0.00,0.00,Matches,2025
438,Abdelrahman Saidi,se SWE,FW,Albirex Niigata,25,1999,13,9,889,9.9,0,1,1,0,0,0,1,0,0.00,0.10,0.10,0.00,0.10,Matches,2025
439,Keita Saito,jp JPN,FW,Fagiano Okayama,31,1993,1,0,1,0.0,0,0,0,0,0,0,0,0,0.00,0.00,0.00,0.00,0.00,Matches,2025
440,Kosuke Saito,jp JPN,MF,Tokyo Verdy,27,1997,37,33,"2,686",29.8,1,3,4,1,0,0,4,0,0.03,0.10,0.13,0.03,0.13,Matches,2025
441,Mitsuki Saito,jp JPN,MF,Vissel Kobe,26,1999,2,1,104,1.2,0,0,0,0,0,0,0,0,0.00,0.00,0.00,0.00,0.00,Matches,2025
442,Mitsuki Saito,jp JPN,MF,Kyoto Sanga,26,1999,3,2,113,1.3,0,0,0,0,0,0,1,0,0.00,0.00,0.00,0.00,0.00,Matches,2025
443,Gōtoku Sakai,jp JPN,DF,Vissel Kobe,33,1991,31,26,"2,355",26.2,1,1,2,1,0,0,2,0,0.04,0.04,0.08,0.04,0.08,Matches,2025
444,Reiya Sakata,jp JPN,MF,Cerezo Osaka,20,2004,22,6,702,7.8,0,1,1,0,0,0,0,0,0.00,0.13,0.13,0.00,0.13,Matches,2025
445,Soromon Sakuragawa,jp JPN,FW,Yokohama FC,23,2001,35,18,"1,754",19.5,4,3,7,4,0,0,5,1,0.21,0.15,0.36,0.21,0.36,Matches,2025
446,Kota Sanada,jp JPN,GK,Shonan Bellmare,25,1999,9,9,810,9.0,0,0,0,0,0,0,0,0,0.00,0.00,0.00,0.00,0.00,Matches,2025
447,Na Sang-ho,kr KOR,MF,Machida Zelvia,28,1996,33,11,"1,271",14.1,6,3,9,5,1,1,3,0,0.42,0.21,0.64,0.35,0.57,Matches,2025
448,Hanan Sani Brown,jp JPN,FW,Avispa Fukuoka,18,2006,3,0,40,0.4,1,0,1,1,0,0,0,0,2.25,0.00,2.25,2.25,2.25,Matches,2025
449,Thiago Santana,br BRA,FW,Urawa Reds,31,1993,19,11,"1,062",11.8,5,0,5,5,0,0,1,0,0.42,0.00,0.42,0.42,0.42,Matches,2025
450,Asahi Sasaki,jp JPN,DF,Kawasaki Frontale,25,2000,37,34,"2,981",33.1,3,2,5,3,0,0,2,0,0.09,0.06,0.15,0.09,0.15,Matches,2025
451,Daiju Sasaki,jp JPN,FW,Vissel Kobe,34,1990,31,26,"2,221",24.7,5,7,12,5,0,0,0,0,0.20,0.28,0.49,0.20,0.49,Matches,2025
452,Sho Sasaki,jp JPN,DF,Sanfrecce Hiroshima,35,1989,37,36,"3,232",35.9,1,0,1,1,0,0,3,1,0.03,0.00,0.03,0.03,0.03,Matches,2025
453,Shogo Sasaki,jp JPN,DF,Gamba Osaka,24,2000,7,3,323,3.6,0,0,0,0,0,0,0,0,0.00,0.00,0.00,0.00,0.00,Matches,2025
454,Kein Sato,jp JPN,"FW,MF",FC Tokyo,23,2001,36,22,"2,227",24.7,7,5,12,6,1,1,2,0,0.28,0.20,0.48,0.24,0.44,Matches,2025
455,Kyō Satō,jp JPN,DF,Kyoto Sanga,24,2000,35,22,"2,103",23.4,0,0,0,0,0,0,5,0,0.00,0.00,0.00,0.00,0.00,Matches,2025
456,Mihiro Satō,jp JPN,DF,Kashima Antlers,17,2007,2,0,14,0.2,0,0,0,0,0,0,0,0,0.00,0.00,0.00,0.00,0.00,Matches,2025
457,Ryūnosuke Satō,jp JPN,MF,Fagiano Okayama,18,2006,28,22,"2,045",22.7,6,2,8,6,0,0,4,0,0.26,0.09,0.35,0.26,0.35,Matches,2025
458,Sonosuke Sato,jp JPN,MF,Avispa Fukuoka,21,2003,7,2,302,3.4,0,0,0,0,0,0,0,0,0.00,0.00,0.00,0.00,0.00,Matches,2025
459,Yota Sato,jp JPN,DF,Grampus,26,1998,27,27,"2,362",26.2,5,0,5,5,0,0,5,0,0.19,0.00,0.19,0.19,0.19,Matches,2025
460,Matheus Sávio,br BRA,MF,Urawa Reds,27,1997,37,35,"2,721",30.2,4,8,12,4,0,0,5,0,0.13,0.26,0.40,0.13,0.40,Matches,2025
461,Daniel Schmidt,jp JPN,GK,Grampus,32,1992,7,7,630,7.0,0,0,0,0,0,0,0,0,0.00,0.00,0.00,0.00,0.00,Matches,2025
462,Alexander Scholz,dk DEN,DF,FC Tokyo,32,1992,16,16,"1,44",16.0,2,0,2,0,2,3,2,0,0.12,0.00,0.12,0.00,0.00,Matches,2025
463,Yusuke Segawa,jp JPN,MF,Kashiwa Reysol,30,1994,12,4,516,5.7,3,1,4,2,1,1,0,0,0.52,0.17,0.70,0.35,0.52,Matches,2025
464,Yusuke Segawa,jp JPN,MF,Kawasaki Frontale,30,1994,8,1,204,2.3,1,1,2,1,0,0,1,0,0.44,0.44,0.88,0.44,0.88,Matches,2025
465,Oh Sehun,kr KOR,FW,Machida Zelvia,26,1999,31,16,"1,465",16.3,2,1,3,2,0,0,3,0,0.12,0.06,0.18,0.12,0.18,Matches,2025
466,Ikuma Sekigawa,jp JPN,DF,Kashima Antlers,24,2000,14,14,"1,189",13.2,0,0,0,0,0,0,0,0,0.00,0.00,0.00,0.00,0.00,Matches,2025
467,Takahiro Sekine,jp JPN,"DF,MF",Urawa Reds,29,1995,34,14,"1,428",15.9,1,3,4,1,0,0,1,0,0.06,0.19,0.25,0.06,0.25,Matches,2025
468,Kanta Sekitomi,jp JPN,DF,Yokohama F. Marinos,19,2005,5,4,324,3.6,0,0,0,0,0,0,1,0,0.00,0.00,0.00,0.00,0.00,Matches,2025
469,Keiya Sento,jp JPN,MF,Machida Zelvia,30,1994,26,9,925,10.3,1,1,2,1,0,0,0,0,0.10,0.10,0.19,0.10,0.19,Matches,2025
470,Kim Seung-gyu,kr KOR,GK,FC Tokyo,34,1990,14,14,"1,26",14.0,0,0,0,0,0,0,1,0,0.00,0.00,0.00,0.00,0.00,Matches,2025
471,Gaku Shibasaki,jp JPN,MF,Kashima Antlers,32,1992,19,13,965,10.7,0,0,0,0,0,0,2,0,0.00,0.00,0.00,0.00,0.00,Matches,2025
472,Kai Shibato,jp JPN,MF,Urawa Reds,29,1995,9,1,250,2.8,0,0,0,0,0,0,0,0,0.00,0.00,0.00,0.00,0.00,Matches,2025
473,Masaya Shibayama,jp JPN,MF,Cerezo Osaka,22,2002,30,13,"1,274",14.2,4,2,6,4,0,0,0,0,0.28,0.14,0.42,0.28,0.42,Matches,2025
474,Takaaki Shichi,jp JPN,"DF,MF",Avispa Fukuoka,31,1993,22,20,"1,631",18.1,0,0,0,0,0,0,4,1,0.00,0.00,0.00,0.00,0.00,Matches,2025
475,Masato Shigemi,jp JPN,MF,Avispa Fukuoka,23,2001,25,11,"1,083",12.0,1,1,2,1,0,0,0,0,0.08,0.08,0.17,0.08,0.17,Matches,2025
476,Keiya Shiihashi,jp JPN,MF,Grampus,27,1997,28,23,"2,115",23.5,2,1,3,2,0,0,2,0,0.09,0.04,0.13,0.09,0.13,Matches,2025
477,Yudai Shimamoto,jp JPN,MF,Shimizu S-Pulse,18,2006,12,5,398,4.4,0,0,0,0,0,0,0,0,0.00,0.00,0.00,0.00,0.00,Matches,2025
478,Takuya Shimamura,jp JPN,"FW,MF",Kashiwa Reysol,25,1999,1,0,19,0.2,0,0,0,0,0,0,0,0,0.00,0.00,0.00,0.00,0.00,Matches,2025
479,Takuya Shimamura,jp JPN,MF,Albirex Niigata,25,1999,13,6,596,6.6,1,1,2,1,0,0,1,0,0.15,0.15,0.30,0.15,0.30,Matches,2025
480,Kaili Shimbo,jp JPN,MF,Yokohama FC,22,2002,34,30,"2,542",28.2,0,2,2,0,0,0,1,0,0.00,0.07,0.07,0.00,0.07,Matches,2025
481,Hokuto Shimoda,jp JPN,MF,Machida Zelvia,33,1991,35,22,"2,029",22.5,1,1,2,1,0,0,3,0,0.04,0.04,0.09,0.04,0.09,Matches,2025
482,Ryosuke Shindo,jp JPN,DF,Cerezo Osaka,28,1996,22,20,"1,805",20.1,2,0,2,2,0,0,3,0,0.10,0.00,0.10,0.10,0.10,Matches,2025
483,Tsukasa Shiotani,jp JPN,"DF,MF",Sanfrecce Hiroshima,36,1988,36,32,"2,807",31.2,2,1,3,2,0,0,2,0,0.06,0.03,0.10,0.06,0.10,Matches,2025
484,Eiji Shirai,jp JPN,MF,Kashiwa Reysol,29,1995,6,2,125,1.4,0,0,0,0,0,0,0,0,0.00,0.00,0.00,0.00,0.00,Matches,2025
485,Eiji Shirai,jp JPN,MF,Albirex Niigata,29,1995,15,15,"1,341",14.9,2,0,2,2,0,0,2,0,0.13,0.00,0.13,0.13,0.13,Matches,2025
486,Kosuke Shirai,jp JPN,"MF,DF",FC Tokyo,30,1994,20,16,"1,265",14.1,1,1,2,1,0,0,0,0,0.07,0.07,0.14,0.07,0.14,Matches,2025
487,Ryosuke Shirai,jp JPN,MF,Tokyo Verdy,19,2005,11,1,225,2.5,0,0,0,0,0,0,0,0,0.00,0.00,0.00,0.00,0.00,Matches,2025
488,Ryōhei Shirasaki,jp JPN,MF,Machida Zelvia,31,1993,19,7,601,6.7,0,0,0,0,0,0,1,0,0.00,0.00,0.00,0.00,0.00,Matches,2025
489,Gen Shoji,jp JPN,DF,Machida Zelvia,32,1992,38,38,"3,42",38.0,3,1,4,3,0,0,3,0,0.08,0.03,0.11,0.08,0.11,Matches,2025
490,Miguel Silveira,br BRA,FW,Albirex Niigata,21,2003,6,0,80,0.9,1,0,1,1,0,0,2,0,1.13,0.00,1.13,1.13,1.13,Matches,2025
491,Yuki Soma,jp JPN,MF,Machida Zelvia,27,1997,34,31,"2,693",29.9,9,9,18,8,1,1,5,0,0.30,0.30,0.60,0.27,0.57,Matches,2025
492,Itsuki Someno,jp JPN,"FW,MF",Tokyo Verdy,23,2001,37,23,"2,109",23.4,5,4,9,5,0,0,2,0,0.21,0.17,0.38,0.21,0.38,Matches,2025
493,Alfredo Stephens,pa PAN,FW,Shimizu S-Pulse,30,1994,6,1,136,1.5,0,0,0,0,0,0,0,0,0.00,0.00,0.00,0.00,0.00,Matches,2025
494,Rui Sueyoshi,jp JPN,MF,Fagiano Okayama,28,1996,6,2,228,2.5,0,0,0,0,0,0,0,0,0.00,0.00,0.00,0.00,0.00,Matches,2025
495,Daiki Suga,jp JPN,MF,Sanfrecce Hiroshima,26,1998,22,7,814,9.0,1,2,3,1,0,0,2,0,0.11,0.22,0.33,0.11,0.33,Matches,2025
496,Hidehiro Sugai,jp JPN,DF,Kyoto Sanga,26,1998,37,30,"2,653",29.5,2,4,6,2,0,0,3,0,0.07,0.14,0.20,0.07,0.20,Matches,2025
497,Daiki Sugioka,jp JPN,DF,Kashiwa Reysol,26,1998,14,10,950,10.6,0,2,2,0,0,0,1,0,0.00,0.19,0.19,0.00,0.19,Matches,2025
498,Shungo Sugiura,jp JPN,MF,Grampus,18,2006,6,0,37,0.4,0,0,0,0,0,0,0,0,0.00,0.00,0.00,0.00,0.00,Matches,2025
499,Jelani Sumiyoshi,jp JPN,DF,Shimizu S-Pulse,27,1997,33,30,"2,756",30.6,1,0,1,1,0,0,3,0,0.03,0.00,0.03,0.03,0.03,Matches,2025
500,Jung Sung-ryong,kr KOR,GK,Kawasaki Frontale,40,1985,4,3,280,3.1,0,0,0,0,0,0,0,0,0.00,0.00,0.00,0.00,0.00,Matches,2025
501,Gu Sung-yun,kr KOR,GK,Kyoto Sanga,30,1994,2,2,180,2.0,0,0,0,0,0,0,0,0,0.00,0.00,0.00,0.00,0.00,Matches,2025
502,Kosei Suwama,jp JPN,DF,Yokohama F. Marinos,21,2003,12,9,788,8.8,0,0,0,0,0,0,1,0,0.00,0.00,0.00,0.00,0.00,Matches,2025
503,Akito Suzuki,jp JPN,FW,Shonan Bellmare,21,2003,37,32,"2,902",32.2,9,4,13,9,0,0,6,0,0.28,0.12,0.40,0.28,0.40,Matches,2025
504,Haruto Suzuki,jp JPN,MF,Grampus,19,2005,1,0,3,0.0,0,0,0,0,0,0,0,0,0.00,0.00,0.00,0.00,0.00,Matches,2025
505,Junnosuke Suzuki,jp JPN,DF,Shonan Bellmare,21,2003,21,21,"1,855",20.6,0,0,0,0,0,0,1,0,0.00,0.00,0.00,0.00,0.00,Matches,2025
506,Junya Suzuki,jp JPN,MF,Yokohama FC,29,1996,19,7,734,8.2,0,0,0,0,0,0,0,0,0.00,0.00,0.00,0.00,0.00,Matches,2025
507,Kaito Suzuki,jp JPN,DF,Tokyo Verdy,22,2002,7,1,149,1.7,0,0,0,0,0,0,0,0,0.00,0.00,0.00,0.00,0.00,Matches,2025
508,Musashi Suzuki,jp JPN,MF,Yokohama FC,30,1994,22,15,"1,2",13.3,2,1,3,2,0,0,3,0,0.15,0.07,0.23,0.15,0.23,Matches,2025
509,Toichi Suzuki,jp JPN,DF,Yokohama F. Marinos,24,2000,23,14,"1,333",14.8,0,0,0,0,0,0,7,1,0.00,0.00,0.00,0.00,0.00,Matches,2025
510,Tokuma Suzuki,jp JPN,MF,Gamba Osaka,27,1997,33,22,"1,908",21.2,0,0,0,0,0,0,4,1,0.00,0.00,0.00,0.00,0.00,Matches,2025
511,Yoshinori Suzuki,jp JPN,DF,Kyoto Sanga,32,1992,37,36,"3,204",35.6,1,1,2,1,0,0,1,1,0.03,0.03,0.06,0.03,0.06,Matches,2025
512,Yoshitake Suzuki,jp JPN,DF,Fagiano Okayama,26,1998,18,17,"1,462",16.2,0,0,0,0,0,0,4,0,0.00,0.00,0.00,0.00,0.00,Matches,2025
513,Yuma Suzuki,jp JPN,"FW,MF",Kashima Antlers,28,1996,38,37,"3,253",36.1,10,5,15,7,3,4,3,0,0.28,0.14,0.42,0.19,0.33,Matches,2025
514,Yuto Suzuki,jp JPN,"DF,MF",Shonan Bellmare,31,1993,36,32,"2,84",31.6,2,1,3,2,0,0,2,0,0.06,0.03,0.10,0.06,0.10,Matches,2025
515,Jakub Słowik,pl POL,GK,Yokohama FC,33,1991,12,12,"1,08",12.0,0,0,0,0,0,0,3,0,0.00,0.00,0.00,0.00,0.00,Matches,2025
516,Ryo Tabei,jp JPN,MF,Fagiano Okayama,25,1999,25,20,"1,621",18.0,1,5,6,1,0,0,2,0,0.06,0.28,0.33,0.06,0.33,Matches,2025
517,Koki Tachi,jp JPN,DF,Shonan Bellmare,27,1997,17,16,"1,374",15.3,1,0,1,1,0,0,4,1,0.07,0.00,0.07,0.07,0.07,Matches,2025
518,Kento Tachibanada,jp JPN,MF,Kawasaki Frontale,26,1998,30,15,"1,292",14.4,1,0,1,1,0,0,3,0,0.07,0.00,0.07,0.07,0.07,Matches,2025
519,Kim Tae-hyeon,kr KOR,DF,Kashima Antlers,24,2000,30,23,"2,161",24.0,0,1,1,0,0,0,6,0,0.00,0.04,0.04,0.00,0.04,Matches,2025
520,Daichi Tagami,jp JPN,DF,Fagiano Okayama,31,1993,31,31,"2,759",30.7,1,0,1,1,0,0,0,0,0.03,0.00,0.03,0.03,0.03,Matches,2025
521,Kyosuke Tagawa,jp JPN,FW,Kashima Antlers,25,1999,25,8,787,8.7,3,1,4,3,0,0,0,0,0.34,0.11,0.46,0.34,0.46,Matches,2025
522,Sen Takagi,jp JPN,"DF,MF",Shimizu S-Pulse,22,2002,29,20,"1,905",21.2,2,3,5,2,0,0,1,0,0.09,0.14,0.24,0.09,0.24,Matches,2025
523,Yoshiaki Takagi,jp JPN,"MF,FW",Albirex Niigata,32,1992,19,4,402,4.5,0,0,0,0,0,0,1,0,0.00,0.00,0.00,0.00,0.00,Matches,2025
524,Daigo Takahashi,jp JPN,MF,Machida Zelvia,25,1999,1,0,4,0.0,0,0,0,0,0,0,0,0,0.00,0.00,0.00,0.00,0.00,Matches,2025
525,Naoya Takahashi,jp JPN,MF,Shonan Bellmare,23,2001,7,1,152,1.7,0,0,0,0,0,0,0,0,0.00,0.00,0.00,0.00,0.00,Matches,2025
526,Niko Takahashi,jp JPN,"DF,MF",Cerezo Osaka,19,2005,22,12,"1,193",13.3,1,0,1,1,0,0,3,1,0.08,0.00,0.08,0.08,0.08,Matches,2025
527,Toshiki Takahashi,jp JPN,FW,Shimizu S-Pulse,27,1998,14,12,"1,039",11.5,5,1,6,5,0,1,1,0,0.43,0.09,0.52,0.43,0.52,Matches,2025
528,Toshiki Takahashi,jp JPN,FW,Urawa Reds,27,1998,3,1,92,1.0,0,0,0,0,0,0,0,0,0.00,0.00,0.00,0.00,0.00,Matches,2025
529,Yuji Takahashi,jp JPN,DF,Shimizu S-Pulse,31,1993,15,14,"1,216",13.5,0,0,0,0,0,0,3,0,0.00,0.00,0.00,0.00,0.00,Matches,2025
530,Kōta Takai,jp JPN,DF,Kawasaki Frontale,20,2004,22,21,"1,906",21.2,2,0,2,2,0,0,3,0,0.09,0.00,0.09,0.09,0.09,Matches,2025
531,Shohei Takeda,jp JPN,MF,Kyoto Sanga,30,1994,15,8,816,9.1,1,0,1,1,0,0,4,0,0.11,0.00,0.11,0.11,0.11,Matches,2025
532,Yohei Takeda,jp JPN,GK,Grampus,37,1987,15,15,"1,35",15.0,0,0,0,0,0,0,1,0,0.00,0.00,0.00,0.00,0.00,Matches,2025
533,Ryo Takeuchi,jp JPN,MF,Fagiano Okayama,33,1991,11,0,162,1.8,0,0,0,0,0,0,1,0,0.00,0.00,0.00,0.00,0.00,Matches,2025
534,Talles,br BRA,"MF,FW",Kashima Antlers,26,1998,12,4,329,3.7,1,0,1,1,0,0,0,0,0.27,0.00,0.27,0.27,0.27,Matches,2025
535,Sōki Tamura,jp JPN,MF,Shonan Bellmare,22,2002,5,2,201,2.2,0,0,0,0,0,0,0,0,0.00,0.00,0.00,0.00,0.00,Matches,2025
536,Shūto Tanabe,jp JPN,DF,Kawasaki Frontale,22,2002,9,4,342,3.8,0,0,0,0,0,0,0,0,0.00,0.00,0.00,0.00,0.00,Matches,2025
537,Hayato Tanaka,jp JPN,DF,Kashiwa Reysol,21,2003,15,12,"1,163",12.9,0,0,0,0,0,0,1,0,0.00,0.00,0.00,0.00,0.00,Matches,2025
538,Satoshi Tanaka,jp JPN,MF,Sanfrecce Hiroshima,22,2002,28,25,"2,275",25.3,1,1,2,1,0,0,0,0,0.04,0.04,0.08,0.04,0.08,Matches,2025
539,Shunta Tanaka,jp JPN,MF,Cerezo Osaka,27,1997,29,24,"2,284",25.4,3,0,3,3,0,0,2,0,0.12,0.00,0.12,0.12,0.12,Matches,2025
540,Kosei Tani,jp JPN,GK,Machida Zelvia,24,2000,37,37,"3,33",37.0,0,0,0,0,0,0,0,0,0.00,0.00,0.00,0.00,0.00,Matches,2025
541,Hiroto Taniguchi,jp JPN,DF,Tokyo Verdy,25,1999,35,35,"3,077",34.2,3,1,4,3,0,0,6,1,0.09,0.03,0.12,0.09,0.12,Matches,2025
542,Kaito Taniguchi,jp JPN,"MF,FW",Albirex Niigata,29,1995,28,21,"1,604",17.8,2,1,3,2,0,0,0,0,0.11,0.06,0.17,0.11,0.17,Matches,2025
543,Kaina Tanimura,jp JPN,FW,Yokohama F. Marinos,26,1998,15,12,997,11.1,6,0,6,6,0,0,1,0,0.54,0.00,0.54,0.54,0.54,Matches,2025
544,Douglas Tanque,br BRA,FW,Shimizu S-Pulse,31,1993,9,0,143,1.6,1,0,1,1,0,0,0,0,0.63,0.00,0.63,0.63,0.63,Matches,2025
545,Masaya Tashiro,jp JPN,DF,Avispa Fukuoka,31,1993,25,22,"1,911",21.2,1,1,2,1,0,0,4,0,0.05,0.05,0.09,0.05,0.09,Matches,2025
546,Ryuga Tashiro,jp JPN,GK,Albirex Niigata,26,1998,15,15,"1,35",15.0,0,1,1,0,0,0,2,0,0.00,0.07,0.07,0.00,0.07,Matches,2025
547,Yugo Tatsuta,jp JPN,DF,Fagiano Okayama,26,1998,28,28,"2,43",27.0,0,1,1,0,0,0,4,0,0.00,0.04,0.04,0.00,0.04,Matches,2025
548,Kota Tawaratsumida,jp JPN,MF,FC Tokyo,20,2004,34,25,"2,061",22.9,2,2,4,2,0,0,0,0,0.09,0.09,0.17,0.09,0.17,Matches,2025
549,Hisashi Tawiah,jp JPN,DF,Kyoto Sanga,26,1998,8,5,429,4.8,0,0,0,0,0,0,1,0,0.00,0.00,0.00,0.00,0.00,Matches,2025
550,Shimon Teranuma,jp JPN,FW,Tokyo Verdy,23,2001,8,1,145,1.6,0,0,0,0,0,0,0,0,0.00,0.00,0.00,0.00,0.00,Matches,2025
551,Toshikazu Teruuchi,jp JPN,FW,Urawa Reds,18,2006,1,0,9,0.1,0,0,0,0,0,0,0,0,0.00,0.00,0.00,0.00,0.00,Matches,2025
552,Kohei Tezuka,jp JPN,MF,Kashiwa Reysol,28,1996,2,0,41,0.5,0,0,0,0,0,0,0,0,0.00,0.00,0.00,0.00,0.00,Matches,2025
553,Thiago,br BRA,"MF,FW",Cerezo Osaka,24,2000,34,25,"1,823",20.3,4,4,8,4,0,0,3,0,0.20,0.20,0.39,0.20,0.39,Matches,2025
554,Matheus Thuler,br BRA,DF,Vissel Kobe,25,1999,32,30,"2,705",30.1,3,1,4,3,0,0,5,0,0.10,0.03,0.13,0.10,0.13,Matches,2025
555,Kyota Tokiwa,jp JPN,MF,FC Tokyo,22,2002,7,1,135,1.5,0,0,0,0,0,0,0,0,0.00,0.00,0.00,0.00,0.00,Matches,2025
556,Homare Tokuda,jp JPN,FW,Kashima Antlers,17,2007,9,0,117,1.3,2,0,2,2,0,1,0,0,1.54,0.00,1.54,1.54,1.54,Matches,2025
557,Shuhei Tokumoto,jp JPN,MF,Grampus,29,1995,24,18,"1,512",16.8,2,0,2,2,0,0,0,0,0.12,0.00,0.12,0.12,0.12,Matches,2025
558,Niina Tominaga,jp JPN,FW,Vissel Kobe,20,2004,1,0,1,0.0,0,0,0,0,0,0,0,0,0.00,0.00,0.00,0.00,0.00,Matches,2025
559,Daiya Tono,jp JPN,MF,Yokohama F. Marinos,25,1999,21,16,"1,385",15.4,5,1,6,5,0,0,3,0,0.32,0.06,0.39,0.32,0.39,Matches,2025
560,Sachiro Toshima,jp JPN,MF,Kashiwa Reysol,29,1995,13,5,386,4.3,1,0,1,1,0,0,0,0,0.23,0.00,0.23,0.23,0.23,Matches,2025
561,Shoji Toyama,jp JPN,MF,Tokyo Verdy,22,2002,9,3,275,3.1,0,0,0,0,0,0,0,0,0.00,0.00,0.00,0.00,0.00,Matches,2025
562,Shoji Toyama,jp JPN,FW,Gamba Osaka,22,2002,5,0,84,0.9,0,0,0,0,0,0,0,0,0.00,0.00,0.00,0.00,0.00,Matches,2025
563,Henrique Trevisan,br BRA,DF,FC Tokyo,28,1997,10,8,691,7.7,1,1,2,1,0,0,2,0,0.13,0.13,0.26,0.13,0.26,Matches,2025
564,Kaito Tsuchiya,jp JPN,DF,Kawasaki Frontale,18,2006,1,0,3,0.0,0,0,0,0,0,0,0,0,0.00,0.00,0.00,0.00,0.00,Matches,2025
565,Koki Tsukagawa,jp JPN,MF,FC Tokyo,30,1994,1,0,20,0.2,0,0,0,0,0,0,0,0,0.00,0.00,0.00,0.00,0.00,Matches,2025
566,Keisuke Tsukui,jp JPN,DF,Kashima Antlers,20,2004,19,7,763,8.5,0,1,1,0,0,0,2,0,0.00,0.12,0.12,0.00,0.12,Matches,2025
567,Yuto Tsunashima,jp JPN,DF,Tokyo Verdy,24,2000,23,23,"1,998",22.2,3,1,4,3,0,0,5,1,0.14,0.05,0.18,0.14,0.18,Matches,2025
568,Ryotaro Tsunoda,jp JPN,DF,Yokohama F. Marinos,25,1999,11,10,846,9.4,2,2,4,2,0,0,3,0,0.21,0.21,0.43,0.21,0.43,Matches,2025
569,Marco Túlio,br BRA,FW,Kyoto Sanga,26,1998,18,15,"1,162",12.9,7,4,11,7,0,0,1,0,0.54,0.31,0.85,0.54,0.85,Matches,2025
570,Takuya Uchida,jp JPN,"MF,DF",Grampus,26,1998,15,12,"1,026",11.4,0,2,2,0,0,0,0,0,0.00,0.18,0.18,0.00,0.18,Matches,2025
571,Yosuke Uchida,jp JPN,MF,Tokyo Verdy,22,2002,10,8,711,7.9,0,0,0,0,0,0,2,0,0.00,0.00,0.00,0.00,0.00,Matches,2025
572,Naomichi Ueda,jp JPN,DF,Kashima Antlers,30,1994,38,38,"3,42",38.0,2,5,7,2,0,0,0,0,0.05,0.13,0.18,0.05,0.18,Matches,2025
573,Satoki Uejo,jp JPN,MF,Cerezo Osaka,27,1997,9,4,307,3.4,1,0,1,1,0,0,0,0,0.29,0.00,0.29,0.29,0.29,Matches,2025
574,Hiroto Uemura,jp JPN,"MF,DF",Albirex Niigata,23,2001,10,5,459,5.1,0,0,0,0,0,0,0,0,0.00,0.00,0.00,0.00,0.00,Matches,2025
575,Asahi Uenaka,jp JPN,"MF,FW",Yokohama F. Marinos,23,2001,33,27,"2,413",26.8,8,4,12,8,0,0,5,0,0.30,0.15,0.45,0.30,0.45,Matches,2025
576,Togo Umeda,jp JPN,GK,Shimizu S-Pulse,24,2000,14,14,"1,26",14.0,0,0,0,0,0,0,0,0,0.00,0.00,0.00,0.00,0.00,Matches,2025
577,Zento Uno,jp JPN,MF,Shimizu S-Pulse,21,2003,27,25,"1,995",22.2,0,1,1,0,0,0,3,0,0.00,0.05,0.05,0.00,0.05,Matches,2025
578,Filip Uremović,hr CRO,DF,Kawasaki Frontale,27,1997,11,9,793,8.8,0,0,0,0,0,0,2,1,0.00,0.00,0.00,0.00,0.00,Matches,2025
579,Takashi Usami,jp JPN,"MF,FW",Gamba Osaka,32,1992,29,22,"1,93",21.4,8,2,10,6,2,2,1,0,0.37,0.09,0.47,0.28,0.37,Matches,2025
580,Shosei Usui,jp JPN,FW,Avispa Fukuoka,23,2001,11,9,727,8.1,3,0,3,3,0,0,0,0,0.37,0.00,0.37,0.37,0.37,Matches,2025
581,Patrick Verhon,br BRA,MF,Kawasaki Frontale,20,2004,2,2,132,1.5,0,0,0,0,0,0,0,0,0.00,0.00,0.00,0.00,0.00,Matches,2025
582,Yuji Wakasa,jp JPN,MF,Fagiano Okayama,28,1996,1,0,11,0.1,0,0,0,0,0,0,0,0,0.00,0.00,0.00,0.00,0.00,Matches,2025
583,Yamato Wakatsuki,jp JPN,FW,Albirex Niigata,23,2002,8,0,135,1.5,1,0,1,1,0,0,0,0,0.67,0.00,0.67,0.67,0.67,Matches,2025
584,Yasuto Wakizaka,jp JPN,MF,Kawasaki Frontale,29,1995,36,33,"2,96",32.9,7,7,14,7,0,0,1,0,0.21,0.21,0.43,0.21,0.43,Matches,2025
585,Sandy Walsh,id IDN,DF,Yokohama F. Marinos,29,1995,8,5,509,5.7,0,0,0,0,0,0,1,0,0.00,0.00,0.00,0.00,0.00,Matches,2025
586,Masaki Watai,jp JPN,MF,Kashiwa Reysol,25,1999,28,19,"1,527",17.0,1,2,3,1,0,0,0,0,0.06,0.12,0.18,0.06,0.18,Matches,2025
587,Keigo Watanabe,jp JPN,FW,Shonan Bellmare,22,2002,5,1,107,1.2,0,0,0,0,0,0,0,0,0.00,0.00,0.00,0.00,0.00,Matches,2025
588,Kota Watanabe,jp JPN,MF,Yokohama F. Marinos,26,1998,31,20,"1,903",21.1,0,2,2,0,0,0,2,0,0.00,0.09,0.09,0.00,0.09,Matches,2025
589,Ryoma Watanabe,jp JPN,MF,Urawa Reds,28,1996,29,23,"1,982",22.0,7,3,10,7,0,0,2,0,0.32,0.14,0.45,0.32,0.45,Matches,2025
590,Taiki Watanabe,jp JPN,DF,Yokohama F. Marinos,25,1999,9,7,556,6.2,0,0,0,0,0,0,1,0,0.00,0.00,0.00,0.00,0.00,Matches,2025
591,Wellington,br BRA,FW,Avispa Fukuoka,36,1988,30,8,"1,042",11.6,2,1,3,2,0,0,5,1,0.17,0.09,0.26,0.17,0.26,Matches,2025
592,Sai van Wermeskerken,jp JPN,DF,Kawasaki Frontale,30,1994,26,24,"2,095",23.3,0,4,4,0,0,0,3,1,0.00,0.17,0.17,0.00,0.17,Matches,2025
593,Shinya Yajima,jp JPN,MF,Shimizu S-Pulse,31,1994,30,7,"1,06",11.8,1,1,2,1,0,0,0,0,0.08,0.08,0.17,0.08,0.17,Matches,2025
594,Fūki Yamada,jp JPN,FW,Kyoto Sanga,23,2001,12,2,364,4.0,0,2,2,0,0,0,3,0,0.00,0.49,0.49,0.00,0.49,Matches,2025
595,Gouki Yamada,jp JPN,FW,Tokyo Verdy,24,2000,5,3,203,2.3,0,0,0,0,0,0,1,0,0.00,0.00,0.00,0.00,0.00,Matches,2025
596,Kota Yamada,jp JPN,MF,Yokohama FC,25,1999,32,30,"2,548",28.3,2,1,3,2,0,0,4,0,0.07,0.04,0.11,0.07,0.11,Matches,2025
597,Shin Yamada,jp JPN,FW,Kawasaki Frontale,24,2000,21,12,"1,142",12.7,2,1,3,2,0,0,2,0,0.16,0.08,0.24,0.16,0.24,Matches,2025
598,Yuto Yamada,jp JPN,MF,Kashiwa Reysol,24,2000,25,20,"1,839",20.4,2,2,4,2,0,0,6,0,0.10,0.10,0.20,0.10,0.20,Matches,2025
599,Yuya Yamagishi,jp JPN,"FW,MF",Grampus,31,1993,28,15,"1,467",16.3,3,5,8,3,0,0,4,1,0.18,0.31,0.49,0.18,0.49,Matches,2025
600,Louis Yamaguchi,jp JPN,GK,Kawasaki Frontale,26,1998,35,35,"3,14",34.9,0,0,0,0,0,0,1,0,0.00,0.00,0.00,0.00,0.00,Matches,2025
601,Taiyo Yamaguchi,jp JPN,FW,FC Tokyo,18,2006,2,0,7,0.1,0,0,0,0,0,0,0,0,0.00,0.00,0.00,0.00,0.00,Matches,2025
602,Reon Yamahara,jp JPN,"MF,DF",Shimizu S-Pulse,25,1999,30,26,"2,249",25.0,1,4,5,1,0,0,2,0,0.04,0.16,0.20,0.04,0.20,Matches,2025
603,Tetsushi Yamakawa,jp JPN,DF,Vissel Kobe,27,1997,38,38,"3,372",37.5,0,0,0,0,0,0,1,0,0.00,0.00,0.00,0.00,0.00,Matches,2025
604,Hiroto Yamami,jp JPN,MF,Tokyo Verdy,25,1999,18,11,923,10.3,1,2,3,1,0,0,0,0,0.10,0.20,0.29,0.10,0.29,Matches,2025
605,Yuki Yamamoto,jp JPN,MF,Kawasaki Frontale,27,1997,35,30,"2,757",30.6,4,3,7,4,0,0,4,0,0.13,0.10,0.23,0.13,0.23,Matches,2025
606,Kazuya Yamamura,jp JPN,"DF,MF",Yokohama F. Marinos,35,1989,5,0,36,0.4,0,0,0,0,0,0,0,0,0.00,0.00,0.00,0.00,0.00,Matches,2025
607,Ryosuke Yamanaka,jp JPN,"DF,MF",Grampus,31,1993,4,0,45,0.5,0,0,0,0,0,0,0,0,0.00,0.00,0.00,0.00,0.00,Matches,2025
608,Riku Yamane,jp JPN,MF,Yokohama F. Marinos,21,2003,29,19,"1,846",20.5,1,2,3,1,0,0,1,0,0.05,0.10,0.15,0.05,0.15,Matches,2025
609,Towa Yamane,jp JPN,MF,Yokohama FC,25,1999,30,24,"1,948",21.6,1,3,4,1,0,0,1,0,0.05,0.14,0.18,0.05,0.18,Matches,2025
610,Yusei Yamanouchi,jp JPN,MF,Kashiwa Reysol,21,2003,5,3,260,2.9,0,1,1,0,0,0,0,0,0.00,0.35,0.35,0.00,0.35,Matches,2025
611,Taichi Yamasaki,jp JPN,DF,Sanfrecce Hiroshima,24,2001,6,3,279,3.1,0,0,0,0,0,0,0,0,0.00,0.00,0.00,0.00,0.00,Matches,2025
612,Keita Yamashita,jp JPN,FW,FC Tokyo,28,1996,12,5,407,4.5,1,0,1,1,0,0,2,0,0.22,0.00,0.22,0.22,0.22,Matches,2025
613,Ryoya Yamashita,jp JPN,MF,Gamba Osaka,27,1997,34,27,"2,224",24.7,7,1,8,7,0,0,4,0,0.28,0.04,0.32,0.28,0.32,Matches,2025
614,Hinata Yamauchi,jp JPN,MF,Kawasaki Frontale,23,2001,3,1,103,1.1,1,1,2,1,0,0,0,0,0.87,0.87,1.75,0.87,1.75,Matches,2025
615,Kakeru Yamauchi,jp JPN,MF,Vissel Kobe,23,2002,10,1,182,2.0,0,0,0,0,0,0,1,0,0.00,0.00,0.00,0.00,0.00,Matches,2025
616,Kosuke Yamazaki,jp JPN,DF,Yokohama FC,29,1995,23,22,"1,962",21.8,0,1,1,0,0,0,2,0,0.00,0.05,0.05,0.00,0.05,Matches,2025
617,Ken Yamura,jp JPN,FW,Albirex Niigata,27,1997,23,5,549,6.1,4,0,4,3,1,1,0,0,0.66,0.00,0.66,0.49,0.49,Matches,2025
618,Takahiro Yanagi,jp JPN,MF,Fagiano Okayama,27,1997,19,11,946,10.5,1,2,3,1,0,0,2,0,0.10,0.19,0.29,0.10,0.29,Matches,2025
619,Yasutaka Yanagi,jp JPN,DF,Fagiano Okayama,30,1994,4,1,142,1.6,0,0,0,0,0,0,0,0,0.00,0.00,0.00,0.00,0.00,Matches,2025
620,Kaito Yasui,jp JPN,MF,Urawa Reds,24,2000,38,36,"3,111",34.6,1,1,2,1,0,0,2,0,0.03,0.03,0.06,0.03,0.06,Matches,2025
621,Takuji Yonemoto,jp JPN,MF,Kyoto Sanga,34,1990,19,8,551,6.1,2,0,2,2,0,0,2,0,0.33,0.00,0.33,0.33,0.33,Matches,2025
622,Minato Yoshida,jp JPN,FW,Kashima Antlers,16,2008,1,0,1,0.0,0,0,0,0,0,0,0,0,0.00,0.00,0.00,0.00,0.00,Matches,2025
623,Shun Yoshida,jp JPN,GK,Shonan Bellmare,28,1996,2,2,180,2.0,0,0,0,0,0,0,0,0,0.00,0.00,0.00,0.00,0.00,Matches,2025
624,Taiju Yoshida,jp JPN,DF,Tokyo Verdy,24,2000,3,0,47,0.5,0,0,0,0,0,0,0,0,0.00,0.00,0.00,0.00,0.00,Matches,2025
625,Yutaka Yoshida,jp JPN,"MF,DF",Shimizu S-Pulse,34,1990,20,16,"1,302",14.5,0,1,1,0,0,0,1,0,0.00,0.07,0.07,0.00,0.07,Matches,2025
626,Daisuke Yoshimitsu,jp JPN,GK,Albirex Niigata,31,1993,7,7,630,7.0,0,0,0,0,0,0,0,0,0.00,0.00,0.00,0.00,0.00,Matches,2025
627,Kyohei Yoshino,jp JPN,MF,Cerezo Osaka,30,1994,11,4,386,4.3,0,0,0,0,0,0,2,0,0.00,0.00,0.00,0.00,0.00,Matches,2025
628,Masaki Yumiba,jp JPN,MF,Shimizu S-Pulse,22,2002,12,6,499,5.5,0,1,1,0,0,0,2,0,0.00,0.18,0.18,0.00,0.18,Matches,2025
629,Yuri,br BRA,MF,Yokohama FC,30,1994,32,25,"2,299",25.5,1,0,1,1,0,0,4,1,0.04,0.00,0.04,0.04,0.04,Matches,2025
630,Koya Yuruki,jp JPN,FW,Vissel Kobe,29,1995,24,11,911,10.1,2,1,3,2,0,0,1,0,0.20,0.10,0.30,0.20,0.30,Matches,2025
631,Masato Yuzawa,jp JPN,"MF,DF",Avispa Fukuoka,31,1993,20,10,882,9.8,1,0,1,1,0,0,2,0,0.10,0.00,0.10,0.10,0.10,Matches,2025
632,Shahab Zahedi,ir IRN,FW,Avispa Fukuoka,29,1995,21,11,959,10.7,0,1,1,0,0,0,1,0,0.00,0.09,0.09,0.00,0.09,Matches,2025
