Round,Wk,Day,Date,Time,Home,Score,Away,Attendance,Venue,Referee,Match Report,Notes,Season
J1 League,1,Fri,2022-02-18,19:00 (06:00),Kawasaki Frontale,1–0,FC Tokyo,"17,544",Kawasaki Todoroki Stadium,Hiroyuki Kimura,Match Report,,2022
J1 League,1,Sat,2022-02-19,14:00 (01:00),Sanfrecce Hiroshima,0–0,Sagan Tosu,"6,012",EDION Stadium,Yoshirō Imamura,Match Report,,2022
J1 League,1,Sat,2022-02-19,14:00 (01:00),Yokohama F. Marinos,2–2,Cerezo Osaka,"13,737",Nissan Stadium,Yudai Yamamoto,Match Report,,2022
J1 League,1,Sat,2022-02-19,14:00 (01:00),Kyoto Sanga,1–0,Urawa Reds,"11,701",Sanga Stadium by Kyocera,Koichiro Fukushima,Match Report,,2022
J1 League,1,Sat,2022-02-19,14:00 (01:00),Gamba Osaka,1–3,Kashima Antlers,"11,8",Panasonic Stadium Suita,Yūsuke Araki,Match Report,,2022
J1 League,1,Sat,2022-02-19,14:00 (01:00),Avispa Fukuoka,1–1,Júbilo Iwata,"6,217",Best Denki Stadium,Hajime Matsuo,Match Report,,2022
J1 League,1,Sat,2022-02-19,14:00 (01:00),Shimizu S-Pulse,1–1,Consa Sapporo,"9,357",IAI Stadium Nihondaira,Futoshi Nakamura,Match Report,,2022
J1 League,1,Sat,2022-02-19,15:00 (02:00),Grampus,2–0,Vissel Kobe,"18,681",Toyota Stadium,Ryo Tanimoto,Match Report,,2022
J1 League,1,Sat,2022-02-19,15:00 (02:00),Shonan Bellmare,0–2,Kashiwa Reysol,"6,755",Lemon Gas Stadium Hiratsuka,Hayato Shimizu,Match Report,,2022
J1 League,9,Wed,2022-02-23,14:00 (01:00),Yokohama F. Marinos,4–2,Kawasaki Frontale,"20,433",Nissan Stadium,Yūsuke Araki,Match Report,,2022
J1 League,9,Wed,2022-02-23,16:00 (03:00),Urawa Reds,2–2,Vissel Kobe,"19,446",Saitama Stadium 2002,Hiroyuki Kimura,Match Report,,2022
J1 League,2,Sat,2022-02-26,13:30 (00:30),Júbilo Iwata,1–2,Shimizu S-Pulse,"19,13",Shizuoka Stadium Ecopa,Kōei Koya,Match Report,,2022
J1 League,2,Sat,2022-02-26,14:00 (01:00),Cerezo Osaka,1–1,Kyoto Sanga,"9,766",Yodoko Sakura Stadium,Hayato Shimizu,Match Report,,2022
J1 League,2,Sat,2022-02-26,15:00 (02:00),Consa Sapporo,1–1,Sanfrecce Hiroshima,"9,519",Sapporo Dome,Ryo Tanimoto,Match Report,,2022
J1 League,2,Sat,2022-02-26,15:00 (02:00),Kashima Antlers,0–2,Kawasaki Frontale,"27,234",Kashima Soccer Stadium,Koichiro Fukushima,Match Report,,2022
J1 League,2,Sat,2022-02-26,15:00 (02:00),Urawa Reds,0–1,Gamba Osaka,"16,121",Saitama Stadium 2002,Jumpei Iida,Match Report,,2022
J1 League,2,Sat,2022-02-26,15:00 (02:00),Sagan Tosu,1–1,Shonan Bellmare,"7,551",Ekimae Real Estate Stadium,Futoshi Nakamura,Match Report,,2022
J1 League,2,Sat,2022-02-26,16:00 (03:00),Vissel Kobe,0–0,Avispa Fukuoka,"19,329",NOEVIR Stadium Kobe,Hiroki Kasahara,Match Report,,2022
J1 League,2,Sun,2022-02-27,15:00 (02:00),Kashiwa Reysol,3–1,Yokohama F. Marinos,"8,918",Sankyo Frontier Kashiwa Stadium,Ryūji Satō,Match Report,,2022
J1 League,10,Wed,2022-03-02,19:00 (06:00),Kawasaki Frontale,2–1,Urawa Reds,"14,696",Kawasaki Todoroki Stadium,Ryūji Satō,Match Report,,2022
J1 League,10,Wed,2022-03-02,19:30 (06:30),Yokohama F. Marinos,2–0,Vissel Kobe,"13,801",Nissan Stadium,Masuya Ueda,Match Report,,2022
J1 League,3,Sat,2022-03-05,14:00 (01:00),Kyoto Sanga,1–4,Júbilo Iwata,"7,894",Sanga Stadium by Kyocera,Tomohiro Inoue,Match Report,,2022
J1 League,3,Sun,2022-03-06,14:00 (01:00),Avispa Fukuoka,0–0,Consa Sapporo,"5,006",Best Denki Stadium,Yūsuke Araki,Match Report,,2022
J1 League,3,Sun,2022-03-06,14:00 (01:00),Grampus,1–1,Sagan Tosu,"11,055",Toyota Stadium,Masuya Ueda,Match Report,,2022
J1 League,3,Sun,2022-03-06,14:00 (01:00),Yokohama F. Marinos,2–0,Shimizu S-Pulse,"14,752",Nissan Stadium,Takafumi Mikuriya,Match Report,,2022
J1 League,3,Sun,2022-03-06,15:00 (02:00),Urawa Reds,2–0,Shonan Bellmare,"19,144",Saitama Stadium 2002,Hajime Matsuo,Match Report,,2022
J1 League,3,Sun,2022-03-06,15:00 (02:00),Gamba Osaka,2–2,Kawasaki Frontale,"12,703",Panasonic Stadium Suita,Yudai Yamamoto,Match Report,,2022
J1 League,3,Sun,2022-03-06,15:00 (02:00),Kashima Antlers,1–0,Kashiwa Reysol,"9,774",Kashima Soccer Stadium,Hiroyuki Kimura,Match Report,,2022
J1 League,3,Sun,2022-03-06,16:00 (03:00),Sanfrecce Hiroshima,1–1,Vissel Kobe,"10,097",EDION Stadium,Futoshi Nakamura,Match Report,,2022
J1 League,3,Sun,2022-03-06,16:00 (03:00),Cerezo Osaka,0–1,FC Tokyo,"8,185",Yodoko Sakura Stadium,Yoshirō Imamura,Match Report,,2022
J1 League,4,Fri,2022-03-11,19:00 (06:00),Vissel Kobe,0–2,Kashima Antlers,"14,189",NOEVIR Stadium Kobe,Akihiko Ikeuchi,Match Report,,2022
J1 League,4,Sat,2022-03-12,14:00 (01:00),Shimizu S-Pulse,1–3,Cerezo Osaka,"10,887",IAI Stadium Nihondaira,Ryūji Satō,Match Report,,2022
J1 League,4,Sat,2022-03-12,14:00 (01:00),Júbilo Iwata,1–1,Gamba Osaka,"10,669",Yamaha Stadium,Takafumi Mikuriya,Match Report,,2022
J1 League,4,Sat,2022-03-12,14:00 (01:00),Consa Sapporo,1–1,Yokohama F. Marinos,"9,115",Sapporo Dome,Hiroki Kasahara,Match Report,,2022
J1 League,4,Sat,2022-03-12,15:00 (02:00),FC Tokyo,2–1,Sanfrecce Hiroshima,"14,415",Ajinomoto Stadium,Yūsuke Araki,Match Report,,2022
J1 League,4,Sat,2022-03-12,15:00 (02:00),Shonan Bellmare,1–1,Kyoto Sanga,"8,405",Lemon Gas Stadium Hiratsuka,Masuya Ueda,Match Report,,2022
J1 League,4,Sat,2022-03-12,16:00 (03:00),Kashiwa Reysol,1–0,Avispa Fukuoka,"6,316",Sankyo Frontier Kashiwa Stadium,Koichiro Fukushima,Match Report,,2022
J1 League,4,Sat,2022-03-12,17:00 (04:00),Kawasaki Frontale,1–0,Grampus,"18,114",Kawasaki Todoroki Stadium,Jumpei Iida,Match Report,,2022
J1 League,4,Sun,2022-03-13,15:00 (02:00),Sagan Tosu,1–0,Urawa Reds,"9,627",Ekimae Real Estate Stadium,Hayato Shimizu,Match Report,,2022
J1 League,5,Fri,2022-03-18,19:00 (06:00),Yokohama F. Marinos,0–0,Sagan Tosu,"6,689",Nissan Stadium,Hiroyuki Kimura,Match Report,,2022
J1 League,5,Sat,2022-03-19,14:00 (01:00),Sanfrecce Hiroshima,0–2,Kawasaki Frontale,"7,544",EDION Stadium,Takuto Okabe,Match Report,,2022
J1 League,5,Sat,2022-03-19,14:00 (01:00),Gamba Osaka,2–3,Avispa Fukuoka,"11,133",Panasonic Stadium Suita,Ryūji Satō,Match Report,,2022
J1 League,5,Sat,2022-03-19,14:00 (01:00),Kyoto Sanga,0–1,FC Tokyo,"10,79",Sanga Stadium by Kyocera,Kōei Koya,Match Report,,2022
J1 League,5,Sat,2022-03-19,14:00 (01:00),Shimizu S-Pulse,0–0,Vissel Kobe,"13,106",IAI Stadium Nihondaira,Hajime Matsuo,Match Report,,2022
J1 League,5,Sat,2022-03-19,15:00 (02:00),Urawa Reds,4–1,Júbilo Iwata,"24,207",Saitama Stadium 2002,Futoshi Nakamura,Match Report,,2022
J1 League,5,Sat,2022-03-19,15:00 (02:00),Kashima Antlers,2–1,Shonan Bellmare,"10,251",Kashima Soccer Stadium,Jumpei Iida,Match Report,,2022
J1 League,5,Sat,2022-03-19,16:00 (03:00),Cerezo Osaka,2–2,Consa Sapporo,"6,798",Yodoko Sakura Stadium,Koichiro Fukushima,Match Report,,2022
J1 League,5,Sun,2022-03-20,14:00 (01:00),Grampus,1–1,Kashiwa Reysol,"11,859",Toyota Stadium,Yoshirō Imamura,Match Report,,2022
J1 League,6,Fri,2022-04-01,19:00 (06:00),Avispa Fukuoka,0–0,Sagan Tosu,"7,993",Best Denki Stadium,Akihiko Ikeuchi,Match Report,,2022
J1 League,6,Sat,2022-04-02,14:00 (01:00),Gamba Osaka,3–1,Grampus,"13,685",Panasonic Stadium Suita,Koichiro Fukushima,Match Report,,2022
J1 League,6,Sat,2022-04-02,15:00 (02:00),Kashiwa Reysol,2–0,Júbilo Iwata,"8,332",Sankyo Frontier Kashiwa Stadium,Hayato Shimizu,Match Report,,2022
J1 League,6,Sat,2022-04-02,15:00 (02:00),Shonan Bellmare,0–1,Sanfrecce Hiroshima,"7,877",Lemon Gas Stadium Hiratsuka,Kōei Koya,Match Report,,2022
J1 League,6,Sat,2022-04-02,15:00 (02:00),Kawasaki Frontale,1–4,Cerezo Osaka,"18,09",Kawasaki Todoroki Stadium,Futoshi Nakamura,Match Report,,2022
J1 League,6,Sat,2022-04-02,16:00 (03:00),Kashima Antlers,2–1,Shimizu S-Pulse,"11,037",Kashima Soccer Stadium,Ryo Tanimoto,Match Report,,2022
J1 League,6,Sat,2022-04-02,16:00 (03:00),Vissel Kobe,1–3,Kyoto Sanga,"17,411",NOEVIR Stadium Kobe,Yuichi Nishimura,Match Report,,2022
J1 League,6,Sat,2022-04-02,19:00 (06:00),Consa Sapporo,1–1,Urawa Reds,"11,345",Sapporo Dome,Tomohiro Inoue,Match Report,,2022
J1 League,6,Sat,2022-04-02,19:00 (06:00),Yokohama F. Marinos,2–1,FC Tokyo,"20,823",Nissan Stadium,Yudai Yamamoto,Match Report,,2022
J1 League,7,Tue,2022-04-05,19:00 (06:00),Cerezo Osaka,0–1,Kashiwa Reysol,"6,695",Yodoko Sakura Stadium,Yudai Yamamoto,Match Report,,2022
J1 League,7,Wed,2022-04-06,18:30 (05:30),Kyoto Sanga,1–1,Gamba Osaka,"9,869",Sanga Stadium by Kyocera,Takuto Okabe,Match Report,,2022
J1 League,7,Wed,2022-04-06,19:00 (06:00),FC Tokyo,3–1,Vissel Kobe,"13,814",Ajinomoto Stadium,Koichiro Fukushima,Match Report,,2022
J1 League,7,Wed,2022-04-06,19:00 (06:00),Avispa Fukuoka,0–1,Kashima Antlers,"4,751",Best Denki Stadium,Yoshirō Imamura,Match Report,,2022
J1 League,7,Wed,2022-04-06,19:00 (06:00),Sanfrecce Hiroshima,2–0,Yokohama F. Marinos,"3,988",EDION Stadium,Hajime Matsuo,Match Report,,2022
J1 League,7,Wed,2022-04-06,19:00 (06:00),Júbilo Iwata,1–1,Kawasaki Frontale,"7,508",Yamaha Stadium,Yoshirō Imamura,Match Report,,2022
J1 League,7,Wed,2022-04-06,19:00 (06:00),Sagan Tosu,5–0,Consa Sapporo,"4,63",Ekimae Real Estate Stadium,Takafumi Mikuriya,Match Report,,2022
J1 League,7,Wed,2022-04-06,19:30 (06:30),Grampus,2–1,Shonan Bellmare,"6,714",Toyota Stadium,Futoshi Nakamura,Match Report,,2022
J1 League,7,Wed,2022-04-06,19:30 (06:30),Urawa Reds,1–1,Shimizu S-Pulse,"18,757",Saitama Stadium 2002,Akihiko Ikeuchi,Match Report,,2022
J1 League,8,Sat,2022-04-09,19:00 (06:00),Kawasaki Frontale,1–0,Kashiwa Reysol,"17,471",Kawasaki Todoroki Stadium,Akihiko Ikeuchi,Match Report,,2022
J1 League,8,Sun,2022-04-10,13:00 (00:00),Shimizu S-Pulse,1–1,Gamba Osaka,"12,938",IAI Stadium Nihondaira,Yūsuke Araki,Match Report,,2022
J1 League,8,Sun,2022-04-10,14:00 (01:00),Vissel Kobe,0–1,Cerezo Osaka,"15,932",NOEVIR Stadium Kobe,Hayato Shimizu,Match Report,,2022
J1 League,8,Sun,2022-04-10,14:00 (01:00),Sanfrecce Hiroshima,1–0,Avispa Fukuoka,"8,57",EDION Stadium,Masuya Ueda,Match Report,,2022
J1 League,8,Sun,2022-04-10,14:00 (01:00),FC Tokyo,0–0,Urawa Reds,"22,429",Ajinomoto Stadium,Takafumi Mikuriya,Match Report,,2022
J1 League,8,Sun,2022-04-10,15:00 (02:00),Grampus,0–2,Consa Sapporo,"13,106",Toyota Stadium,Yudai Yamamoto,Match Report,,2022
J1 League,8,Sun,2022-04-10,15:00 (02:00),Shonan Bellmare,0–0,Júbilo Iwata,"8,257",Lemon Gas Stadium Hiratsuka,Takuto Okabe,Match Report,,2022
J1 League,8,Sun,2022-04-10,15:00 (02:00),Kashima Antlers,0–3,Yokohama F. Marinos,"17,646",Kashima Soccer Stadium,Yuichi Nishimura,Match Report,,2022
J1 League,8,Sun,2022-04-10,16:00 (03:00),Kyoto Sanga,3–1,Sagan Tosu,"7,195",Sanga Stadium by Kyocera,Yoshirō Imamura,Match Report,,2022
J1 League,9,Sat,2022-04-16,13:00 (00:00),Consa Sapporo,0–0,FC Tokyo,"9,667",Sapporo Dome,Takuto Okabe,Match Report,,2022
J1 League,9,Sun,2022-04-17,14:00 (01:00),Gamba Osaka,0–1,Shonan Bellmare,"16,576",Panasonic Stadium Suita,Tomohiro Inoue,Match Report,,2022
J1 League,9,Sun,2022-04-17,15:00 (02:00),Sagan Tosu,0–0,Shimizu S-Pulse,"7,519",Ekimae Real Estate Stadium,Hayato Shimizu,Match Report,,2022
J1 League,9,Sun,2022-04-17,15:00 (02:00),Kashima Antlers,0–0,Grampus,"11,41",Kashima Soccer Stadium,Hajime Matsuo,Match Report,,2022
J1 League,9,Sun,2022-04-17,16:00 (03:00),Júbilo Iwata,2–2,Sanfrecce Hiroshima,"7,393",Yamaha Stadium,Ryo Tanimoto,Match Report,,2022
J1 League,9,Sun,2022-04-17,17:00 (04:00),Avispa Fukuoka,0–0,Cerezo Osaka,"5,181",Best Denki Stadium,Koichiro Fukushima,Match Report,,2022
J1 League,9,Sun,2022-04-17,19:00 (06:00),Kashiwa Reysol,0–2,Kyoto Sanga,"5,545",Sankyo Frontier Kashiwa Stadium,Futoshi Nakamura,Match Report,,2022
J1 League,2,Wed,2022-04-20,19:00 (06:00),FC Tokyo,0–0,Grampus,"11,214",Ajinomoto Stadium,Akihiko Ikeuchi,Match Report,,2022
J1 League,10,Thu,2022-04-28,19:00 (06:00),Júbilo Iwata,2–1,Grampus,"7,69",Yamaha Stadium,Hiroki Kasahara,Match Report,,2022
J1 League,10,Fri,2022-04-29,13:05 (00:05),Consa Sapporo,1–0,Shonan Bellmare,"11,047",Sapporo Dome,Akihiko Ikeuchi,Match Report,,2022
J1 League,10,Fri,2022-04-29,14:00 (01:00),Shimizu S-Pulse,2–2,Sanfrecce Hiroshima,"9,765",IAI Stadium Nihondaira,Yoshirō Imamura,Match Report,,2022
J1 League,10,Fri,2022-04-29,15:00 (02:00),Kyoto Sanga,0–1,Avispa Fukuoka,"10,403",Sanga Stadium by Kyocera,Ryo Tanimoto,Match Report,,2022
J1 League,10,Fri,2022-04-29,16:00 (03:00),Cerezo Osaka,0–3,Kashima Antlers,"9,883",Yodoko Sakura Stadium,Yudai Yamamoto,Match Report,,2022
J1 League,10,Fri,2022-04-29,16:00 (03:00),Kashiwa Reysol,1–4,Sagan Tosu,"5,114",Sankyo Frontier Kashiwa Stadium,Kōei Koya,Match Report,,2022
J1 League,10,Fri,2022-04-29,19:00 (06:00),FC Tokyo,2–0,Gamba Osaka,"43,125",Japan National Stadium,Yuichi Nishimura,Match Report,,2022
J1 League,11,Tue,2022-05-03,14:00 (01:00),Grampus,1–1,Kyoto Sanga,"37,068",Toyota Stadium,Yuichi Nishimura,Match Report,,2022
J1 League,11,Tue,2022-05-03,14:00 (01:00),Sanfrecce Hiroshima,1–2,Kashiwa Reysol,"10,821",EDION Stadium,Takafumi Mikuriya,Match Report,,2022
J1 League,11,Tue,2022-05-03,15:00 (02:00),Shonan Bellmare,1–4,Shimizu S-Pulse,"12,052",Lemon Gas Stadium Hiratsuka,Masuya Ueda,Match Report,,2022
J1 League,11,Tue,2022-05-03,15:00 (02:00),Sagan Tosu,1–1,Cerezo Osaka,"14,055",Ekimae Real Estate Stadium,Hajime Matsuo,Match Report,,2022
J1 League,11,Tue,2022-05-03,15:00 (02:00),Kashima Antlers,3–1,Júbilo Iwata,"26,493",Kashima Soccer Stadium,Hayato Shimizu,Match Report,,2022
J1 League,11,Tue,2022-05-03,17:00 (04:00),Avispa Fukuoka,5–1,FC Tokyo,"8,787",Best Denki Stadium,Kōei Koya,Match Report,,2022
J1 League,11,Wed,2022-05-04,14:00 (01:00),Gamba Osaka,0–0,Consa Sapporo,"16,082",Panasonic Stadium Suita,Futoshi Nakamura,Match Report,,2022
J1 League,12,Fri,2022-05-06,19:00 (06:00),Cerezo Osaka,2–1,Júbilo Iwata,"13,479",Yodoko Sakura Stadium,Yūsuke Araki,Match Report,,2022
J1 League,12,Sat,2022-05-07,14:00 (01:00),Sanfrecce Hiroshima,3–0,Kashima Antlers,"8,73",EDION Stadium,Takuto Okabe,Match Report,,2022
J1 League,12,Sat,2022-05-07,14:00 (01:00),Shimizu S-Pulse,0–2,Kawasaki Frontale,"13,888",IAI Stadium Nihondaira,Kōei Koya,Match Report,,2022
J1 League,12,Sat,2022-05-07,15:00 (02:00),Yokohama F. Marinos,2–1,Grampus,"22,178",Nissan Stadium,Ryūji Satō,Match Report,,2022
J1 League,12,Sat,2022-05-07,16:00 (03:00),Consa Sapporo,1–0,Kyoto Sanga,"9,527",Sapporo Dome,Hiroyuki Kimura,Match Report,,2022
J1 League,12,Sat,2022-05-07,17:00 (04:00),Avispa Fukuoka,0–0,Shonan Bellmare,"5,535",Best Denki Stadium,Yudai Yamamoto,Match Report,,2022
J1 League,12,Sun,2022-05-08,14:00 (01:00),Gamba Osaka,2–0,Vissel Kobe,"26,49",Panasonic Stadium Suita,Akihiko Ikeuchi,Match Report,,2022
J1 League,12,Sun,2022-05-08,15:00 (02:00),FC Tokyo,0–1,Sagan Tosu,"15,822",Ajinomoto Stadium,Hiroki Kasahara,Match Report,,2022
J1 League,12,Sun,2022-05-08,16:00 (03:00),Kashiwa Reysol,0–0,Urawa Reds,"13,418",Sankyo Frontier Kashiwa Stadium,Hajime Matsuo,Match Report,,2022
J1 League,13,Fri,2022-05-13,19:30 (06:30),Urawa Reds,0–0,Sanfrecce Hiroshima,"16,03",Saitama Stadium 2002,Jumpei Iida,Match Report,,2022
J1 League,13,Sat,2022-05-14,14:00 (01:00),Júbilo Iwata,2–1,FC Tokyo,"11,725",Yamaha Stadium,Yoshirō Imamura,Match Report,,2022
J1 League,13,Sat,2022-05-14,14:00 (01:00),Kyoto Sanga,0–0,Shimizu S-Pulse,"12,398",Sanga Stadium by Kyocera,Akihiko Ikeuchi,Match Report,,2022
J1 League,13,Sat,2022-05-14,14:00 (01:00),Grampus,1–0,Cerezo Osaka,"17,129",Toyota Stadium,Futoshi Nakamura,Match Report,,2022
J1 League,13,Sat,2022-05-14,15:00 (02:00),Kashima Antlers,4–1,Consa Sapporo,"11,438",Kashima Soccer Stadium,Yūsuke Araki,Match Report,,2022
J1 League,13,Sat,2022-05-14,15:00 (02:00),Vissel Kobe,4–0,Sagan Tosu,"16,085",NOEVIR Stadium Kobe,Tomohiro Inoue,Match Report,,2022
J1 League,13,Sat,2022-05-14,16:00 (03:00),Kawasaki Frontale,2–0,Avispa Fukuoka,"16,704",Kawasaki Todoroki Stadium,Koichiro Fukushima,Match Report,,2022
J1 League,13,Sat,2022-05-14,16:00 (03:00),Shonan Bellmare,1–4,Yokohama F. Marinos,"10,752",Lemon Gas Stadium Hiratsuka,Ryo Tanimoto,Match Report,,2022
J1 League,13,Sat,2022-05-14,19:00 (06:00),Kashiwa Reysol,0–1,Gamba Osaka,"8,817",Sankyo Frontier Kashiwa Stadium,Hayato Shimizu,Match Report,,2022
J1 League,11,Wed,2022-05-18,19:00 (06:00),Vissel Kobe,0–1,Kawasaki Frontale,"10,015",NOEVIR Stadium Kobe,Ryūji Satō,Match Report,,2022
J1 League,11,Wed,2022-05-18,19:30 (06:30),Urawa Reds,3–3,Yokohama F. Marinos,"19,425",Saitama Stadium 2002,Yūsuke Araki,Match Report,,2022
J1 League,14,Sat,2022-05-21,13:00 (00:00),Sanfrecce Hiroshima,3–1,Kyoto Sanga,"7,165",EDION Stadium,Koichiro Fukushima,Match Report,,2022
J1 League,14,Sat,2022-05-21,14:00 (01:00),Shimizu S-Pulse,1–2,Grampus,"11,155",IAI Stadium Nihondaira,Takafumi Mikuriya,Match Report,,2022
J1 League,14,Sat,2022-05-21,14:00 (01:00),Cerezo Osaka,3–1,Gamba Osaka,"18,75",Yodoko Sakura Stadium,Hiroyuki Kimura,Match Report,,2022
J1 League,14,Sat,2022-05-21,15:00 (02:00),FC Tokyo,0–0,Kashiwa Reysol,"13,603",Ajinomoto Stadium,Jumpei Iida,Match Report,,2022
J1 League,14,Sat,2022-05-21,15:00 (02:00),Shonan Bellmare,2–1,Vissel Kobe,"10,251",Lemon Gas Stadium Hiratsuka,Yoshirō Imamura,Match Report,,2022
J1 League,14,Sat,2022-05-21,17:00 (04:00),Urawa Reds,1–1,Kashima Antlers,"37,144",Saitama Stadium 2002,Yuichi Nishimura,Match Report,,2022
J1 League,14,Sat,2022-05-21,17:00 (04:00),Sagan Tosu,0–0,Kawasaki Frontale,"9,502",Ekimae Real Estate Stadium,Yūsuke Araki,Match Report,,2022
J1 League,14,Sat,2022-05-21,19:00 (06:00),Avispa Fukuoka,1–0,Yokohama F. Marinos,"7,162",Best Denki Stadium,Hajime Matsuo,Match Report,,2022
J1 League,14,Sun,2022-05-22,15:00 (02:00),Júbilo Iwata,1–2,Consa Sapporo,"8,279",Yamaha Stadium,Masuya Ueda,Match Report,,2022
J1 League,15,Wed,2022-05-25,19:00 (06:00),Yokohama F. Marinos,2–0,Kyoto Sanga,"7,335",Nissan Stadium,Futoshi Nakamura,Match Report,,2022
J1 League,15,Wed,2022-05-25,19:00 (06:00),Cerezo Osaka,2–0,Urawa Reds,"7,436",Yodoko Sakura Stadium,Ryūji Satō,Match Report,,2022
J1 League,15,Wed,2022-05-25,19:00 (06:00),Kashima Antlers,4–4,Sagan Tosu,"6,878",Kashima Soccer Stadium,Koichiro Fukushima,Match Report,,2022
J1 League,15,Wed,2022-05-25,19:00 (06:00),Shimizu S-Pulse,0–3,FC Tokyo,"6,806",IAI Stadium Nihondaira,Masuya Ueda,Match Report,,2022
J1 League,15,Wed,2022-05-25,19:00 (06:00),Vissel Kobe,0–0,Júbilo Iwata,"10,02",NOEVIR Stadium Kobe,Ryo Tanimoto,Match Report,,2022
J1 League,15,Wed,2022-05-25,19:00 (06:00),Kawasaki Frontale,0–4,Shonan Bellmare,"14,068",Kawasaki Todoroki Stadium,Akihiko Ikeuchi,Match Report,,2022
J1 League,15,Wed,2022-05-25,19:00 (06:00),Consa Sapporo,1–6,Kashiwa Reysol,"5,791",Sapporo Dome,Takuto Okabe,Match Report,,2022
J1 League,15,Wed,2022-05-25,19:30 (06:30),Grampus,1–0,Avispa Fukuoka,"6,106",Toyota Stadium,Hayato Shimizu,Match Report,,2022
J1 League,16,Sat,2022-05-28,14:00 (01:00),Sanfrecce Hiroshima,1–0,Grampus,"9,937",EDION Stadium,Yuichi Nishimura,Match Report,,2022
J1 League,16,Sat,2022-05-28,17:00 (04:00),Avispa Fukuoka,0–0,Urawa Reds,"9,136",Best Denki Stadium,Yoshirō Imamura,Match Report,,2022
J1 League,16,Sun,2022-05-29,13:05 (00:05),Vissel Kobe,4–1,Consa Sapporo,"18,714",NOEVIR Stadium Kobe,Yoshirō Imamura,Match Report,,2022
J1 League,16,Sun,2022-05-29,14:00 (01:00),Kyoto Sanga,1–0,Kawasaki Frontale,"17,417",Sanga Stadium by Kyocera,Ryo Tanimoto,Match Report,,2022
J1 League,16,Sun,2022-05-29,15:00 (02:00),Shonan Bellmare,0–2,Cerezo Osaka,"8,231",Lemon Gas Stadium Hiratsuka,Kōei Koya,Match Report,,2022
J1 League,16,Sun,2022-05-29,15:00 (02:00),FC Tokyo,3–1,Kashima Antlers,"28,436",Ajinomoto Stadium,Hiroyuki Kimura,Match Report,,2022
J1 League,16,Sun,2022-05-29,16:00 (03:00),Júbilo Iwata,0–2,Yokohama F. Marinos,"10,196",Yamaha Stadium,Koichiro Fukushima,Match Report,,2022
J1 League,16,Sun,2022-05-29,16:00 (03:00),Kashiwa Reysol,3–1,Shimizu S-Pulse,"8,708",Sankyo Frontier Kashiwa Stadium,Tomohiro Inoue,Match Report,,2022
J1 League,16,Sun,2022-05-29,17:00 (04:00),Sagan Tosu,2–1,Gamba Osaka,"7,848",Ekimae Real Estate Stadium,Futoshi Nakamura,Match Report,,2022
J1 League,17,Sat,2022-06-18,18:00 (05:00),Shimizu S-Pulse,3–1,Avispa Fukuoka,"10,92",IAI Stadium Nihondaira,Hiroyuki Kimura,Match Report,,2022
J1 League,17,Sat,2022-06-18,18:00 (05:00),Shonan Bellmare,2–0,FC Tokyo,"10,733",Lemon Gas Stadium Hiratsuka,Tomohiro Inoue,Match Report,,2022
J1 League,17,Sat,2022-06-18,18:00 (05:00),Júbilo Iwata,3–1,Sagan Tosu,"8,163",Yamaha Stadium,Yuichi Nishimura,Match Report,,2022
J1 League,17,Sat,2022-06-18,18:00 (05:00),Kashima Antlers,1–0,Kyoto Sanga,"12,179",Kashima Soccer Stadium,Hayato Shimizu,Match Report,,2022
J1 League,17,Sat,2022-06-18,19:00 (06:00),Gamba Osaka,1–2,Yokohama F. Marinos,"19,039",Panasonic Stadium Suita,Akihiko Ikeuchi,Match Report,,2022
J1 League,17,Sat,2022-06-18,19:00 (06:00),Kawasaki Frontale,5–2,Consa Sapporo,"18,96",Kawasaki Todoroki Stadium,Hiroki Kasahara,Match Report,,2022
J1 League,17,Sat,2022-06-18,19:00 (06:00),Urawa Reds,3–0,Grampus,"28,699",Saitama Stadium 2002,Koichiro Fukushima,Match Report,,2022
J1 League,17,Sat,2022-06-18,19:00 (06:00),Sanfrecce Hiroshima,2–1,Cerezo Osaka,"9,311",EDION Stadium,Takuto Okabe,Match Report,,2022
J1 League,17,Sat,2022-06-18,19:00 (06:00),Kashiwa Reysol,3–1,Vissel Kobe,"12,667",Sankyo Frontier Kashiwa Stadium,Ryūji Satō,Match Report,,2022
J1 League,18,Sat,2022-06-25,16:00 (03:00),Yokohama F. Marinos,4–0,Kashiwa Reysol,"23,368",Nissan Stadium,Jumpei Iida,Match Report,,2022
J1 League,18,Sat,2022-06-25,18:30 (05:30),Avispa Fukuoka,1–3,Sanfrecce Hiroshima,8,Best Denki Stadium,Futoshi Nakamura,Match Report,,2022
J1 League,18,Sat,2022-06-25,19:00 (06:00),Kawasaki Frontale,1–1,Júbilo Iwata,"19,024",Kawasaki Todoroki Stadium,Hajime Matsuo,Match Report,,2022
J1 League,18,Sun,2022-06-26,14:00 (01:00),Consa Sapporo,1–0,Gamba Osaka,"21,599",Sapporo Dome,Masuya Ueda,Match Report,,2022
J1 League,18,Sun,2022-06-26,18:00 (05:00),Cerezo Osaka,1–1,Shimizu S-Pulse,"10,026",Yodoko Sakura Stadium,Yoshirō Imamura,Match Report,,2022
J1 League,18,Sun,2022-06-26,18:00 (05:00),Vissel Kobe,0–1,Urawa Reds,"21,456",NOEVIR Stadium Kobe,Tomohiro Inoue,Match Report,,2022
J1 League,18,Sun,2022-06-26,18:00 (05:00),Grampus,1–1,Kashima Antlers,"18,232",Toyota Stadium,Yudai Yamamoto,Match Report,,2022
J1 League,18,Sun,2022-06-26,18:30 (05:30),Kyoto Sanga,0–1,Shonan Bellmare,"7,54",Sanga Stadium by Kyocera,Yuichi Nishimura,Match Report,,2022
J1 League,18,Sun,2022-06-26,19:00 (06:00),Sagan Tosu,5–0,FC Tokyo,"7,917",Ekimae Real Estate Stadium,Ryo Tanimoto,Match Report,,2022
J1 League,15,Wed,2022-06-29,19:00 (06:00),Gamba Osaka,2–0,Sanfrecce Hiroshima,"6,703",Panasonic Stadium Suita,Hiroki Kasahara,Match Report,,2022
J1 League,19,Sat,2022-07-02,18:00 (05:00),FC Tokyo,2–2,Avispa Fukuoka,"14,613",Ajinomoto Stadium,Akihiko Ikeuchi,Match Report,,2022
J1 League,19,Sat,2022-07-02,18:30 (05:30),Kyoto Sanga,2–1,Consa Sapporo,"8,794",Sanga Stadium by Kyocera,Jumpei Iida,Match Report,,2022
J1 League,19,Sat,2022-07-02,18:30 (05:30),Kashiwa Reysol,1–2,Kashima Antlers,"12,462",Sankyo Frontier Kashiwa Stadium,Hiroki Kasahara,Match Report,,2022
J1 League,19,Sat,2022-07-02,18:30 (05:30),Sanfrecce Hiroshima,3–0,Júbilo Iwata,"9,969",EDION Stadium,Kōei Koya,Match Report,,2022
J1 League,19,Sat,2022-07-02,19:00 (06:00),Shonan Bellmare,0–0,Grampus,"8,219",Lemon Gas Stadium Hiratsuka,Hayato Shimizu,Match Report,,2022
J1 League,19,Sat,2022-07-02,19:00 (06:00),Gamba Osaka,1–1,Urawa Reds,"18,741",Panasonic Stadium Suita,Yuichi Nishimura,Match Report,,2022
J1 League,19,Sat,2022-07-02,19:00 (06:00),Cerezo Osaka,2–1,Kawasaki Frontale,"12,987",Yodoko Sakura Stadium,Yūsuke Araki,Match Report,,2022
J1 League,19,Sat,2022-07-02,19:00 (06:00),Shimizu S-Pulse,3–5,Yokohama F. Marinos,"56,131",IAI Stadium Nihondaira,Ryūji Satō,Match Report,,2022
J1 League,19,Sat,2022-07-02,19:30 (06:30),Sagan Tosu,0–2,Vissel Kobe,"14,081",Ekimae Real Estate Stadium,Takuto Okabe,Match Report,,2022
J1 League,20,Wed,2022-07-06,19:00 (06:00),FC Tokyo,3–0,Consa Sapporo,"11,516",Ajinomoto Stadium,Yūsuke Araki,Match Report,,2022
J1 League,20,Wed,2022-07-06,19:00 (06:00),Kashiwa Reysol,0–1,Grampus,"4,57",Sankyo Frontier Kashiwa Stadium,Hajime Matsuo,Match Report,,2022
J1 League,20,Wed,2022-07-06,19:00 (06:00),Shonan Bellmare,1–0,Gamba Osaka,"4,974",Lemon Gas Stadium Hiratsuka,Yoshirō Imamura,Match Report,,2022
J1 League,20,Wed,2022-07-06,19:00 (06:00),Kashima Antlers,3–3,Cerezo Osaka,"8,217",Kashima Soccer Stadium,Jumpei Iida,Match Report,,2022
J1 League,20,Wed,2022-07-06,19:00 (06:00),Yokohama F. Marinos,3–0,Sanfrecce Hiroshima,"13,311",Nissan Stadium,Hiroyuki Kimura,Match Report,,2022
J1 League,20,Wed,2022-07-06,19:00 (06:00),Vissel Kobe,2–1,Shimizu S-Pulse,"7,646",NOEVIR Stadium Kobe,Ryo Tanimoto,Match Report,,2022
J1 League,20,Wed,2022-07-06,19:00 (06:00),Júbilo Iwata,0–1,Avispa Fukuoka,"5,043",Yamaha Stadium,Hiroyuki Kimura,Match Report,,2022
J1 League,20,Wed,2022-07-06,19:30 (06:30),Urawa Reds,2–2,Kyoto Sanga,"15,921",Saitama Stadium 2002,Futoshi Nakamura,Match Report,,2022
J1 League,21,Sat,2022-07-09,19:00 (06:00),Kawasaki Frontale,4–0,Gamba Osaka,"18,466",Kawasaki Todoroki Stadium,Jumpei Iida,Match Report,,2022
J1 League,21,Sat,2022-07-09,19:00 (06:00),Júbilo Iwata,0–1,Vissel Kobe,"13,256",Yamaha Stadium,Hiroki Kasahara,Match Report,,2022
J1 League,21,Sun,2022-07-10,14:00 (01:00),Consa Sapporo,0–0,Kashima Antlers,"10,724",Sapporo Dome,Ryūji Satō,Match Report,,2022
J1 League,21,Sun,2022-07-10,18:00 (05:00),Sanfrecce Hiroshima,1–1,Shonan Bellmare,"10,305",EDION Stadium,Yudai Yamamoto,Match Report,,2022
J1 League,21,Sun,2022-07-10,18:00 (05:00),Grampus,0–2,Shimizu S-Pulse,"12,904",Toyota Stadium,Tomohiro Inoue,Match Report,,2022
J1 League,21,Sun,2022-07-10,19:00 (06:00),Sagan Tosu,0–1,Kashiwa Reysol,"5,846",Ekimae Real Estate Stadium,Akihiko Ikeuchi,Match Report,,2022
J1 League,21,Sun,2022-07-10,19:00 (06:00),Urawa Reds,3–0,FC Tokyo,"26,293",Saitama Stadium 2002,Hayato Shimizu,Match Report,,2022
J1 League,21,Sun,2022-07-10,19:00 (06:00),Avispa Fukuoka,1–0,Kyoto Sanga,"5,436",Best Denki Stadium,Yūsuke Araki,Match Report,,2022
J1 League,21,Sun,2022-07-10,19:00 (06:00),Cerezo Osaka,2–2,Yokohama F. Marinos,"10,729",Yodoko Sakura Stadium,Yuichi Nishimura,Match Report,,2022
J1 League,22,Sat,2022-07-16,18:00 (05:00),Kashima Antlers,1–1,Vissel Kobe,"20,602",Kashima Soccer Stadium,Futoshi Nakamura,Match Report,,2022
J1 League,22,Sat,2022-07-16,18:00 (05:00),Shimizu S-Pulse,1–2,Urawa Reds,"11,776",IAI Stadium Nihondaira,Koichiro Fukushima,Match Report,,2022
J1 League,22,Sat,2022-07-16,19:00 (06:00),Shonan Bellmare,0–0,Avispa Fukuoka,"4,997",Lemon Gas Stadium Hiratsuka,Jumpei Iida,Match Report,,2022
J1 League,22,Sat,2022-07-16,19:00 (06:00),Kashiwa Reysol,1–0,Consa Sapporo,"6,716",Sankyo Frontier Kashiwa Stadium,Hayato Shimizu,Match Report,,2022
J1 League,22,Sat,2022-07-16,19:00 (06:00),Sagan Tosu,2–2,Yokohama F. Marinos,"8,54",Ekimae Real Estate Stadium,Yoshirō Imamura,Match Report,,2022
J1 League,22,Sat,2022-07-16,19:00 (06:00),Gamba Osaka,1–2,Cerezo Osaka,"22,531",Panasonic Stadium Suita,Ryūji Satō,Match Report,,2022
J1 League,22,Sun,2022-07-17,18:00 (05:00),FC Tokyo,2–0,Júbilo Iwata,"18,212",Ajinomoto Stadium,Hiroyuki Kimura,Match Report,,2022
J1 League,22,Sun,2022-07-17,18:30 (05:30),Kyoto Sanga,1–1,Sanfrecce Hiroshima,"10,857",Sanga Stadium by Kyocera,Masuya Ueda,Match Report,,2022
J1 League,23,Sat,2022-07-30,14:00 (01:00),Consa Sapporo,2–2,Grampus,"7,802",Sapporo Atsubetsu Park Stadium,Yoshirō Imamura,Match Report,,2022
J1 League,23,Sat,2022-07-30,18:30 (05:30),Júbilo Iwata,1–0,Shonan Bellmare,"8,708",Yamaha Stadium,Akihiko Ikeuchi,Match Report,,2022
J1 League,23,Sat,2022-07-30,19:00 (06:00),Urawa Reds,3–1,Kawasaki Frontale,"35,451",Saitama Stadium 2002,Hajime Matsuo,Match Report,,2022
J1 League,23,Sat,2022-07-30,19:00 (06:00),Yokohama F. Marinos,2–0,Kashima Antlers,"31,599",Nissan Stadium,Ryo Tanimoto,Match Report,,2022
J1 League,23,Sat,2022-07-30,19:00 (06:00),Sanfrecce Hiroshima,1–2,FC Tokyo,"13,865",EDION Stadium,Yuichi Nishimura,Match Report,,2022
J1 League,23,Sat,2022-07-30,19:00 (06:00),Cerezo Osaka,2–0,Avispa Fukuoka,"8,346",Yodoko Sakura Stadium,Hiroyuki Kimura,Match Report,,2022
J1 League,23,Sat,2022-07-30,19:00 (06:00),Vissel Kobe,0–1,Kashiwa Reysol,"17,074",NOEVIR Stadium Kobe,Yūsuke Araki,Match Report,,2022
J1 League,23,Sat,2022-07-30,19:00 (06:00),Gamba Osaka,1–1,Kyoto Sanga,"18,413",Panasonic Stadium Suita,Hiroki Kasahara,Match Report,,2022
J1 League,23,Sun,2022-07-31,18:00 (05:00),Shimizu S-Pulse,3–3,Sagan Tosu,"11,823",IAI Stadium Nihondaira,Koei Hut,Match Report,,2022
J1 League,24,Sat,2022-08-06,18:00 (05:00),Kashima Antlers,0–2,Sanfrecce Hiroshima,"19,745",Kashima Soccer Stadium,Hayato Shimizu,Match Report,,2022
J1 League,24,Sat,2022-08-06,18:30 (05:30),Kyoto Sanga,1–2,Kashiwa Reysol,"9,993",Sanga Stadium by Kyocera,Kōei Koya,Match Report,,2022
J1 League,24,Sat,2022-08-06,19:00 (06:00),Cerezo Osaka,3–0,Vissel Kobe,"18,24",Yodoko Sakura Stadium,Koichiro Fukushima,Match Report,,2022
J1 League,24,Sat,2022-08-06,19:00 (06:00),Grampus,3–0,Urawa Reds,"33,005",Toyota Stadium,Jumpei Iida,Match Report,,2022
J1 League,24,Sun,2022-08-07,18:00 (05:00),FC Tokyo,0–2,Shimizu S-Pulse,"20,577",Ajinomoto Stadium,Hiroki Kasahara,Match Report,,2022
J1 League,24,Sun,2022-08-07,19:00 (06:00),Shonan Bellmare,1–5,Consa Sapporo,"9,568",Lemon Gas Stadium Hiratsuka,Tomohiro Inoue,Match Report,,2022
J1 League,24,Sun,2022-08-07,19:00 (06:00),Kawasaki Frontale,2–1,Yokohama F. Marinos,"20,704",Kawasaki Todoroki Stadium,Hiroyuki Kimura,Match Report,,2022
J1 League,24,Sun,2022-08-07,19:00 (06:00),Sagan Tosu,2–0,Júbilo Iwata,"7,655",Ekimae Real Estate Stadium,Futoshi Nakamura,Match Report,,2022
J1 League,25,Sat,2022-08-13,14:00 (01:00),Consa Sapporo,0–2,Vissel Kobe,"21,206",Sapporo Dome,Hajime Matsuo,Match Report,,2022
J1 League,25,Sat,2022-08-13,18:30 (05:30),Júbilo Iwata,0–6,Urawa Reds,"12,462",Shizuoka Stadium Ecopa,Yudai Yamamoto,Match Report,,2022
J1 League,25,Sun,2022-08-14,18:00 (05:00),Kashima Antlers,2–0,Avispa Fukuoka,"18,289",Kashima Soccer Stadium,Kōei Koya,Match Report,,2022
J1 League,25,Sun,2022-08-14,18:30 (05:30),Kashiwa Reysol,2–3,Sanfrecce Hiroshima,"10,236",Sankyo Frontier Kashiwa Stadium,Masuya Ueda,Match Report,,2022
J1 League,25,Sun,2022-08-14,19:00 (06:00),Gamba Osaka,0–2,Shimizu S-Pulse,"27,662",Panasonic Stadium Suita,Yuichi Nishimura,Match Report,,2022
J1 League,25,Sun,2022-08-14,19:00 (06:00),Sagan Tosu,0–0,Grampus,"9,617",Ekimae Real Estate Stadium,Tomohiro Inoue,Match Report,,2022
J1 League,26,Fri,2022-08-19,19:30 (06:30),Grampus,1–0,Júbilo Iwata,"21,683",Toyota Stadium,Koichiro Fukushima,Match Report,,2022
J1 League,26,Sat,2022-08-20,14:00 (01:00),Consa Sapporo,1–2,Sagan Tosu,"9,607",Sapporo Dome,Akihiko Ikeuchi,Match Report,,2022
J1 League,26,Sat,2022-08-20,18:00 (05:00),Shimizu S-Pulse,1–1,Kashiwa Reysol,"14,041",IAI Stadium Nihondaira,Futoshi Nakamura,Match Report,,2022
J1 League,26,Sat,2022-08-20,19:00 (06:00),Sanfrecce Hiroshima,5–2,Gamba Osaka,"15,11",EDION Stadium,Jumpei Iida,Match Report,,2022
J1 League,26,Sat,2022-08-20,19:00 (06:00),Avispa Fukuoka,1–4,Kawasaki Frontale,"9,651",Best Denki Stadium,Hayato Shimizu,Match Report,,2022
J1 League,26,Sun,2022-08-21,19:00 (06:00),Shonan Bellmare,1–1,Kashima Antlers,"10,781",Lemon Gas Stadium Hiratsuka,Yoshirō Imamura,Match Report,,2022
J1 League,27,Fri,2022-08-26,19:00 (06:00),Sagan Tosu,1–1,Avispa Fukuoka,"11,597",Ekimae Real Estate Stadium,Hajime Matsuo,Match Report,,2022
J1 League,27,Sat,2022-08-27,18:00 (05:00),Grampus,0–2,Gamba Osaka,"31,214",Toyota Stadium,Hiroki Kasahara,Match Report,,2022
J1 League,27,Sat,2022-08-27,18:00 (05:00),Shimizu S-Pulse,1–0,Kyoto Sanga,"14,034",IAI Stadium Nihondaira,Hayato Shimizu,Match Report,,2022
J1 League,27,Sat,2022-08-27,19:00 (06:00),Kashiwa Reysol,3–6,FC Tokyo,"11,024",Sankyo Frontier Kashiwa Stadium,Yuichi Nishimura,Match Report,,2022
J1 League,27,Sat,2022-08-27,19:00 (06:00),Cerezo Osaka,0–3,Sanfrecce Hiroshima,"12,698",Yodoko Sakura Stadium,Hayato Shimizu,Match Report,,2022
J1 League,27,Sat,2022-08-27,19:00 (06:00),Kawasaki Frontale,2–1,Kashima Antlers,"20,757",Kawasaki Todoroki Stadium,Ryūji Satō,Match Report,,2022
J1 League,20,Wed,2022-08-31,19:00 (06:00),Kawasaki Frontale,4–0,Sagan Tosu,"13,923",Kawasaki Todoroki Stadium,Yudai Yamamoto,Match Report,,2022
J1 League,24,Wed,2022-08-31,19:00 (06:00),Avispa Fukuoka,0–1,Gamba Osaka,"4,266",Best Denki Stadium,Takuto Okabe,Match Report,,2022
J1 League,28,Fri,2022-09-02,19:30 (06:30),Consa Sapporo,2–1,Cerezo Osaka,"10,778",Sapporo Dome,Yūsuke Araki,Match Report,,2022
J1 League,28,Sat,2022-09-03,18:00 (05:00),Kashima Antlers,2–2,Urawa Reds,"20,664",Kashima Soccer Stadium,Hiroki Kasahara,Match Report,,2022
J1 League,28,Sat,2022-09-03,18:30 (05:30),Sanfrecce Hiroshima,2–0,Shimizu S-Pulse,"11,437",EDION Stadium,Koichiro Fukushima,Match Report,,2022
J1 League,28,Sat,2022-09-03,18:30 (05:30),Júbilo Iwata,2–2,Kashiwa Reysol,"9,183",Shizuoka Stadium Ecopa,Akihiko Ikeuchi,Match Report,,2022
J1 League,28,Sat,2022-09-03,19:00 (06:00),Avispa Fukuoka,2–3,Grampus,"5,556",Best Denki Stadium,Futoshi Nakamura,Match Report,,2022
J1 League,28,Sat,2022-09-03,19:00 (06:00),FC Tokyo,2–2,Yokohama F. Marinos,"29,034",Ajinomoto Stadium,Hayato Shimizu,Match Report,,2022
J1 League,28,Sat,2022-09-03,19:00 (06:00),Kyoto Sanga,2–0,Vissel Kobe,"17,936",Sanga Stadium by Kyocera,Yoshirō Imamura,Match Report,,2022
J1 League,28,Sat,2022-09-03,19:00 (06:00),Gamba Osaka,0–3,Sagan Tosu,"13,304",Panasonic Stadium Suita,Takafumi Mikuriya,Match Report,,2022
J1 League,28,Sat,2022-09-03,19:00 (06:00),Shonan Bellmare,2–1,Kawasaki Frontale,"12,083",Lemon Gas Stadium Hiratsuka,Jumpei Iida,Match Report,,2022
J1 League,25,Wed,2022-09-07,19:00 (06:00),Yokohama F. Marinos,3–0,Shonan Bellmare,"11,388",Nissan Stadium,Ryūji Satō,Match Report,,2022
J1 League,29,Sat,2022-09-10,18:00 (05:00),Shimizu S-Pulse,1–1,Shonan Bellmare,"17,751",IAI Stadium Nihondaira,Hajime Matsuo,Match Report,,2022
J1 League,29,Sat,2022-09-10,18:30 (05:30),Kawasaki Frontale,4–0,Sanfrecce Hiroshima,"20,873",Kawasaki Todoroki Stadium,Masuya Ueda,Match Report,,2022
J1 League,29,Sat,2022-09-10,19:00 (06:00),Yokohama F. Marinos,1–0,Avispa Fukuoka,"17,631",Nissan Stadium,Takafumi Mikuriya,Match Report,,2022
J1 League,29,Sat,2022-09-10,19:00 (06:00),Kyoto Sanga,1–1,Kashima Antlers,"12,946",Sanga Stadium by Kyocera,Futoshi Nakamura,Match Report,,2022
J1 League,29,Sat,2022-09-10,19:00 (06:00),Gamba Osaka,0–0,FC Tokyo,"19,833",Panasonic Stadium Suita,Yoshirō Imamura,Match Report,,2022
J1 League,29,Sat,2022-09-10,19:00 (06:00),Urawa Reds,4–1,Kashiwa Reysol,"28,632",Saitama Stadium 2002,Ryūji Satō,Match Report,,2022
J1 League,29,Sat,2022-09-10,19:00 (06:00),Cerezo Osaka,2–1,Sagan Tosu,"11,187",Yodoko Sakura Stadium,Takuto Okabe,Match Report,,2022
J1 League,29,Sat,2022-09-10,19:00 (06:00),Vissel Kobe,0–0,Grampus,"14,223",NOEVIR Stadium Kobe,Hayato Shimizu,Match Report,,2022
J1 League,29,Sun,2022-09-11,13:05 (00:05),Consa Sapporo,4–0,Júbilo Iwata,"14,117",Sapporo Dome,Tomohiro Inoue,Match Report,,2022
J1 League,26,Wed,2022-09-14,19:00 (06:00),Vissel Kobe,2–1,FC Tokyo,"7,349",NOEVIR Stadium Kobe,Takuto Okabe,Match Report,,2022
J1 League,26,Wed,2022-09-14,19:00 (06:00),Kyoto Sanga,1–2,Yokohama F. Marinos,"9,129",Sanga Stadium by Kyocera,Kōei Koya,Match Report,,2022
J1 League,22,Wed,2022-09-14,19:30 (06:30),Grampus,1–1,Kawasaki Frontale,"10,691",Toyota Stadium,Yūsuke Araki,Match Report,,2022
J1 League,26,Wed,2022-09-14,19:30 (06:30),Urawa Reds,0–1,Cerezo Osaka,"17,39",Saitama Stadium 2002,Yuichi Nishimura,Match Report,,2022
J1 League,30,Fri,2022-09-16,19:00 (06:00),Sagan Tosu,1–1,Kashima Antlers,"8,572",Ekimae Real Estate Stadium,Akihiko Ikeuchi,Match Report,,2022
J1 League,30,Sat,2022-09-17,18:00 (05:00),Júbilo Iwata,2–2,Cerezo Osaka,"8,089",Yamaha Stadium,Hayato Shimizu,Match Report,,2022
J1 League,30,Sat,2022-09-17,19:00 (06:00),Shonan Bellmare,0–0,Urawa Reds,"11,594",Lemon Gas Stadium Hiratsuka,Takuto Okabe,Match Report,,2022
J1 League,30,Sat,2022-09-17,19:00 (06:00),Avispa Fukuoka,3–2,Shimizu S-Pulse,"7,741",Best Denki Stadium,Yuichi Nishimura,Match Report,,2022
J1 League,30,Sat,2022-09-17,19:00 (06:00),Grampus,0–0,Sanfrecce Hiroshima,"17,082",Toyota Stadium,Ryūji Satō,Match Report,,2022
J1 League,30,Sat,2022-09-17,19:00 (06:00),Kashiwa Reysol,1–1,Kawasaki Frontale,"12,276",Sankyo Frontier Kashiwa Stadium,Takafumi Mikuriya,Match Report,,2022
J1 League,30,Sun,2022-09-18,14:00 (01:00),Yokohama F. Marinos,0–0,Consa Sapporo,"20,341",Nissan Stadium,Koichiro Fukushima,Match Report,,2022
J1 League,30,Sun,2022-09-18,19:00 (06:00),FC Tokyo,2–0,Kyoto Sanga,"50,994",Ajinomoto Stadium,Yoshimi Yamashita,Match Report,,2022
J1 League,30,Sun,2022-09-18,19:00 (06:00),Vissel Kobe,2–1,Gamba Osaka,"21,471",NOEVIR Stadium Kobe,Kōei Koya,Match Report,,2022
J1 League,31,Sat,2022-10-01,14:00 (01:00),Avispa Fukuoka,0–1,Vissel Kobe,"10,933",Best Denki Stadium,Koichiro Fukushima,Match Report,,2022
J1 League,31,Sat,2022-10-01,14:00 (01:00),Cerezo Osaka,1–1,Shonan Bellmare,"12,159",Yodoko Sakura Stadium,Hiroki Kasahara,Match Report,,2022
J1 League,31,Sat,2022-10-01,15:00 (02:00),Sagan Tosu,0–1,Kyoto Sanga,"8,953",Ekimae Real Estate Stadium,Akihiko Ikeuchi,Match Report,,2022
J1 League,31,Sat,2022-10-01,15:00 (02:00),Kashima Antlers,0–1,FC Tokyo,"21,297",Kashima Soccer Stadium,Ryo Tanimoto,Match Report,,2022
J1 League,31,Sat,2022-10-01,15:00 (02:00),Sanfrecce Hiroshima,4–1,Urawa Reds,"17,421",EDION Stadium,Takafumi Mikuriya,Match Report,,2022
J1 League,31,Sat,2022-10-01,16:00 (03:00),Consa Sapporo,4–3,Kawasaki Frontale,"9,774",Sapporo Atsubetsu Park Stadium,Takuto Okabe,Match Report,,2022
J1 League,31,Sat,2022-10-01,16:00 (03:00),Gamba Osaka,0–0,Kashiwa Reysol,"17,689",Panasonic Stadium Suita,Yudai Yamamoto,Match Report,,2022
J1 League,31,Sat,2022-10-01,16:00 (03:00),Grampus,0–4,Yokohama F. Marinos,"24,906",Toyota Stadium,Hajime Matsuo,Match Report,,2022
J1 League,32,Sat,2022-10-08,14:00 (01:00),Yokohama F. Marinos,0–2,Gamba Osaka,"32,516",Nissan Stadium,Ryo Tanimoto,Match Report,,2022
J1 League,32,Sat,2022-10-08,14:00 (01:00),Júbilo Iwata,3–3,Kashima Antlers,"9,476",Yamaha Stadium,Masuya Ueda,Match Report,,2022
J1 League,32,Sat,2022-10-08,14:00 (01:00),Consa Sapporo,1–2,Avispa Fukuoka,"14,202",Sapporo Atsubetsu Park Stadium,Ryūji Satō,Match Report,,2022
J1 League,32,Sat,2022-10-08,14:00 (01:00),Kawasaki Frontale,3–2,Shimizu S-Pulse,"19,022",Kawasaki Todoroki Stadium,Hayato Shimizu,Match Report,,2022
J1 League,32,Sat,2022-10-08,14:00 (01:00),Kyoto Sanga,1–1,Grampus,"16,281",Sanga Stadium by Kyocera,Koichiro Fukushima,Match Report,,2022
J1 League,32,Sat,2022-10-08,14:00 (01:00),Vissel Kobe,4–0,Sanfrecce Hiroshima,"18,524",NOEVIR Stadium Kobe,Yuichi Nishimura,Match Report,,2022
J1 League,32,Sat,2022-10-08,15:00 (02:00),Urawa Reds,2–1,Sagan Tosu,"26,503",Saitama Stadium 2002,Yoshimi Yamashita,Match Report,,2022
J1 League,32,Sat,2022-10-08,15:00 (02:00),FC Tokyo,0–2,Shonan Bellmare,"24,183",Ajinomoto Stadium,Futoshi Nakamura,Match Report,,2022
J1 League,32,Sat,2022-10-08,16:00 (03:00),Kashiwa Reysol,0–0,Cerezo Osaka,"9,366",Sankyo Frontier Kashiwa Stadium,Akihiko Ikeuchi,Match Report,,2022
J1 League,25,Wed,2022-10-12,19:00 (06:00),Kawasaki Frontale,3–1,Kyoto Sanga,"14,445",Kawasaki Todoroki Stadium,Futoshi Nakamura,Match Report,,2022
J1 League,25,Wed,2022-10-12,19:00 (06:00),FC Tokyo,4–0,Cerezo Osaka,"12,449",Ajinomoto Stadium,Hayato Shimizu,Match Report,,2022
J1 League,27,Wed,2022-10-12,19:00 (06:00),Vissel Kobe,1–0,Shonan Bellmare,"11,796",NOEVIR Stadium Kobe,Yudai Yamamoto,Match Report,,2022
J1 League,27,Wed,2022-10-12,19:00 (06:00),Yokohama F. Marinos,0–1,Júbilo Iwata,"20,493",Nissan Stadium,Jumpei Iida,Match Report,,2022
J1 League,27,Wed,2022-10-12,19:30 (06:30),Urawa Reds,1–1,Consa Sapporo,"18,51",Saitama Stadium 2002,Ryo Tanimoto,Match Report,,2022
J1 League,31,Sat,2022-10-22,16:00 (03:00),Shimizu S-Pulse,1–1,Júbilo Iwata,"18,182",IAI Stadium Nihondaira,Ryūji Satō,Match Report,,2022
J1 League,33,Sat,2022-10-29,15:00 (02:00),Gamba Osaka,2–0,Júbilo Iwata,"27,988",Panasonic Stadium Suita,Hajime Matsuo,Match Report,,2022
J1 League,33,Sat,2022-10-29,15:00 (02:00),Grampus,2–1,FC Tokyo,"28,383",Toyota Stadium,Kōei Koya,Match Report,,2022
J1 League,33,Sat,2022-10-29,15:00 (02:00),Avispa Fukuoka,2–1,Kashiwa Reysol,"10,194",Best Denki Stadium,Masuya Ueda,Match Report,,2022
J1 League,33,Sat,2022-10-29,15:00 (02:00),Kyoto Sanga,0–0,Cerezo Osaka,"17,626",Sanga Stadium by Kyocera,Takafumi Mikuriya,Match Report,,2022
J1 League,33,Sat,2022-10-29,15:00 (02:00),Shimizu S-Pulse,0–1,Kashima Antlers,"16,605",IAI Stadium Nihondaira,Akihiko Ikeuchi,Match Report,,2022
J1 League,33,Sat,2022-10-29,15:00 (02:00),Yokohama F. Marinos,4–1,Urawa Reds,"46,387",Nissan Stadium,Ryūji Satō,Match Report,,2022
J1 League,33,Sat,2022-10-29,15:00 (02:00),Sanfrecce Hiroshima,1–2,Consa Sapporo,"18,106",EDION Stadium,Futoshi Nakamura,Match Report,,2022
J1 League,33,Sat,2022-10-29,15:00 (02:00),Kawasaki Frontale,2–1,Vissel Kobe,"22,11",Kawasaki Todoroki Stadium,Ryo Tanimoto,Match Report,,2022
J1 League,33,Sat,2022-10-29,15:00 (02:00),Shonan Bellmare,3–0,Sagan Tosu,"11,35",Lemon Gas Stadium Hiratsuka,Jumpei Iida,Match Report,,2022
J1 League,34,Sat,2022-11-05,14:00 (01:00),FC Tokyo,2–3,Kawasaki Frontale,"34,82",Ajinomoto Stadium,Yudai Yamamoto,Match Report,,2022
J1 League,34,Sat,2022-11-05,14:00 (01:00),Kashima Antlers,0–0,Gamba Osaka,"21,575",Kashima Soccer Stadium,Hayato Shimizu,Match Report,,2022
J1 League,34,Sat,2022-11-05,14:00 (01:00),Consa Sapporo,4–3,Shimizu S-Pulse,"23,33",Sapporo Dome,Yoshirō Imamura,Match Report,,2022
J1 League,34,Sat,2022-11-05,14:00 (01:00),Júbilo Iwata,0–0,Kyoto Sanga,"12,045",Yamaha Stadium,Ryo Tanimoto,Match Report,,2022
J1 League,34,Sat,2022-11-05,14:00 (01:00),Vissel Kobe,1–3,Yokohama F. Marinos,"22,949",NOEVIR Stadium Kobe,Futoshi Nakamura,Match Report,,2022
J1 League,34,Sat,2022-11-05,14:00 (01:00),Urawa Reds,1–1,Avispa Fukuoka,"33,816",Saitama Stadium 2002,Hajime Matsuo,Match Report,,2022
J1 League,34,Sat,2022-11-05,14:00 (01:00),Cerezo Osaka,0–1,Grampus,"16,896",Yodoko Sakura Stadium,Hiroki Kasahara,Match Report,,2022
J1 League,34,Sat,2022-11-05,14:00 (01:00),Sagan Tosu,2–2,Sanfrecce Hiroshima,"15,577",Ekimae Real Estate Stadium,Koichiro Fukushima,Match Report,,2022
J1 League,34,Sat,2022-11-05,14:00 (01:00),Kashiwa Reysol,1–2,Shonan Bellmare,"13,012",Sankyo Frontier Kashiwa Stadium,Takuto Okabe,Match Report,,2022
Japanese 1/2 Relegation/Promotion play-offs,,Sun,2022-11-13,13:05 (00:05),Kyoto Sanga,1–1,Roasso Kumamoto,"18,207",Sanga Stadium by Kyocera,Ryūji Satō,Match Report,,2022
,1,Fri,2023-02-17,19:00 (06:00),Kawasaki Frontale,1–2,Yokohama F. Marinos,"22,563",Kawasaki Todoroki Stadium,Yudai Yamamoto,Match Report,,2023
,1,Sat,2023-02-18,14:00 (01:00),Kyoto Sanga,0–2,Kashima Antlers,"15,988",Sanga Stadium by Kyocera,Ryo Tanimoto,Match Report,,2023
,1,Sat,2023-02-18,14:00 (01:00),Sanfrecce Hiroshima,0–0,Consa Sapporo,"13,121",EDION Stadium,Takafumi Mikuriya,Match Report,,2023
,1,Sat,2023-02-18,14:00 (01:00),Cerezo Osaka,2–2,Albirex Niigata,"17,928",Yodoko Sakura Stadium,Yuichi Nishimura,Match Report,,2023
,1,Sat,2023-02-18,14:00 (01:00),FC Tokyo,2–0,Urawa Reds,"38,051",Ajinomoto Stadium,Hiroki Kasahara,Match Report,,2023
,1,Sat,2023-02-18,14:00 (01:00),Vissel Kobe,1–0,Avispa Fukuoka,"18,981",NOEVIR Stadium Kobe,Yoshirō Imamura,Match Report,,2023
,1,Sat,2023-02-18,14:00 (01:00),Yokohama FC,0–1,Grampus,"11,186",NHK Spring Mitsuzawa Football Stadium,Akihiko Ikeuchi,Match Report,,2023
,1,Sat,2023-02-18,15:00 (02:00),Kashiwa Reysol,2–2,Gamba Osaka,"12,334",Sankyo Frontier Kashiwa Stadium,Kōei Koya,Match Report,,2023
,1,Sat,2023-02-18,15:00 (02:00),Sagan Tosu,1–5,Shonan Bellmare,"9,663",Ekimae Real Estate Stadium,Masuya Ueda,Match Report,,2023
,2,Fri,2023-02-24,19:00 (06:00),Shonan Bellmare,2–2,Yokohama FC,"10,006",Lemon Gas Stadium Hiratsuka,Hayato Shimizu,Match Report,,2023
,2,Sat,2023-02-25,14:00 (01:00),Yokohama F. Marinos,2–0,Urawa Reds,"34,035",Nissan Stadium,Akihiko Ikeuchi,Match Report,,2023
,2,Sat,2023-02-25,15:00 (02:00),Gamba Osaka,1–1,Sagan Tosu,"25,865",Panasonic Stadium Suita,Koichiro Fukushima,Match Report,,2023
,2,Sat,2023-02-25,15:00 (02:00),Consa Sapporo,1–3,Vissel Kobe,"17,078",Sapporo Dome,Kōei Koya,Match Report,,2023
,2,Sat,2023-02-25,15:00 (02:00),Avispa Fukuoka,2–1,Cerezo Osaka,"9,607",Best Denki Stadium,Futoshi Nakamura,Match Report,,2023
,2,Sat,2023-02-25,16:00 (03:00),Grampus,1–0,Kyoto Sanga,"21,327",Toyota Stadium,Yoshirō Imamura,Match Report,,2023
,2,Sat,2023-02-25,16:00 (03:00),Kashima Antlers,1–2,Kawasaki Frontale,"28,608",Kashima Soccer Stadium,Yuichi Nishimura,Match Report,,2023
,2,Sun,2023-02-26,14:00 (01:00),Sanfrecce Hiroshima,1–2,Albirex Niigata,"13,266",EDION Stadium,Takuto Okabe,Match Report,,2023
,2,Sun,2023-02-26,15:00 (02:00),Kashiwa Reysol,1–1,FC Tokyo,"12,833",Sankyo Frontier Kashiwa Stadium,Yudai Yamamoto,Match Report,,2023
,3,Fri,2023-03-03,19:00 (06:00),Yokohama F. Marinos,1–1,Sanfrecce Hiroshima,"10,854",NHK Spring Mitsuzawa Football Stadium,Futoshi Nakamura,Match Report,,2023
,3,Sat,2023-03-04,13:00 (00:00),Kawasaki Frontale,1–1,Shonan Bellmare,"21,717",Kawasaki Todoroki Stadium,Yūsuke Araki,Match Report,,2023
,3,Sat,2023-03-04,14:00 (01:00),Vissel Kobe,4–0,Gamba Osaka,"17,781",NOEVIR Stadium Kobe,Masuya Ueda,Match Report,,2023
,3,Sat,2023-03-04,14:00 (01:00),Yokohama FC,1–3,Kashima Antlers,"10,637",NHK Spring Mitsuzawa Football Stadium,Jumpei Iida,Match Report,,2023
,3,Sat,2023-03-04,14:00 (01:00),Kyoto Sanga,2–0,FC Tokyo,"13,255",Sanga Stadium by Kyocera,Koichiro Fukushima,Match Report,,2023
,3,Sat,2023-03-04,14:00 (01:00),Albirex Niigata,2–2,Consa Sapporo,"25,468",Denka Big Swan Stadium,Akihiko Ikeuchi,Match Report,,2023
,3,Sat,2023-03-04,15:00 (02:00),Avispa Fukuoka,1–0,Kashiwa Reysol,"6,21",Best Denki Stadium,Ryo Tanimoto,Match Report,,2023
,3,Sat,2023-03-04,15:00 (02:00),Sagan Tosu,1–0,Grampus,"7,773",Ekimae Real Estate Stadium,Kōei Koya,Match Report,,2023
,3,Sat,2023-03-04,15:00 (02:00),Urawa Reds,2–1,Cerezo Osaka,"18,437",Urawa Komaba Stadium,Hayato Shimizu,Match Report,,2023
,4,Sat,2023-03-11,14:00 (01:00),Vissel Kobe,0–1,Urawa Reds,"21,223",NOEVIR Stadium Kobe,Yuichi Nishimura,Match Report,,2023
,4,Sat,2023-03-11,14:00 (01:00),Albirex Niigata,1–0,Kawasaki Frontale,"26,397",Denka Big Swan Stadium,Jumpei Iida,Match Report,,2023
,4,Sun,2023-03-12,14:00 (01:00),Cerezo Osaka,2–1,Sagan Tosu,"15,714",Yodoko Sakura Stadium,Yoshirō Imamura,Match Report,,2023
,4,Sun,2023-03-12,15:00 (02:00),Consa Sapporo,2–0,Yokohama F. Marinos,"17,059",Sapporo Dome,Koichiro Fukushima,Match Report,,2023
,4,Sun,2023-03-12,15:00 (02:00),Shonan Bellmare,0–2,Kyoto Sanga,"10,791",Lemon Gas Stadium Hiratsuka,Shū Kawamata,Match Report,,2023
,4,Sun,2023-03-12,15:00 (02:00),FC Tokyo,3–1,Yokohama FC,"23,752",Ajinomoto Stadium,Masuya Ueda,Match Report,,2023
,4,Sun,2023-03-12,15:00 (02:00),Kashima Antlers,0–0,Avispa Fukuoka,"20,097",Kashima Soccer Stadium,Yudai Yamamoto,Match Report,,2023
,4,Sun,2023-03-12,15:00 (02:00),Kashiwa Reysol,0–3,Grampus,"9,866",Sankyo Frontier Kashiwa Stadium,Futoshi Nakamura,Match Report,,2023
,4,Sun,2023-03-12,16:00 (03:00),Gamba Osaka,1–2,Sanfrecce Hiroshima,"18,765",Panasonic Stadium Suita,Akihiko Ikeuchi,Match Report,,2023
,5,Sat,2023-03-18,14:00 (01:00),Grampus,0–0,FC Tokyo,"33,139",Toyota Stadium,Jumpei Iida,Match Report,,2023
,5,Sat,2023-03-18,14:00 (01:00),Yokohama FC,1–4,Kyoto Sanga,"3,401",NHK Spring Mitsuzawa Football Stadium,Yudai Yamamoto,Match Report,,2023
,5,Sat,2023-03-18,14:00 (01:00),Yokohama F. Marinos,2–1,Kashima Antlers,"28,478",Nissan Stadium,Ryo Tanimoto,Match Report,,2023
,5,Sat,2023-03-18,15:00 (02:00),Sagan Tosu,0–1,Vissel Kobe,"12,23",Ekimae Real Estate Stadium,Hayato Shimizu,Match Report,,2023
,5,Sat,2023-03-18,15:00 (02:00),Urawa Reds,2–1,Albirex Niigata,"15,167",Urawa Komaba Stadium,Koichiro Fukushima,Match Report,,2023
,5,Sat,2023-03-18,15:00 (02:00),Gamba Osaka,2–2,Consa Sapporo,"18,55",Panasonic Stadium Suita,Thomas Bramall,Match Report,,2023
,5,Sat,2023-03-18,16:00 (03:00),Kawasaki Frontale,0–0,Cerezo Osaka,"19,054",Kawasaki Todoroki Stadium,Takuto Okabe,Match Report,,2023
,5,Sun,2023-03-19,14:00 (01:00),Avispa Fukuoka,2–1,Shonan Bellmare,"6,455",Best Denki Stadium,Akihiko Ikeuchi,Match Report,,2023
,5,Sun,2023-03-19,14:00 (01:00),Sanfrecce Hiroshima,1–0,Kashiwa Reysol,"15,749",EDION Stadium,Shū Kawamata,Match Report,,2023
,6,Fri,2023-03-31,19:00 (06:00),Kashiwa Reysol,0–3,Urawa Reds,"11,62",Sankyo Frontier Kashiwa Stadium,Thomas Bramall,Match Report,,2023
,6,Sat,2023-04-01,14:00 (01:00),Yokohama FC,1–1,Avispa Fukuoka,"4,876",NHK Spring Mitsuzawa Football Stadium,Hiroki Kasahara,Match Report,,2023
,6,Sat,2023-04-01,14:00 (01:00),Albirex Niigata,1–3,Grampus,"18,428",Denka Big Swan Stadium,Yoshirō Imamura,Match Report,,2023
,6,Sat,2023-04-01,14:00 (01:00),Kyoto Sanga,0–3,Vissel Kobe,"16,495",Sanga Stadium by Kyocera,Futoshi Nakamura,Match Report,,2023
,6,Sat,2023-04-01,15:00 (02:00),Sagan Tosu,1–0,FC Tokyo,"8,548",Ekimae Real Estate Stadium,Ryo Tanimoto,Match Report,,2023
,6,Sat,2023-04-01,15:00 (02:00),Shonan Bellmare,4–1,Gamba Osaka,"11,966",Lemon Gas Stadium Hiratsuka,Yoshimi Yamashita,Match Report,,2023
,6,Sat,2023-04-01,15:00 (02:00),Kashima Antlers,1–2,Sanfrecce Hiroshima,"15,414",Kashima Soccer Stadium,Koichiro Fukushima,Match Report,,2023
,6,Sat,2023-04-01,16:00 (03:00),Cerezo Osaka,2–1,Yokohama F. Marinos,"18,955",Yodoko Sakura Stadium,Jumpei Iida,Match Report,,2023
,6,Sat,2023-04-01,19:00 (06:00),Consa Sapporo,3–4,Kawasaki Frontale,"14,654",Sapporo Dome,Yudai Yamamoto,Match Report,,2023
,7,Sat,2023-04-08,19:00 (06:00),Yokohama F. Marinos,5–0,Yokohama FC,"25,238",Nissan Stadium,Hiroyuki Kimura,Match Report,,2023
,7,Sun,2023-04-09,14:00 (01:00),Cerezo Osaka,2–3,Consa Sapporo,"11,952",Yodoko Sakura Stadium,Hayato Shimizu,Match Report,,2023
,7,Sun,2023-04-09,14:00 (01:00),Sanfrecce Hiroshima,1–0,Sagan Tosu,"13,681",EDION Stadium,Takuto Okabe,Match Report,,2023
,7,Sun,2023-04-09,14:00 (01:00),Vissel Kobe,0–0,Albirex Niigata,"17,391",NOEVIR Stadium Kobe,Hiroki Kasahara,Match Report,,2023
,7,Sun,2023-04-09,15:00 (02:00),Avispa Fukuoka,2–1,Kyoto Sanga,"6,341",Best Denki Stadium,Koichiro Fukushima,Match Report,,2023
,7,Sun,2023-04-09,15:00 (02:00),Gamba Osaka,2–0,Kawasaki Frontale,"20,734",Panasonic Stadium Suita,Jumpei Iida,Match Report,,2023
,7,Sun,2023-04-09,15:00 (02:00),FC Tokyo,2–2,Shonan Bellmare,"20,949",Ajinomoto Stadium,Kōei Koya,Match Report,,2023
,7,Sun,2023-04-09,15:00 (02:00),Grampus,0–0,Urawa Reds,"22,655",Toyota Stadium,Yuichi Nishimura,Match Report,,2023
,7,Sun,2023-04-09,19:00 (06:00),Kashiwa Reysol,1–0,Kashima Antlers,"11,421",Sankyo Frontier Kashiwa Stadium,Futoshi Nakamura,Match Report,,2023
,8,Sat,2023-04-15,14:00 (01:00),Albirex Niigata,3–2,Avispa Fukuoka,"16,692",Denka Big Swan Stadium,Ryo Tanimoto,Match Report,,2023
,8,Sat,2023-04-15,14:00 (01:00),Yokohama FC,0–3,Sanfrecce Hiroshima,"3,935",NHK Spring Mitsuzawa Football Stadium,Yudai Yamamoto,Match Report,,2023
,8,Sat,2023-04-15,15:00 (02:00),Shonan Bellmare,1–1,Yokohama F. Marinos,"9,355",Lemon Gas Stadium Hiratsuka,Masuya Ueda,Match Report,,2023
,8,Sat,2023-04-15,15:00 (02:00),Kawasaki Frontale,1–2,Grampus,"17,304",Kawasaki Todoroki Stadium,Koichiro Fukushima,Match Report,,2023
,8,Sat,2023-04-15,15:00 (02:00),Urawa Reds,4–1,Consa Sapporo,"38,574",Saitama Stadium 2002,Takafumi Mikuriya,Match Report,,2023
,8,Sat,2023-04-15,15:00 (02:00),Sagan Tosu,1–1,Kashiwa Reysol,"6,418",Ekimae Real Estate Stadium,Yoshirō Imamura,Match Report,,2023
,8,Sat,2023-04-15,16:00 (03:00),FC Tokyo,1–2,Cerezo Osaka,"16,939",Ajinomoto Stadium,Yoshimi Yamashita,Match Report,,2023
,8,Sat,2023-04-15,16:00 (03:00),Kashima Antlers,1–5,Vissel Kobe,"15,311",Kashima Soccer Stadium,Akihiko Ikeuchi,Match Report,,2023
,8,Sat,2023-04-15,16:00 (03:00),Kyoto Sanga,2–1,Gamba Osaka,"13,463",Sanga Stadium by Kyocera,Hayato Shimizu,Match Report,,2023
,9,Sat,2023-04-22,14:00 (01:00),Sanfrecce Hiroshima,1–2,FC Tokyo,"13,801",EDION Stadium,Hiroki Kasahara,Match Report,,2023
,9,Sat,2023-04-22,19:00 (06:00),Vissel Kobe,2–3,Yokohama F. Marinos,"22,164",NOEVIR Stadium Kobe,Yoshirō Imamura,Match Report,,2023
,9,Sun,2023-04-23,14:00 (01:00),Consa Sapporo,2–2,Avispa Fukuoka,"12,495",Sapporo Dome,Hiroyuki Kimura,Match Report,,2023
,9,Sun,2023-04-23,14:00 (01:00),Kyoto Sanga,2–3,Sagan Tosu,"8,138",Sanga Stadium by Kyocera,Akihiko Ikeuchi,Match Report,,2023
,9,Sun,2023-04-23,14:00 (01:00),Cerezo Osaka,1–0,Kashiwa Reysol,"10,673",Yodoko Sakura Stadium,Masuya Ueda,Match Report,,2023
,9,Sun,2023-04-23,14:00 (01:00),Albirex Niigata,0–2,Kashima Antlers,"23,92",Denka Big Swan Stadium,Yudai Yamamoto,Match Report,,2023
,9,Sun,2023-04-23,15:00 (02:00),Grampus,2–2,Shonan Bellmare,"17,243",Toyota Stadium,Takuto Okabe,Match Report,,2023
,9,Sun,2023-04-23,16:00 (03:00),Kawasaki Frontale,1–1,Urawa Reds,"22,304",Kawasaki Todoroki Stadium,Ryo Tanimoto,Match Report,,2023
,9,Sun,2023-04-23,16:00 (03:00),Gamba Osaka,1–1,Yokohama FC,"14,577",Panasonic Stadium Suita,Futoshi Nakamura,Match Report,,2023
,10,Sat,2023-04-29,14:00 (01:00),Yokohama FC,1–4,Consa Sapporo,"7,634",NHK Spring Mitsuzawa Football Stadium,Ryo Tanimoto,Match Report,,2023
,10,Sat,2023-04-29,14:00 (01:00),Cerezo Osaka,0–1,Sanfrecce Hiroshima,"16,151",Yodoko Sakura Stadium,Yuichi Nishimura,Match Report,,2023
,10,Sat,2023-04-29,14:00 (01:00),Vissel Kobe,2–0,Shonan Bellmare,"17,39",NOEVIR Stadium Kobe,Shū Kawamata,Match Report,,2023
,10,Sat,2023-04-29,15:00 (02:00),Kashiwa Reysol,1–1,Kyoto Sanga,"9,065",Sankyo Frontier Kashiwa Stadium,Hiroki Kasahara,Match Report,,2023
,10,Sat,2023-04-29,15:00 (02:00),Yokohama F. Marinos,1–1,Grampus,"33,048",Nissan Stadium,Yoshimi Yamashita,Match Report,,2023
,10,Sat,2023-04-29,15:00 (02:00),FC Tokyo,2–1,Albirex Niigata,"32,181",Ajinomoto Stadium,Hayato Shimizu,Match Report,,2023
,10,Sat,2023-04-29,17:00 (04:00),Avispa Fukuoka,1–3,Kawasaki Frontale,"9,053",Best Denki Stadium,Yudai Yamamoto,Match Report,,2023
,10,Sat,2023-04-29,19:00 (06:00),Kashima Antlers,4–0,Gamba Osaka,"20,525",Kashima Soccer Stadium,Yoshirō Imamura,Match Report,,2023
,11,Wed,2023-05-03,14:00 (01:00),Kyoto Sanga,0–1,Kawasaki Frontale,"15,504",Sanga Stadium by Kyocera,Yoshirō Imamura,Match Report,,2023
,11,Wed,2023-05-03,14:00 (01:00),Consa Sapporo,0–1,Kashima Antlers,"19,038",Sapporo Dome,Takuto Okabe,Match Report,,2023
,11,Wed,2023-05-03,14:00 (01:00),Gamba Osaka,1–2,Cerezo Osaka,"34,517",Panasonic Stadium Suita,Ryo Tanimoto,Match Report,,2023
,11,Wed,2023-05-03,15:00 (02:00),Sagan Tosu,1–3,Yokohama F. Marinos,"11,354",Ekimae Real Estate Stadium,Hayato Shimizu,Match Report,,2023
,11,Wed,2023-05-03,15:00 (02:00),Grampus,2–2,Vissel Kobe,"40,789",Toyota Stadium,Yūsuke Araki,Match Report,,2023
,11,Wed,2023-05-03,15:00 (02:00),Avispa Fukuoka,1–0,FC Tokyo,"10,36",Best Denki Stadium,Kōei Koya,Match Report,,2023
,11,Wed,2023-05-03,15:00 (02:00),Shonan Bellmare,1–2,Kashiwa Reysol,"12,342",Lemon Gas Stadium Hiratsuka,Koichiro Fukushima,Match Report,,2023
,11,Wed,2023-05-03,19:03 (06:03),Yokohama FC,1–0,Albirex Niigata,"10,134",NHK Spring Mitsuzawa Football Stadium,Yoshimi Yamashita,Match Report,,2023
,12,Sat,2023-05-06,14:00 (01:00),Consa Sapporo,5–1,FC Tokyo,"19,08",Sapporo Dome,Yoshimi Yamashita,Match Report,,2023
,12,Sat,2023-05-06,19:00 (06:00),Grampus,1–0,Gamba Osaka,"28,613",Toyota Stadium,Yudai Yamamoto,Match Report,,2023
,12,Sun,2023-05-07,13:00 (00:00),Sanfrecce Hiroshima,3–1,Avispa Fukuoka,"10,415",EDION Stadium,Ryo Tanimoto,Match Report,,2023
,12,Sun,2023-05-07,14:00 (01:00),Yokohama F. Marinos,4–1,Kyoto Sanga,"22,16",Nissan Stadium,Masuya Ueda,Match Report,,2023
,12,Sun,2023-05-07,14:00 (01:00),Albirex Niigata,0–0,Kashiwa Reysol,"17,998",Denka Big Swan Stadium,Akihiko Ikeuchi,Match Report,,2023
,12,Sun,2023-05-07,14:00 (01:00),Vissel Kobe,3–0,Yokohama FC,"20,005",NOEVIR Stadium Kobe,Takafumi Mikuriya,Match Report,,2023
,12,Sun,2023-05-07,14:00 (01:00),Cerezo Osaka,0–1,Kashima Antlers,"12,676",Yodoko Sakura Stadium,Futoshi Nakamura,Match Report,,2023
,12,Sun,2023-05-07,15:00 (02:00),Kawasaki Frontale,1–0,Sagan Tosu,"17,674",Kawasaki Todoroki Stadium,Shū Kawamata,Match Report,,2023
,10,Wed,2023-05-10,19:30 (06:30),Urawa Reds,0–2,Sagan Tosu,"17,97",Saitama Stadium 2002,Hiroyuki Kimura,Match Report,,2023
,13,Fri,2023-05-12,19:30 (06:30),FC Tokyo,2–1,Kawasaki Frontale,"56,705",Japan National Stadium,Yuichi Nishimura,Match Report,,2023
,13,Sat,2023-05-13,14:00 (01:00),Vissel Kobe,2–0,Sanfrecce Hiroshima,"15,741",NOEVIR Stadium Kobe,Futoshi Nakamura,Match Report,,2023
,13,Sat,2023-05-13,15:00 (02:00),Shonan Bellmare,2–4,Consa Sapporo,"7,694",Lemon Gas Stadium Hiratsuka,Takafumi Mikuriya,Match Report,,2023
,13,Sat,2023-05-13,16:00 (03:00),Kashiwa Reysol,0–1,Yokohama FC,"8,111",Sankyo Frontier Kashiwa Stadium,Hayato Shimizu,Match Report,,2023
,13,Sun,2023-05-14,13:30 (00:30),Avispa Fukuoka,0–0,Sagan Tosu,"13,719",Best Denki Stadium,Hiroki Kasahara,Match Report,,2023
,13,Sun,2023-05-14,13:30 (00:30),Kashima Antlers,2–0,Grampus,"56,02",Japan National Stadium,Hiroyuki Kimura,Match Report,,2023
,13,Sun,2023-05-14,13:30 (00:30),Kyoto Sanga,0–1,Cerezo Osaka,"12,917",Sanga Stadium by Kyocera,Takuto Okabe,Match Report,,2023
,13,Sun,2023-05-14,13:30 (00:30),Albirex Niigata,2–1,Yokohama F. Marinos,"24,501",Denka Big Swan Stadium,Koichiro Fukushima,Match Report,,2023
,13,Sun,2023-05-14,16:00 (03:00),Urawa Reds,3–1,Gamba Osaka,"31,44",Saitama Stadium 2002,Akihiko Ikeuchi,Match Report,,2023
,14,Fri,2023-05-19,19:30 (06:30),Consa Sapporo,2–1,Kyoto Sanga,"10,289",Sapporo Dome,Koichiro Fukushima,Match Report,,2023
,14,Sat,2023-05-20,13:00 (00:00),Avispa Fukuoka,0–0,Urawa Reds,"10,417",Best Denki Stadium,Hayato Shimizu,Match Report,,2023
,14,Sat,2023-05-20,15:00 (02:00),Shonan Bellmare,0–2,Cerezo Osaka,"10,549",Lemon Gas Stadium Hiratsuka,Yoshirō Imamura,Match Report,,2023
,14,Sat,2023-05-20,15:00 (02:00),Grampus,2–1,Sanfrecce Hiroshima,"15,506",Toyota Stadium,Kōei Koya,Match Report,,2023
,14,Sat,2023-05-20,15:00 (02:00),Kashima Antlers,1–1,FC Tokyo,"17,589",Kashima Soccer Stadium,Ryo Tanimoto,Match Report,,2023
,14,Sat,2023-05-20,16:00 (03:00),Yokohama FC,2–1,Kawasaki Frontale,"10,276",NHK Spring Mitsuzawa Football Stadium,Akihiko Ikeuchi,Match Report,,2023
,14,Sat,2023-05-20,16:00 (03:00),Kashiwa Reysol,1–1,Vissel Kobe,"12,53",Sankyo Frontier Kashiwa Stadium,Hajime Matsuo,Match Report,,2023
,14,Sat,2023-05-20,17:00 (04:00),Sagan Tosu,2–0,Albirex Niigata,"7,265",Ekimae Real Estate Stadium,Yuichi Nishimura,Match Report,,2023
,14,Sat,2023-05-20,19:00 (06:00),Gamba Osaka,0–2,Yokohama F. Marinos,"19,823",Panasonic Stadium Suita,Hiroyuki Kimura,Match Report,,2023
,15,Sat,2023-05-27,13:00 (00:00),Consa Sapporo,1–2,Grampus,"11,711",Sapporo Dome,Akihiko Ikeuchi,Match Report,,2023
,15,Sat,2023-05-27,14:00 (01:00),Sanfrecce Hiroshima,1–0,Shonan Bellmare,"11,916",EDION Stadium,Hajime Matsuo,Match Report,,2023
,15,Sat,2023-05-27,14:00 (01:00),Vissel Kobe,3–2,FC Tokyo,"20,414",NOEVIR Stadium Kobe,Hiroki Kasahara,Match Report,,2023
,15,Sat,2023-05-27,17:00 (04:00),Sagan Tosu,2–2,Kashima Antlers,"9,272",Ekimae Real Estate Stadium,Yudai Yamamoto,Match Report,,2023
,15,Sat,2023-05-27,19:00 (06:00),Kyoto Sanga,0–2,Urawa Reds,"15,229",Sanga Stadium by Kyocera,Takafumi Mikuriya,Match Report,,2023
,15,Sun,2023-05-28,14:00 (01:00),Yokohama F. Marinos,2–0,Avispa Fukuoka,"26,115",Nissan Stadium,Yoshimi Yamashita,Match Report,,2023
,15,Sun,2023-05-28,14:00 (01:00),Cerezo Osaka,2–0,Yokohama FC,"14,304",Yodoko Sakura Stadium,Jumpei Iida,Match Report,,2023
,15,Sun,2023-05-28,14:00 (01:00),Albirex Niigata,1–3,Gamba Osaka,"21,86",Denka Big Swan Stadium,Masuya Ueda,Match Report,,2023
,15,Sun,2023-05-28,17:00 (04:00),Kawasaki Frontale,2–0,Kashiwa Reysol,"20,207",Kawasaki Todoroki Stadium,Futoshi Nakamura,Match Report,,2023
,11,Wed,2023-05-31,19:30 (06:30),Urawa Reds,2–1,Sanfrecce Hiroshima,"20,266",Saitama Stadium 2002,Jumpei Iida,Match Report,,2023
,16,Sat,2023-06-03,15:00 (02:00),FC Tokyo,2–3,Yokohama F. Marinos,"28,553",Ajinomoto Stadium,Hayato Shimizu,Match Report,,2023
,16,Sat,2023-06-03,15:00 (02:00),Shonan Bellmare,2–2,Albirex Niigata,"10,227",Lemon Gas Stadium Hiratsuka,Yoshimi Yamashita,Match Report,,2023
,16,Sat,2023-06-03,16:00 (03:00),Grampus,3–1,Cerezo Osaka,"22,912",Toyota Stadium,Yudai Yamamoto,Match Report,,2023
,16,Sat,2023-06-03,18:00 (05:00),Avispa Fukuoka,1–2,Gamba Osaka,"9,336",Best Denki Stadium,Koichiro Fukushima,Match Report,,2023
,16,Sat,2023-06-03,18:30 (05:30),Yokohama FC,1–2,Sagan Tosu,"7,158",NHK Spring Mitsuzawa Football Stadium,Kōei Koya,Match Report,,2023
,16,Sat,2023-06-03,19:00 (06:00),Kashiwa Reysol,4–5,Consa Sapporo,"9,769",Sankyo Frontier Kashiwa Stadium,Hiroki Kasahara,Match Report,,2023
,16,Sun,2023-06-04,14:00 (01:00),Sanfrecce Hiroshima,3–1,Kyoto Sanga,"14,678",EDION Stadium,Yuichi Nishimura,Match Report,,2023
,16,Sun,2023-06-04,17:00 (04:00),Urawa Reds,0–0,Kashima Antlers,"45,575",Saitama Stadium 2002,Andy Madley,Match Report,,2023
,17,Sat,2023-06-10,16:00 (03:00),Yokohama F. Marinos,4–3,Kashiwa Reysol,"26,946",Nissan Stadium,Akihiko Ikeuchi,Match Report,,2023
,17,Sat,2023-06-10,19:00 (06:00),Cerezo Osaka,2–1,Vissel Kobe,"22,542",Yodoko Sakura Stadium,Yuichi Nishimura,Match Report,,2023
,17,Sat,2023-06-10,19:00 (06:00),Sagan Tosu,1–1,Consa Sapporo,"7,774",Ekimae Real Estate Stadium,Yoshirō Imamura,Match Report,,2023
,17,Sun,2023-06-11,14:00 (01:00),Albirex Niigata,1–3,Kyoto Sanga,"30,136",Denka Big Swan Stadium,Hajime Matsuo,Match Report,,2023
,17,Sun,2023-06-11,16:00 (03:00),Grampus,2–1,Avispa Fukuoka,"13,992",Toyota Stadium,Shū Kawamata,Match Report,,2023
,17,Sun,2023-06-11,18:00 (05:00),Gamba Osaka,3–1,FC Tokyo,"19,631",Panasonic Stadium Suita,Andy Madley,Match Report,,2023
,17,Sun,2023-06-11,18:00 (05:00),Kashima Antlers,1–0,Shonan Bellmare,"13,169",Kashima Soccer Stadium,Masuya Ueda,Match Report,,2023
,17,Sun,2023-06-11,18:30 (05:30),Yokohama FC,0–0,Urawa Reds,"10,086",NHK Spring Mitsuzawa Football Stadium,Hayato Shimizu,Match Report,,2023
,17,Sun,2023-06-11,19:00 (06:00),Kawasaki Frontale,1–0,Sanfrecce Hiroshima,"18,051",Kawasaki Todoroki Stadium,Ryo Tanimoto,Match Report,,2023
,18,Sat,2023-06-24,14:00 (01:00),Consa Sapporo,1–4,Cerezo Osaka,"24,509",Sapporo Dome,Ryo Tanimoto,Match Report,,2023
,18,Sat,2023-06-24,19:00 (06:00),FC Tokyo,2–0,Grampus,"28,636",Ajinomoto Stadium,Takafumi Mikuriya,Match Report,,2023
,18,Sat,2023-06-24,19:00 (06:00),Kyoto Sanga,2–1,Yokohama FC,"8,784",Sanga Stadium by Kyocera,Akihiko Ikeuchi,Match Report,,2023
,18,Sat,2023-06-24,19:00 (06:00),Shonan Bellmare,0–6,Sagan Tosu,"9,848",Lemon Gas Stadium Hiratsuka,Khamis Mohammed Al Marri,Match Report,,2023
,18,Sat,2023-06-24,19:00 (06:00),Gamba Osaka,2–1,Kashima Antlers,"22,483",Panasonic Stadium Suita,Futoshi Nakamura,Match Report,,2023
,18,Sat,2023-06-24,19:00 (06:00),Sanfrecce Hiroshima,0–1,Yokohama F. Marinos,"15,163",EDION Stadium,Jumpei Iida,Match Report,,2023
,18,Sat,2023-06-24,19:00 (06:00),Kashiwa Reysol,0–0,Albirex Niigata,"10,715",Sankyo Frontier Kashiwa Stadium,Takuto Okabe,Match Report,,2023
,18,Sat,2023-06-24,19:30 (06:30),Urawa Reds,1–1,Kawasaki Frontale,"35,887",Saitama Stadium 2002,Yoshirō Imamura,Match Report,,2023
,18,Sun,2023-06-25,19:00 (06:00),Avispa Fukuoka,0–3,Vissel Kobe,"11,697",Best Denki Stadium,Yudai Yamamoto,Match Report,,2023
,12,Wed,2023-06-28,19:30 (06:30),Urawa Reds,4–1,Shonan Bellmare,"18,208",Saitama Stadium 2002,Yūsuke Araki,Match Report,,2023
,19,Fri,2023-06-30,19:00 (06:00),Cerezo Osaka,0–1,Avispa Fukuoka,"11,786",Yodoko Sakura Stadium,Hayato Shimizu,Match Report,,2023
,19,Sat,2023-07-01,18:00 (05:00),Kashima Antlers,0–0,Kyoto Sanga,"16,353",Kashima Soccer Stadium,Yūsuke Araki,Match Report,,2023
,19,Sat,2023-07-01,18:00 (05:00),Grampus,2–0,Kawasaki Frontale,"25,56",Toyota Stadium,Hiroyuki Kimura,Match Report,,2023
,19,Sat,2023-07-01,18:00 (05:00),Albirex Niigata,2–0,Sanfrecce Hiroshima,"19,064",Denka Big Swan Stadium,Yuichi Nishimura,Match Report,,2023
,19,Sat,2023-07-01,18:30 (05:30),Yokohama FC,0–0,Gamba Osaka,"10,348",NHK Spring Mitsuzawa Football Stadium,Koichiro Fukushima,Match Report,,2023
,19,Sat,2023-07-01,19:00 (06:00),Sagan Tosu,1–2,Urawa Reds,"11,224",Ekimae Real Estate Stadium,Ryo Tanimoto,Match Report,,2023
,19,Sat,2023-07-01,19:00 (06:00),FC Tokyo,1–0,Kashiwa Reysol,"20,571",Ajinomoto Stadium,Hiroki Kasahara,Match Report,,2023
,19,Sat,2023-07-01,19:00 (06:00),Vissel Kobe,1–1,Consa Sapporo,"27,63",NOEVIR Stadium Kobe,Khamis Mohammed Al Marri,Match Report,,2023
,19,Sun,2023-07-02,19:00 (06:00),Yokohama F. Marinos,4–1,Shonan Bellmare,"21,16",Nissan Stadium,Futoshi Nakamura,Match Report,,2023
,20,Fri,2023-07-07,19:00 (06:00),Albirex Niigata,0–1,Vissel Kobe,"26,519",Denka Big Swan Stadium,Koichiro Fukushima,Match Report,,2023
,20,Sat,2023-07-08,18:00 (05:00),Grampus,2–2,Yokohama F. Marinos,"29,743",Toyota Stadium,Yūsuke Araki,Match Report,,2023
,20,Sat,2023-07-08,18:30 (05:30),Sanfrecce Hiroshima,1–1,Kashima Antlers,"8,361",EDION Stadium,Hiroki Kasahara,Match Report,,2023
,20,Sat,2023-07-08,19:00 (06:00),Gamba Osaka,1–0,Kyoto Sanga,"23,048",Panasonic Stadium Suita,Kōei Koya,Match Report,,2023
,20,Sat,2023-07-08,19:00 (06:00),Urawa Reds,0–0,FC Tokyo,"49,108",Saitama Stadium 2002,Khamis Mohammed Al Marri,Match Report,,2023
,20,Sat,2023-07-08,19:00 (06:00),Kashiwa Reysol,1–1,Shonan Bellmare,"10,54",Sankyo Frontier Kashiwa Stadium,Yoshirō Imamura,Match Report,,2023
,20,Sat,2023-07-08,19:00 (06:00),Avispa Fukuoka,2–1,Consa Sapporo,"7,17",Best Denki Stadium,Akihiko Ikeuchi,Match Report,,2023
,20,Sat,2023-07-08,19:00 (06:00),Kawasaki Frontale,3–0,Yokohama FC,"21,856",Kawasaki Todoroki Stadium,Hajime Matsuo,Match Report,,2023
,20,Sat,2023-07-08,19:30 (06:30),Sagan Tosu,2–1,Cerezo Osaka,"7,762",Ekimae Real Estate Stadium,Jumpei Iida,Match Report,,2023
,21,Sat,2023-07-15,13:00 (00:00),Consa Sapporo,0–1,Albirex Niigata,"7,591",Sapporo Dome,Masuya Ueda,Match Report,,2023
,21,Sat,2023-07-15,19:00 (06:00),Yokohama F. Marinos,0–1,Kawasaki Frontale,"42,772",Nissan Stadium,Khamis Mohammed Al Marri,Match Report,,2023
,21,Sun,2023-07-16,18:00 (05:00),Sanfrecce Hiroshima,1–1,Yokohama FC,"12,76",EDION Stadium,Hiroyuki Kimura,Match Report,,2023
,21,Sun,2023-07-16,19:00 (06:00),FC Tokyo,1–3,Kashima Antlers,"37,014",Ajinomoto Stadium,Akihiko Ikeuchi,Match Report,,2023
,21,Sun,2023-07-16,19:00 (06:00),Shonan Bellmare,0–1,Avispa Fukuoka,"9,878",Lemon Gas Stadium Hiratsuka,Takafumi Mikuriya,Match Report,,2023
,21,Sun,2023-07-16,19:00 (06:00),Vissel Kobe,2–1,Sagan Tosu,"19,893",NOEVIR Stadium Kobe,Futoshi Nakamura,Match Report,,2023
,21,Sun,2023-07-16,19:00 (06:00),Gamba Osaka,3–1,Kashiwa Reysol,"18,679",Panasonic Stadium Suita,Hajime Matsuo,Match Report,,2023
,21,Sun,2023-07-16,19:00 (06:00),Cerezo Osaka,2–0,Urawa Reds,"21,007",Yodoko Sakura Stadium,Yudai Yamamoto,Match Report,,2023
,21,Sun,2023-07-16,19:00 (06:00),Kyoto Sanga,2–1,Grampus,"13,36",Sanga Stadium by Kyocera,Jumpei Iida,Match Report,,2023
,16,Sat,2023-07-22,19:00 (06:00),Vissel Kobe,2–2,Kawasaki Frontale,"15,986",NOEVIR Stadium Kobe,Hiroyuki Kimura,Match Report,,2023
,22,Sat,2023-08-05,19:00 (06:00),Grampus,1–0,Albirex Niigata,"57,058",Japan National Stadium,Yudai Yamamoto,Match Report,,2023
,22,Sat,2023-08-05,19:00 (06:00),Shonan Bellmare,1–0,Sanfrecce Hiroshima,"9,946",Lemon Gas Stadium Hiratsuka,Futoshi Nakamura,Match Report,,2023
,22,Sun,2023-08-06,18:00 (05:00),Kashima Antlers,3–0,Consa Sapporo,"17,503",Kashima Soccer Stadium,Kōei Koya,Match Report,,2023
,22,Sun,2023-08-06,18:30 (05:30),Yokohama FC,2–0,Vissel Kobe,"7,8",NHK Spring Mitsuzawa Football Stadium,Hayato Shimizu,Match Report,,2023
,22,Sun,2023-08-06,19:00 (06:00),Cerezo Osaka,0–1,FC Tokyo,"18,596",Yodoko Sakura Stadium,Takafumi Mikuriya,Match Report,,2023
,22,Sun,2023-08-06,19:00 (06:00),Kawasaki Frontale,3–4,Gamba Osaka,"20,162",Kawasaki Todoroki Stadium,Ryo Tanimoto,Match Report,,2023
,22,Sun,2023-08-06,19:00 (06:00),Urawa Reds,0–0,Yokohama F. Marinos,"42,664",Saitama Stadium 2002,Hiroyuki Kimura,Match Report,,2023
,22,Sun,2023-08-06,19:00 (06:00),Sagan Tosu,0–1,Avispa Fukuoka,"17,799",Ekimae Real Estate Stadium,Yuichi Nishimura,Match Report,,2023
,22,Sun,2023-08-06,19:00 (06:00),Kyoto Sanga,0–1,Kashiwa Reysol,"11,545",Sanga Stadium by Kyocera,Koichiro Fukushima,Match Report,,2023
,23,Sat,2023-08-12,14:00 (01:00),Consa Sapporo,1–1,Sagan Tosu,"21,895",Sapporo Dome,Hajime Matsuo,Match Report,,2023
,23,Sat,2023-08-12,18:00 (05:00),Albirex Niigata,2–2,Shonan Bellmare,"28,329",Denka Big Swan Stadium,Shū Kawamata,Match Report,,2023
,23,Sat,2023-08-12,19:00 (06:00),Avispa Fukuoka,2–0,Yokohama FC,"8,677",Best Denki Stadium,Ryo Tanimoto,Match Report,,2023
,23,Sat,2023-08-12,19:00 (06:00),Kashiwa Reysol,1–1,Cerezo Osaka,"11,892",Sankyo Frontier Kashiwa Stadium,Hiroyuki Kimura,Match Report,,2023
,23,Sat,2023-08-12,19:00 (06:00),Kawasaki Frontale,0–1,Vissel Kobe,"20,845",Kawasaki Todoroki Stadium,Ryo Tanimoto,Match Report,,2023
,23,Sat,2023-08-12,19:00 (06:00),FC Tokyo,2–0,Kyoto Sanga,"23,162",Ajinomoto Stadium,Masuya Ueda,Match Report,,2023
,23,Sat,2023-08-12,19:30 (06:30),Yokohama F. Marinos,2–1,Gamba Osaka,"33,261",Nissan Stadium,Akihiko Ikeuchi,Match Report,,2023
,23,Sun,2023-08-13,18:00 (05:00),Grampus,1–0,Kashima Antlers,"38,642",Toyota Stadium,Yoshirō Imamura,Match Report,,2023
,23,Sun,2023-08-13,18:00 (05:00),Sanfrecce Hiroshima,2–1,Urawa Reds,"21,108",EDION Stadium,Hayato Shimizu,Match Report,,2023
,24,Fri,2023-08-18,19:00 (06:00),Avispa Fukuoka,0–1,Albirex Niigata,"7,705",Best Denki Stadium,Futoshi Nakamura,Match Report,,2023
,24,Fri,2023-08-18,19:30 (06:30),Urawa Reds,1–0,Grampus,"32,578",Saitama Stadium 2002,Akihiko Ikeuchi,Match Report,,2023
,24,Sat,2023-08-19,18:00 (05:00),Kashima Antlers,2–1,Sagan Tosu,"19,693",Kashima Soccer Stadium,Ryo Tanimoto,Match Report,,2023
,24,Sat,2023-08-19,19:00 (06:00),Vissel Kobe,1–1,Kashiwa Reysol,"20,892",NOEVIR Stadium Kobe,Yoshirō Imamura,Match Report,,2023
,24,Sat,2023-08-19,19:00 (06:00),Gamba Osaka,2–1,Shonan Bellmare,"32,567",Panasonic Stadium Suita,Takuto Okabe,Match Report,,2023
,24,Sat,2023-08-19,19:00 (06:00),Kyoto Sanga,3–0,Consa Sapporo,"9,379",Sanga Stadium by Kyocera,Takafumi Mikuriya,Match Report,,2023
,24,Sat,2023-08-19,19:00 (06:00),Sanfrecce Hiroshima,3–2,Kawasaki Frontale,"21,771",EDION Stadium,Hajime Matsuo,Match Report,,2023
,24,Sat,2023-08-19,19:30 (06:30),Yokohama F. Marinos,2–1,FC Tokyo,"33,701",Nissan Stadium,Jumpei Iida,Match Report,,2023
,24,Sun,2023-08-20,18:30 (05:30),Yokohama FC,0–1,Cerezo Osaka,"8,195",NHK Spring Mitsuzawa Football Stadium,Yūsuke Araki,Match Report,,2023
,25,Fri,2023-08-25,19:00 (06:00),Shonan Bellmare,0–1,Urawa Reds,"10,361",Lemon Gas Stadium Hiratsuka,Jumpei Iida,Match Report,,2023
,25,Sat,2023-08-26,18:00 (05:00),Kashima Antlers,2–0,Albirex Niigata,"18,895",Kashima Soccer Stadium,Takafumi Mikuriya,Match Report,,2023
,25,Sat,2023-08-26,18:30 (05:30),Yokohama FC,4–1,Yokohama F. Marinos,"13,321",NHK Spring Mitsuzawa Football Stadium,Yuichi Nishimura,Match Report,,2023
,25,Sat,2023-08-26,19:00 (06:00),FC Tokyo,2–2,Vissel Kobe,"48,634",Japan National Stadium,Futoshi Nakamura,Match Report,,2023
,25,Sat,2023-08-26,19:00 (06:00),Kashiwa Reysol,0–0,Sanfrecce Hiroshima,"9,874",Sankyo Frontier Kashiwa Stadium,Masuya Ueda,Match Report,,2023
,25,Sat,2023-08-26,19:00 (06:00),Sagan Tosu,1–1,Gamba Osaka,"12,812",Ekimae Real Estate Stadium,Hayato Shimizu,Match Report,,2023
,25,Sat,2023-08-26,19:00 (06:00),Cerezo Osaka,3–1,Grampus,"18,935",Yodoko Sakura Stadium,Koichiro Fukushima,Match Report,,2023
,25,Sat,2023-08-26,19:00 (06:00),Kyoto Sanga,2–0,Avispa Fukuoka,"9,83",Sanga Stadium by Kyocera,Kōei Koya,Match Report,,2023
,25,Sat,2023-08-26,19:00 (06:00),Kawasaki Frontale,2–2,Consa Sapporo,"19,257",Kawasaki Todoroki Stadium,Takuto Okabe,Match Report,,2023
,26,Sat,2023-09-02,13:00 (00:00),Consa Sapporo,4–0,Gamba Osaka,"13,219",Sapporo Dome,Masuya Ueda,Match Report,,2023
,26,Sat,2023-09-02,18:00 (05:00),Albirex Niigata,1–1,Urawa Reds,"27,775",Denka Big Swan Stadium,Hajime Matsuo,Match Report,,2023
,26,Sat,2023-09-02,18:00 (05:00),Grampus,1–1,Yokohama FC,"33,235",Toyota Stadium,Hiroyuki Kimura,Match Report,,2023
,26,Sat,2023-09-02,19:00 (06:00),Cerezo Osaka,3–0,Kawasaki Frontale,"18,789",Yodoko Sakura Stadium,Shū Kawamata,Match Report,,2023
,26,Sat,2023-09-02,19:00 (06:00),Sagan Tosu,0–2,Sanfrecce Hiroshima,"9,097",Ekimae Real Estate Stadium,Jumpei Iida,Match Report,,2023
,26,Sat,2023-09-02,19:00 (06:00),Kashiwa Reysol,2–0,Yokohama F. Marinos,"12,601",Sankyo Frontier Kashiwa Stadium,Yūsuke Araki,Match Report,,2023
,26,Sat,2023-09-02,19:00 (06:00),Shonan Bellmare,2–2,Kashima Antlers,"11,089",Lemon Gas Stadium Hiratsuka,Hayato Shimizu,Match Report,,2023
,26,Sun,2023-09-03,19:00 (06:00),Vissel Kobe,2–1,Kyoto Sanga,"18,454",NOEVIR Stadium Kobe,Akihiko Ikeuchi,Match Report,,2023
,26,Sun,2023-09-03,19:00 (06:00),FC Tokyo,1–2,Avispa Fukuoka,"16,068",Ajinomoto Stadium,Koichiro Fukushima,Match Report,,2023
,27,Fri,2023-09-15,19:00 (06:00),Yokohama F. Marinos,1–1,Sagan Tosu,"7,771",NHK Spring Mitsuzawa Football Stadium,Masuya Ueda,Match Report,,2023
,27,Fri,2023-09-15,19:00 (06:00),Kawasaki Frontale,1–0,FC Tokyo,"20,284",Kawasaki Todoroki Stadium,Akihiko Ikeuchi,Match Report,,2023
,27,Fri,2023-09-15,19:30 (06:30),Urawa Reds,0–0,Kyoto Sanga,"21,434",Saitama Stadium 2002,Hayato Shimizu,Match Report,,2023
,27,Sat,2023-09-16,18:00 (05:00),Kashima Antlers,1–0,Cerezo Osaka,"18,38",Kashima Soccer Stadium,Takuto Okabe,Match Report,,2023
,27,Sat,2023-09-16,19:00 (06:00),Consa Sapporo,0–1,Shonan Bellmare,"14,09",Sapporo Dome,Yoshirō Imamura,Match Report,,2023
,27,Sat,2023-09-16,19:00 (06:00),Avispa Fukuoka,1–0,Grampus,"7,647",Best Denki Stadium,Takafumi Mikuriya,Match Report,,2023
,27,Sat,2023-09-16,19:00 (06:00),Sanfrecce Hiroshima,2–0,Vissel Kobe,"18,721",EDION Stadium,Hajime Matsuo,Match Report,,2023
,27,Sun,2023-09-17,18:30 (05:30),Yokohama FC,1–2,Kashiwa Reysol,"11,516",NHK Spring Mitsuzawa Football Stadium,Futoshi Nakamura,Match Report,,2023
,27,Sun,2023-09-17,19:00 (06:00),Gamba Osaka,1–1,Albirex Niigata,"19,422",Panasonic Stadium Suita,Kōei Koya,Match Report,,2023
,28,Sat,2023-09-23,14:00 (01:00),Albirex Niigata,3–1,Yokohama FC,"21,559",Denka Big Swan Stadium,Jumpei Iida,Match Report,,2023
,28,Sat,2023-09-23,15:00 (02:00),FC Tokyo,3–2,Sagan Tosu,"20,303",Ajinomoto Stadium,Takafumi Mikuriya,Match Report,,2023
,28,Sat,2023-09-23,16:00 (03:00),Grampus,1–1,Consa Sapporo,"36,95",Toyota Stadium,Kōei Koya,Match Report,,2023
,28,Sat,2023-09-23,19:00 (06:00),Kyoto Sanga,1–0,Sanfrecce Hiroshima,"15,348",Sanga Stadium by Kyocera,Koichiro Fukushima,Match Report,,2023
,28,Sat,2023-09-23,19:00 (06:00),Vissel Kobe,1–0,Cerezo Osaka,"25,601",NOEVIR Stadium Kobe,Hayato Shimizu,Match Report,,2023
,28,Sat,2023-09-23,19:00 (06:00),Kashiwa Reysol,1–3,Avispa Fukuoka,"10,77",Sankyo Frontier Kashiwa Stadium,Yuichi Nishimura,Match Report,,2023
,28,Sun,2023-09-24,15:00 (02:00),Kashima Antlers,1–2,Yokohama F. Marinos,"27,463",Kashima Soccer Stadium,Futoshi Nakamura,Match Report,,2023
,28,Sun,2023-09-24,16:00 (03:00),Shonan Bellmare,0–2,Kawasaki Frontale,"54,243",Japan National Stadium,Hiroyuki Kimura,Match Report,,2023
,28,Sun,2023-09-24,17:00 (04:00),Gamba Osaka,1–3,Urawa Reds,"30,135",Panasonic Stadium Suita,Yūsuke Araki,Match Report,,2023
,29,Fri,2023-09-29,19:00 (06:00),Yokohama F. Marinos,0–2,Vissel Kobe,"30,8",Nissan Stadium,Yuichi Nishimura,Match Report,,2023
,29,Fri,2023-09-29,19:00 (06:00),Kawasaki Frontale,2–3,Albirex Niigata,"17,557",Kawasaki Todoroki Stadium,Takuto Okabe,Match Report,,2023
,29,Fri,2023-09-29,19:30 (06:30),Urawa Reds,1–1,Yokohama FC,"22,379",Saitama Stadium 2002,Yoshirō Imamura,Match Report,,2023
,29,Sat,2023-09-30,13:00 (00:00),Consa Sapporo,1–2,Kashiwa Reysol,"12,827",Sapporo Dome,Koichiro Fukushima,Match Report,,2023
,29,Sat,2023-09-30,15:00 (02:00),Avispa Fukuoka,0–0,Kashima Antlers,"9,467",Best Denki Stadium,Hajime Matsuo,Match Report,,2023
,29,Sat,2023-09-30,18:00 (05:00),Cerezo Osaka,0–2,Shonan Bellmare,"18,255",Yodoko Sakura Stadium,Akihiko Ikeuchi,Match Report,,2023
,29,Sat,2023-09-30,19:00 (06:00),Sagan Tosu,3–2,Kyoto Sanga,"8,395",Ekimae Real Estate Stadium,Yoshimi Yamashita,Match Report,,2023
,29,Sat,2023-09-30,19:00 (06:00),Sanfrecce Hiroshima,3–1,Grampus,"17,728",EDION Stadium,Masuya Ueda,Match Report,,2023
,29,Sun,2023-10-01,15:00 (02:00),FC Tokyo,3–0,Gamba Osaka,"30,521",Ajinomoto Stadium,Futoshi Nakamura,Match Report,,2023
,30,Fri,2023-10-20,19:00 (06:00),Kawasaki Frontale,4–2,Avispa Fukuoka,"19,026",Kawasaki Todoroki Stadium,Takafumi Mikuriya,Match Report,,2023
,30,Fri,2023-10-20,19:30 (06:30),Urawa Reds,2–0,Kashiwa Reysol,"25,991",Saitama Stadium 2002,Yuichi Nishimura,Match Report,,2023
,30,Sat,2023-10-21,13:00 (00:00),Albirex Niigata,1–1,Sagan Tosu,"17,555",Denka Big Swan Stadium,Masuya Ueda,Match Report,,2023
,30,Sat,2023-10-21,14:00 (01:00),Yokohama F. Marinos,4–1,Consa Sapporo,"23,286",Nissan Stadium,Hayato Shimizu,Match Report,,2023
,30,Sat,2023-10-21,14:00 (01:00),Yokohama FC,1–0,FC Tokyo,"11,057",NHK Spring Mitsuzawa Football Stadium,Yudai Yamamoto,Match Report,,2023
,30,Sat,2023-10-21,14:00 (01:00),Vissel Kobe,3–1,Kashima Antlers,"53,444",Japan National Stadium,Koichiro Fukushima,Match Report,,2023
,30,Sat,2023-10-21,14:00 (01:00),Gamba Osaka,0–1,Grampus,"23,153",Panasonic Stadium Suita,Takuto Okabe,Match Report,,2023
,30,Sat,2023-10-21,15:00 (02:00),Kyoto Sanga,0–1,Shonan Bellmare,"12,485",Sanga Stadium by Kyocera,Hajime Matsuo,Match Report,,2023
,30,Sat,2023-10-21,16:00 (03:00),Sanfrecce Hiroshima,0–0,Cerezo Osaka,"22,834",EDION Stadium,Futoshi Nakamura,Match Report,,2023
,31,Fri,2023-10-27,19:00 (06:00),Grampus,1–1,Sagan Tosu,"11,736",Gifu Nagaragawa Stadium,Hayato Shimizu,Match Report,,2023
,31,Sat,2023-10-28,13:00 (00:00),Consa Sapporo,2–1,Yokohama FC,"13,422",Sapporo Dome,Takafumi Mikuriya,Match Report,,2023
,31,Sat,2023-10-28,14:00 (01:00),Kyoto Sanga,0–1,Albirex Niigata,"14,673",Sanga Stadium by Kyocera,Yūsuke Araki,Match Report,,2023
,31,Sat,2023-10-28,14:00 (01:00),Avispa Fukuoka,0–4,Yokohama F. Marinos,"13,855",Best Denki Stadium,Kōei Koya,Match Report,,2023
,31,Sat,2023-10-28,14:00 (01:00),Shonan Bellmare,1–1,Vissel Kobe,"11,569",Lemon Gas Stadium Hiratsuka,Yudai Yamamoto,Match Report,,2023
,31,Sat,2023-10-28,14:00 (01:00),Cerezo Osaka,1–0,Gamba Osaka,"21,665",Yodoko Sakura Stadium,Yuichi Nishimura,Match Report,,2023
,31,Sat,2023-10-28,14:00 (01:00),Kashima Antlers,0–0,Urawa Reds,"29,305",Kashima Soccer Stadium,Hiroyuki Kimura,Match Report,,2023
,31,Sat,2023-10-28,15:00 (02:00),FC Tokyo,1–2,Sanfrecce Hiroshima,"30,981",Ajinomoto Stadium,Hiroki Kasahara,Match Report,,2023
,31,Sun,2023-10-29,15:00 (02:00),Kashiwa Reysol,1–1,Kawasaki Frontale,"12,54",Sankyo Frontier Kashiwa Stadium,Koichiro Fukushima,Match Report,,2023
,32,Sat,2023-11-11,14:00 (01:00),Consa Sapporo,0–0,Sanfrecce Hiroshima,"12,906",Sapporo Dome,Jumpei Iida,Match Report,,2023
,32,Sat,2023-11-11,14:00 (01:00),Albirex Niigata,0–0,FC Tokyo,"23,223",Denka Big Swan Stadium,Yoshimi Yamashita,Match Report,,2023
,32,Sat,2023-11-11,14:00 (01:00),Shonan Bellmare,2–1,Grampus,"11,227",Lemon Gas Stadium Hiratsuka,Yuichi Nishimura,Match Report,,2023
,32,Sat,2023-11-11,15:00 (02:00),Gamba Osaka,1–2,Avispa Fukuoka,"21,293",Panasonic Stadium Suita,Akihiko Ikeuchi,Match Report,,2023
,32,Sat,2023-11-11,15:00 (02:00),Kashima Antlers,1–1,Kashiwa Reysol,"19,86",Kashima Soccer Stadium,Ryo Tanimoto,Match Report,,2023
,32,Sat,2023-11-11,15:00 (02:00),Sagan Tosu,1–3,Yokohama FC,"13,236",Ekimae Real Estate Stadium,Hajime Matsuo,Match Report,,2023
,32,Sun,2023-11-12,14:00 (01:00),Yokohama F. Marinos,2–0,Cerezo Osaka,"37,204",Nissan Stadium,Hiroyuki Kimura,Match Report,,2023
,32,Sun,2023-11-12,14:00 (01:00),Kawasaki Frontale,3–3,Kyoto Sanga,"19,084",Kawasaki Todoroki Stadium,Koji Takasaki,Match Report,,2023
,32,Sun,2023-11-12,15:00 (02:00),Urawa Reds,1–2,Vissel Kobe,"48,144",Saitama Stadium 2002,Yūsuke Araki,Match Report,,2023
,33,Fri,2023-11-24,19:00 (06:00),Yokohama F. Marinos,0–0,Albirex Niigata,"34,335",Nissan Stadium,Koichiro Fukushima,Match Report,,2023
,33,Fri,2023-11-24,19:00 (06:00),Kawasaki Frontale,3–0,Kashima Antlers,"20,887",Kawasaki Todoroki Stadium,Hiroki Kasahara,Match Report,,2023
,33,Sat,2023-11-25,14:00 (01:00),FC Tokyo,1–3,Consa Sapporo,"26,945",Ajinomoto Stadium,Koji Takasaki,Match Report,,2023
,33,Sat,2023-11-25,14:00 (01:00),Vissel Kobe,2–1,Grampus,"25,365",NOEVIR Stadium Kobe,Hayato Shimizu,Match Report,,2023
,33,Sat,2023-11-25,14:00 (01:00),Sanfrecce Hiroshima,3–0,Gamba Osaka,"29,097",EDION Stadium,Yoshirō Imamura,Match Report,,2023
,33,Sat,2023-11-25,14:00 (01:00),Cerezo Osaka,0–1,Kyoto Sanga,"20,323",Yodoko Sakura Stadium,Takafumi Mikuriya,Match Report,,2023
,33,Sat,2023-11-25,14:00 (01:00),Urawa Reds,2–3,Avispa Fukuoka,"34,826",Saitama Stadium 2002,Masuya Ueda,Match Report,,2023
,33,Sat,2023-11-25,14:00 (01:00),Yokohama FC,0–1,Shonan Bellmare,"13,624",NHK Spring Mitsuzawa Football Stadium,Futoshi Nakamura,Match Report,,2023
,33,Sat,2023-11-25,14:00 (01:00),Kashiwa Reysol,2–2,Sagan Tosu,"12,733",Sankyo Frontier Kashiwa Stadium,Yudai Yamamoto,Match Report,,2023
,34,Sun,2023-12-03,14:00 (01:00),Albirex Niigata,1–0,Cerezo Osaka,"22,605",Denka Big Swan Stadium,Hajime Matsuo,Match Report,,2023
,34,Sun,2023-12-03,14:00 (01:00),Shonan Bellmare,0–1,FC Tokyo,"12,653",Lemon Gas Stadium Hiratsuka,Ryo Tanimoto,Match Report,,2023
,34,Sun,2023-12-03,14:00 (01:00),Gamba Osaka,0–1,Vissel Kobe,"32,397",Panasonic Stadium Suita,Futoshi Nakamura,Match Report,,2023
,34,Sun,2023-12-03,14:00 (01:00),Consa Sapporo,0–2,Urawa Reds,"31,143",Sapporo Dome,Hiroki Kasahara,Match Report,,2023
,34,Sun,2023-12-03,14:00 (01:00),Kyoto Sanga,3–1,Yokohama F. Marinos,"18,5",Sanga Stadium by Kyocera,Hayato Shimizu,Match Report,,2023
,34,Sun,2023-12-03,14:00 (01:00),Sagan Tosu,0–1,Kawasaki Frontale,"13,302",Ekimae Real Estate Stadium,Yoshimi Yamashita,Match Report,,2023
,34,Sun,2023-12-03,14:00 (01:00),Kashima Antlers,2–1,Yokohama FC,"20,336",Kashima Soccer Stadium,Yuichi Nishimura,Match Report,,2023
,34,Sun,2023-12-03,14:00 (01:00),Avispa Fukuoka,0–1,Sanfrecce Hiroshima,"18,309",Best Denki Stadium,Koichiro Fukushima,Match Report,,2023
,34,Sun,2023-12-03,14:46 (01:46),Grampus,1–1,Kashiwa Reysol,"18,475",Gifu Nagaragawa Stadium,Masuya Ueda,Match Report,,2023
,1,Fri,2024-02-23,14:00 (01:00),Sanfrecce Hiroshima,2–0,Urawa Reds,"27,545",Hot Staff Field Hiroshima,,Match Report,,2024
,1,Fri,2024-02-23,18:00 (05:00),Grampus,0–3,Kashima Antlers,"36,933",Toyota Stadium,,Match Report,,2024
,1,Sat,2024-02-24,13:00 (00:00),Júbilo Iwata,0–2,Vissel Kobe,"14,778",Yamaha Stadium,,Match Report,,2024
,1,Sat,2024-02-24,14:00 (01:00),Sagan Tosu,1–2,Albirex Niigata,"9,61",Ekimae Real Estate Stadium,,Match Report,,2024
,1,Sat,2024-02-24,14:00 (01:00),Avispa Fukuoka,0–0,Consa Sapporo,"9,445",Best Denki Stadium,,Match Report,,2024
,1,Sat,2024-02-24,15:00 (02:00),Machida Zelvia,1–1,Gamba Osaka,"13,506",Machida GION Stadium,,Match Report,,2024
,1,Sat,2024-02-24,15:00 (02:00),Cerezo Osaka,2–2,FC Tokyo,"20,705",Yodoko Sakura Stadium,,Match Report,,2024
,1,Sat,2024-02-24,15:00 (02:00),Shonan Bellmare,1–2,Kawasaki Frontale,"12,987",Lemon Gas Stadium Hiratsuka,,Match Report,,2024
,1,Sun,2024-02-25,14:00 (01:00),Kashiwa Reysol,1–1,Kyoto Sanga,"10,478",Sankyo Frontier Kashiwa Stadium,,Match Report,,2024
,1,Sun,2024-02-25,14:00 (01:00),Tokyo Verdy,1–2,Yokohama F. Marinos,"53,026",Japan National Stadium,,Match Report,,2024
,2,Fri,2024-03-01,19:00 (06:00),Yokohama F. Marinos,0–1,Avispa Fukuoka,"19,487",Nissan Stadium,,Match Report,,2024
,2,Fri,2024-03-01,19:00 (06:00),Kawasaki Frontale,4–5,Júbilo Iwata,"20,361",Kawasaki Todoroki Stadium,,Match Report,,2024
,2,Sat,2024-03-02,13:00 (00:00),Vissel Kobe,0–1,Kashiwa Reysol,"23,107",NOEVIR Stadium Kobe,,Match Report,,2024
,2,Sat,2024-03-02,14:00 (01:00),Grampus,0–1,Machida Zelvia,"30,145",Toyota Stadium,,Match Report,,2024
,2,Sat,2024-03-02,14:00 (01:00),Kyoto Sanga,1–2,Shonan Bellmare,"11,885",Sanga Stadium by Kyocera,,Match Report,,2024
,2,Sat,2024-03-02,14:00 (01:00),Sagan Tosu,4–0,Consa Sapporo,"7,346",Ekimae Real Estate Stadium,,Match Report,,2024
,2,Sat,2024-03-02,15:00 (02:00),FC Tokyo,1–1,Sanfrecce Hiroshima,"32,274",Ajinomoto Stadium,,Match Report,,2024
,2,Sat,2024-03-02,15:00 (02:00),Kashima Antlers,1–1,Cerezo Osaka,"24,664",Kashima Soccer Stadium,,Match Report,,2024
,2,Sat,2024-03-02,15:00 (02:00),Gamba Osaka,1–0,Albirex Niigata,"28,669",Panasonic Stadium Suita,,Match Report,,2024
,2,Sun,2024-03-03,16:00 (03:00),Urawa Reds,1–1,Tokyo Verdy,"50,863",Saitama Stadium 2002,,Match Report,,2024
,3,Sat,2024-03-09,14:00 (01:00),Machida Zelvia,1–0,Kashima Antlers,"11,901",Machida GION Stadium,,Match Report,,2024
,3,Sat,2024-03-09,14:00 (01:00),Júbilo Iwata,0–1,Kashiwa Reysol,"12,72",Yamaha Stadium,,Match Report,,2024
,3,Sat,2024-03-09,14:00 (01:00),Albirex Niigata,1–0,Grampus,"22,942",Denka Big Swan Stadium,,Match Report,,2024
,3,Sat,2024-03-09,15:00 (02:00),Sanfrecce Hiroshima,4–0,Sagan Tosu,"25,503",Hot Staff Field Hiroshima,,Match Report,,2024
,3,Sat,2024-03-09,15:00 (02:00),Avispa Fukuoka,1–1,Shonan Bellmare,"6,596",Best Denki Stadium,,Match Report,,2024
,3,Sat,2024-03-09,16:00 (03:00),FC Tokyo,1–2,Vissel Kobe,"24,974",Ajinomoto Stadium,,Match Report,,2024
,3,Sat,2024-03-09,16:00 (03:00),Kawasaki Frontale,0–1,Kyoto Sanga,"20,575",Kawasaki Todoroki Stadium,,Match Report,,2024
,3,Sat,2024-03-09,16:00 (03:00),Cerezo Osaka,2–1,Tokyo Verdy,"16,365",Yodoko Sakura Stadium,,Match Report,,2024
,3,Sun,2024-03-10,13:05 (00:05),Consa Sapporo,0–1,Urawa Reds,"18,942",Daiwa House Premist Dome,,Match Report,,2024
,4,Sat,2024-03-16,13:00 (00:00),Avispa Fukuoka,1–3,FC Tokyo,"8,043",Best Denki Stadium,,Match Report,,2024
,4,Sat,2024-03-16,14:00 (01:00),Vissel Kobe,0–0,Sanfrecce Hiroshima,"21,669",NOEVIR Stadium Kobe,,Match Report,,2024
,4,Sat,2024-03-16,14:00 (01:00),Consa Sapporo,1–2,Machida Zelvia,"14,607",Daiwa House Premist Dome,,Match Report,,2024
,4,Sat,2024-03-16,15:00 (02:00),Kashiwa Reysol,0–2,Grampus,"12,897",Sankyo Frontier Kashiwa Stadium,,Match Report,,2024
,4,Sat,2024-03-16,15:00 (02:00),Sagan Tosu,0–2,Cerezo Osaka,"9,345",Ekimae Real Estate Stadium,,Match Report,,2024
,4,Sat,2024-03-16,15:00 (02:00),Gamba Osaka,2–1,Júbilo Iwata,"24,341",Panasonic Stadium Suita,,Match Report,,2024
,4,Sat,2024-03-16,16:00 (03:00),Tokyo Verdy,2–2,Albirex Niigata,"17,055",Ajinomoto Stadium,,Match Report,,2024
,4,Sun,2024-03-17,14:00 (01:00),Kyoto Sanga,2–3,Yokohama F. Marinos,"12,937",Sanga Stadium by Kyocera,,Match Report,,2024
,4,Sun,2024-03-17,15:00 (02:00),Shonan Bellmare,4–4,Urawa Reds,"12,628",Lemon Gas Stadium Hiratsuka,,Match Report,,2024
,4,Sun,2024-03-17,15:00 (02:00),Kashima Antlers,2–1,Kawasaki Frontale,"24,947",Kashima Soccer Stadium,,Match Report,,2024
,5,Fri,2024-03-29,19:00 (06:00),Tokyo Verdy,2–2,Kyoto Sanga,"10,06",Ajinomoto Stadium,,Match Report,,2024
,5,Sat,2024-03-30,13:00 (00:00),Sanfrecce Hiroshima,1–1,Gamba Osaka,"25,683",Hot Staff Field Hiroshima,,Match Report,,2024
,5,Sat,2024-03-30,14:00 (01:00),Vissel Kobe,6–1,Consa Sapporo,"17,374",NOEVIR Stadium Kobe,,Match Report,,2024
,5,Sat,2024-03-30,14:00 (01:00),Albirex Niigata,1–1,Kashiwa Reysol,"20,359",Denka Big Swan Stadium,,Match Report,,2024
,5,Sat,2024-03-30,15:00 (02:00),Kashima Antlers,1–0,Júbilo Iwata,"21,069",Kashima Soccer Stadium,,Match Report,,2024
,5,Sat,2024-03-30,15:00 (02:00),Machida Zelvia,3–1,Sagan Tosu,"7,062",Machida GION Stadium,,Match Report,,2024
,5,Sat,2024-03-30,15:00 (02:00),Kawasaki Frontale,3–0,FC Tokyo,"22,543",Kawasaki Todoroki Stadium,,Match Report,,2024
,5,Sat,2024-03-30,15:00 (02:00),Urawa Reds,2–1,Avispa Fukuoka,"37,826",Saitama Stadium 2002,,Match Report,,2024
,5,Sat,2024-03-30,16:00 (03:00),Grampus,2–1,Yokohama F. Marinos,"31,844",Toyota Stadium,,Match Report,,2024
,5,Sat,2024-03-30,16:00 (03:00),Cerezo Osaka,2–0,Shonan Bellmare,"16,415",Yodoko Sakura Stadium,,Match Report,,2024
,6,Wed,2024-04-03,19:00 (06:00),Kashiwa Reysol,1–1,Cerezo Osaka,"8,081",Sankyo Frontier Kashiwa Stadium,,Match Report,,2024
,6,Wed,2024-04-03,19:00 (06:00),Gamba Osaka,0–0,Kyoto Sanga,"16,763",Panasonic Stadium Suita,,Match Report,,2024
,6,Wed,2024-04-03,19:00 (06:00),Sagan Tosu,0–0,Vissel Kobe,"6,734",Ekimae Real Estate Stadium,,Match Report,,2024
,6,Wed,2024-04-03,19:00 (06:00),Júbilo Iwata,2–0,Albirex Niigata,"8,355",Yamaha Stadium,,Match Report,,2024
,6,Wed,2024-04-03,19:00 (06:00),Machida Zelvia,1–2,Sanfrecce Hiroshima,"5,24",Machida GION Stadium,,Match Report,,2024
,6,Wed,2024-04-03,19:00 (06:00),Avispa Fukuoka,1–0,Kashima Antlers,"5,472",Best Denki Stadium,,Match Report,,2024
,6,Wed,2024-04-03,19:00 (06:00),Shonan Bellmare,1–2,Tokyo Verdy,"6,803",Lemon Gas Stadium Hiratsuka,,Match Report,,2024
,6,Wed,2024-04-03,19:00 (06:00),Yokohama F. Marinos,0–0,Kawasaki Frontale,"26,031",Nissan Stadium,,Match Report,,2024
,6,Wed,2024-04-03,19:30 (06:30),Consa Sapporo,1–2,Grampus,"9,564",Daiwa House Premist Dome,,Match Report,,2024
,6,Wed,2024-04-03,19:30 (06:30),FC Tokyo,2–1,Urawa Reds,"49,005",Japan National Stadium,,Match Report,,2024
,7,Sat,2024-04-06,14:00 (01:00),Consa Sapporo,1–0,Gamba Osaka,"10,827",Daiwa House Premist Dome,,Match Report,,2024
,7,Sun,2024-04-07,13:00 (00:00),Tokyo Verdy,1–1,Kashiwa Reysol,"13,606",Ajinomoto Stadium,,Match Report,,2024
,7,Sun,2024-04-07,14:00 (01:00),Sanfrecce Hiroshima,2–0,Shonan Bellmare,"25,515",Hot Staff Field Hiroshima,,Match Report,,2024
,7,Sun,2024-04-07,14:00 (01:00),Vissel Kobe,1–2,Yokohama F. Marinos,"23,456",NOEVIR Stadium Kobe,,Match Report,,2024
,7,Sun,2024-04-07,14:00 (01:00),Albirex Niigata,0–1,Cerezo Osaka,"19,833",Denka Big Swan Stadium,,Match Report,,2024
,7,Sun,2024-04-07,14:00 (01:00),Kyoto Sanga,0–3,Júbilo Iwata,"10,972",Sanga Stadium by Kyocera,,Match Report,,2024
,7,Sun,2024-04-07,15:00 (02:00),Grampus,0–0,Avispa Fukuoka,"23,134",Toyota Stadium,,Match Report,,2024
,7,Sun,2024-04-07,15:00 (02:00),Kawasaki Frontale,0–1,Machida Zelvia,"22,008",Kawasaki Todoroki Stadium,,Match Report,,2024
,7,Sun,2024-04-07,15:00 (02:00),Urawa Reds,3–0,Sagan Tosu,"28,576",Saitama Stadium 2002,,Match Report,,2024
,7,Sun,2024-04-07,17:00 (04:00),FC Tokyo,2–0,Kashima Antlers,"52,772",Japan National Stadium,,Match Report,,2024
,3,Wed,2024-04-10,19:00 (06:00),Yokohama F. Marinos,2–0,Gamba Osaka,"15,528",Nissan Stadium,,Match Report,,2024
,8,Fri,2024-04-12,19:00 (06:00),Kashiwa Reysol,1–0,Urawa Reds,"14,201",Sankyo Frontier Kashiwa Stadium,,Match Report,,2024
,8,Sat,2024-04-13,14:00 (01:00),Yokohama F. Marinos,2–2,Shonan Bellmare,"23,437",Nissan Stadium,,Match Report,,2024
,8,Sat,2024-04-13,14:00 (01:00),Albirex Niigata,1–1,Consa Sapporo,"17,936",Denka Big Swan Stadium,,Match Report,,2024
,8,Sat,2024-04-13,14:00 (01:00),Avispa Fukuoka,1–1,Sanfrecce Hiroshima,"8,533",Best Denki Stadium,,Match Report,,2024
,8,Sat,2024-04-13,14:00 (01:00),Júbilo Iwata,0–1,Grampus,"13,135",Yamaha Stadium,,Match Report,,2024
,8,Sat,2024-04-13,15:00 (02:00),Kashima Antlers,1–0,Kyoto Sanga,"13,781",Kashima Soccer Stadium,,Match Report,,2024
,8,Sat,2024-04-13,15:00 (02:00),Cerezo Osaka,1–0,Kawasaki Frontale,"18,786",Yodoko Sakura Stadium,,Match Report,,2024
,8,Sat,2024-04-13,15:00 (02:00),Machida Zelvia,1–2,Vissel Kobe,"39,08",Japan National Stadium,,Match Report,,2024
,8,Sat,2024-04-13,16:00 (03:00),Tokyo Verdy,2–2,FC Tokyo,"31,746",Ajinomoto Stadium,,Match Report,,2024
,8,Sun,2024-04-14,15:00 (02:00),Gamba Osaka,2–1,Sagan Tosu,"21,702",Panasonic Stadium Suita,,Match Report,,2024
,9,Sat,2024-04-20,14:00 (01:00),Kyoto Sanga,0–1,Albirex Niigata,"9,022",Sanga Stadium by Kyocera,,Match Report,,2024
,9,Sat,2024-04-20,14:00 (01:00),Consa Sapporo,1–1,Sanfrecce Hiroshima,"11,512",Daiwa House Premist Dome,,Match Report,,2024
,9,Sat,2024-04-20,14:00 (01:00),Sagan Tosu,4–2,Kashima Antlers,"8,357",Ekimae Real Estate Stadium,,Match Report,,2024
,9,Sat,2024-04-20,15:00 (02:00),Shonan Bellmare,0–1,Vissel Kobe,"10,618",Lemon Gas Stadium Hiratsuka,,Match Report,,2024
,9,Sat,2024-04-20,15:00 (02:00),Avispa Fukuoka,2–2,Júbilo Iwata,"6,254",Best Denki Stadium,,Match Report,,2024
,9,Sat,2024-04-20,16:00 (03:00),Kawasaki Frontale,0–0,Tokyo Verdy,"21,732",Kawasaki Todoroki Stadium,,Match Report,,2024
,9,Sat,2024-04-20,16:00 (03:00),Urawa Reds,0–1,Gamba Osaka,"41,377",Saitama Stadium 2002,,Match Report,,2024
,9,Sun,2024-04-21,15:00 (02:00),Grampus,2–1,Cerezo Osaka,"25,341",Toyota Stadium,,Match Report,,2024
,9,Sun,2024-04-21,15:00 (02:00),FC Tokyo,1–2,Machida Zelvia,"30,811",Ajinomoto Stadium,,Match Report,,2024
,10,Sat,2024-04-27,13:00 (00:00),Consa Sapporo,3–3,Shonan Bellmare,"16,26",Daiwa House Premist Dome,,Match Report,,2024
,10,Sat,2024-04-27,14:00 (01:00),Albirex Niigata,1–3,FC Tokyo,"24,438",Denka Big Swan Stadium,,Match Report,,2024
,10,Sat,2024-04-27,14:00 (01:00),Júbilo Iwata,2–0,Machida Zelvia,"12,982",Yamaha Stadium,,Match Report,,2024
,10,Sat,2024-04-27,14:00 (01:00),Vissel Kobe,0–1,Kyoto Sanga,"22,582",NOEVIR Stadium Kobe,,Match Report,,2024
,10,Sat,2024-04-27,15:00 (02:00),Cerezo Osaka,2–2,Yokohama F. Marinos,"18,147",Yodoko Sakura Stadium,,Match Report,,2024
,10,Sun,2024-04-28,14:00 (01:00),Sanfrecce Hiroshima,2–2,Kawasaki Frontale,"26,051",Hot Staff Field Hiroshima,,Match Report,,2024
,10,Sun,2024-04-28,14:00 (01:00),Tokyo Verdy,0–0,Avispa Fukuoka,"15,459",Ajinomoto Stadium,,Match Report,,2024
,10,Sun,2024-04-28,15:00 (02:00),Gamba Osaka,1–2,Kashima Antlers,"28,616",Panasonic Stadium Suita,,Match Report,,2024
,10,Sun,2024-04-28,15:00 (02:00),Urawa Reds,2–1,Grampus,"42,265",Saitama Stadium 2002,,Match Report,,2024
,10,Sun,2024-04-28,15:00 (02:00),Kashiwa Reysol,1–1,Sagan Tosu,"11,648",Sankyo Frontier Kashiwa Stadium,,Match Report,,2024
,11,Fri,2024-05-03,14:00 (01:00),Albirex Niigata,1–1,Sanfrecce Hiroshima,"25,854",Denka Big Swan Stadium,,Match Report,,2024
,11,Fri,2024-05-03,14:00 (01:00),Yokohama F. Marinos,1–1,Júbilo Iwata,"38,945",Nissan Stadium,,Match Report,,2024
,11,Fri,2024-05-03,15:00 (02:00),Machida Zelvia,2–0,Kashiwa Reysol,"12,064",Machida GION Stadium,,Match Report,,2024
,11,Fri,2024-05-03,15:00 (02:00),FC Tokyo,2–1,Kyoto Sanga,"26,77",Ajinomoto Stadium,,Match Report,,2024
,11,Fri,2024-05-03,15:00 (02:00),Cerezo Osaka,1–1,Consa Sapporo,"19,276",Yodoko Sakura Stadium,,Match Report,,2024
,11,Fri,2024-05-03,15:00 (02:00),Sagan Tosu,0–2,Tokyo Verdy,"13,076",Ekimae Real Estate Stadium,,Match Report,,2024
,11,Fri,2024-05-03,15:00 (02:00),Kashima Antlers,3–1,Shonan Bellmare,"26,924",Kashima Soccer Stadium,,Match Report,,2024
,11,Fri,2024-05-03,16:00 (03:00),Kawasaki Frontale,3–1,Urawa Reds,"23,457",Kawasaki Todoroki Stadium,,Match Report,,2024
,11,Fri,2024-05-03,16:00 (03:00),Avispa Fukuoka,1–0,Gamba Osaka,"10,791",Best Denki Stadium,,Match Report,,2024
,11,Fri,2024-05-03,19:00 (06:00),Grampus,0–2,Vissel Kobe,"38,955",Toyota Stadium,,Match Report,,2024
,12,Mon,2024-05-06,13:00 (00:00),Vissel Kobe,3–2,Albirex Niigata,"21,073",NOEVIR Stadium Kobe,,Match Report,,2024
,12,Mon,2024-05-06,13:00 (00:00),Tokyo Verdy,3–2,Júbilo Iwata,"18,959",Ajinomoto Stadium,,Match Report,,2024
,12,Mon,2024-05-06,13:05 (00:05),Gamba Osaka,1–0,Cerezo Osaka,"34,485",Panasonic Stadium Suita,,Match Report,,2024
,12,Mon,2024-05-06,14:00 (01:00),Kyoto Sanga,0–3,Machida Zelvia,"11,191",Sanga Stadium by Kyocera,,Match Report,,2024
,12,Mon,2024-05-06,14:00 (01:00),Avispa Fukuoka,1–1,Kawasaki Frontale,"9,174",Best Denki Stadium,,Match Report,,2024
,12,Mon,2024-05-06,14:00 (01:00),Consa Sapporo,1–2,FC Tokyo,"17,187",Daiwa House Premist Dome,,Match Report,,2024
,12,Mon,2024-05-06,15:00 (02:00),Sanfrecce Hiroshima,2–3,Grampus,"25,193",Hot Staff Field Hiroshima,,Match Report,,2024
,12,Mon,2024-05-06,16:00 (03:00),Shonan Bellmare,2–1,Sagan Tosu,"10,282",Lemon Gas Stadium Hiratsuka,,Match Report,,2024
,12,Mon,2024-05-06,16:00 (03:00),Kashiwa Reysol,1–2,Kashima Antlers,"13,384",Sankyo Frontier Kashiwa Stadium,,Match Report,,2024
,12,Mon,2024-05-06,17:00 (04:00),Urawa Reds,2–1,Yokohama F. Marinos,"40,579",Saitama Stadium 2002,,Match Report,,2024
,13,Sat,2024-05-11,14:00 (01:00),Kyoto Sanga,2–3,Avispa Fukuoka,"9,498",Sanga Stadium by Kyocera,,Match Report,,2024
,13,Sat,2024-05-11,14:00 (01:00),Júbilo Iwata,0–3,Sagan Tosu,"9,162",Yamaha Stadium,,Match Report,,2024
,13,Sat,2024-05-11,14:00 (01:00),Albirex Niigata,2–4,Urawa Reds,"24,652",Denka Big Swan Stadium,,Match Report,,2024
,13,Sat,2024-05-11,15:00 (02:00),Shonan Bellmare,0–0,Machida Zelvia,"11,519",Lemon Gas Stadium Hiratsuka,,Match Report,,2024
,13,Sat,2024-05-11,15:00 (02:00),Kawasaki Frontale,3–0,Consa Sapporo,"20,611",Kawasaki Todoroki Stadium,,Match Report,,2024
,13,Sat,2024-05-11,16:00 (03:00),Grampus,0–1,Gamba Osaka,"30,613",Toyota Stadium,,Match Report,,2024
,13,Sat,2024-05-11,16:00 (03:00),Cerezo Osaka,1–4,Vissel Kobe,"21,148",Yodoko Sakura Stadium,,Match Report,,2024
,13,Sat,2024-05-11,17:00 (04:00),FC Tokyo,3–3,Kashiwa Reysol,"22,325",Ajinomoto Stadium,,Match Report,,2024
,13,Sun,2024-05-12,13:05 (00:05),Kashima Antlers,3–3,Tokyo Verdy,"18,803",Kashima Soccer Stadium,,Match Report,,2024
,14,Wed,2024-05-15,19:00 (06:00),Sagan Tosu,5–2,Kawasaki Frontale,"6,222",Ekimae Real Estate Stadium,,Match Report,,2024
,14,Wed,2024-05-15,19:00 (06:00),Albirex Niigata,3–1,Yokohama F. Marinos,"15,065",Denka Big Swan Stadium,,Match Report,,2024
,14,Wed,2024-05-15,19:00 (06:00),Sanfrecce Hiroshima,1–3,Kashima Antlers,"25,302",Hot Staff Field Hiroshima,,Match Report,,2024
,14,Wed,2024-05-15,19:00 (06:00),Machida Zelvia,2–1,Cerezo Osaka,"6,546",Machida GION Stadium,,Match Report,,2024
,14,Wed,2024-05-15,19:00 (06:00),Vissel Kobe,1–0,Avispa Fukuoka,"10,961",NOEVIR Stadium Kobe,,Match Report,,2024
,14,Wed,2024-05-15,19:00 (06:00),Consa Sapporo,1–0,Júbilo Iwata,"7,702",Daiwa House Premist Dome,,Match Report,,2024
,14,Wed,2024-05-15,19:00 (06:00),Grampus,3–1,FC Tokyo,"14,553",Toyota Stadium,,Match Report,,2024
,14,Wed,2024-05-15,19:00 (06:00),Tokyo Verdy,0–0,Gamba Osaka,"13,445",Ajinomoto Stadium,,Match Report,,2024
,14,Wed,2024-05-15,19:00 (06:00),Kashiwa Reysol,2–1,Shonan Bellmare,"7,53",Sankyo Frontier Kashiwa Stadium,,Match Report,,2024
,14,Wed,2024-05-15,19:30 (06:30),Urawa Reds,3–0,Kyoto Sanga,"20,737",Saitama Stadium 2002,,Match Report,,2024
,15,Sat,2024-05-18,16:00 (03:00),Avispa Fukuoka,0–3,Cerezo Osaka,"9,327",Best Denki Stadium,,Match Report,,2024
,15,Sat,2024-05-18,19:00 (06:00),Sagan Tosu,0–2,Grampus,"8,325",Ekimae Real Estate Stadium,,Match Report,,2024
,15,Sun,2024-05-19,14:00 (01:00),Júbilo Iwata,1–1,Urawa Reds,"20,861",Shizuoka Stadium Ecopa,,Match Report,,2024
,15,Sun,2024-05-19,14:00 (01:00),Machida Zelvia,5–0,Tokyo Verdy,"12,027",Machida GION Stadium,,Match Report,,2024
,15,Sun,2024-05-19,14:00 (01:00),Kyoto Sanga,0–5,Sanfrecce Hiroshima,"12,753",Sanga Stadium by Kyocera,,Match Report,,2024
,15,Sun,2024-05-19,15:00 (02:00),Gamba Osaka,3–1,Kawasaki Frontale,"24,754",Panasonic Stadium Suita,Jumpei Iida,Match Report,,2024
,15,Sun,2024-05-19,15:00 (02:00),Kashima Antlers,1–0,Vissel Kobe,"20,39",Kashima Soccer Stadium,,Match Report,,2024
,15,Sun,2024-05-19,15:00 (02:00),FC Tokyo,1–1,Yokohama F. Marinos,"30,411",Ajinomoto Stadium,,Match Report,,2024
,15,Sun,2024-05-19,16:00 (03:00),Kashiwa Reysol,2–1,Consa Sapporo,"11,17",Sankyo Frontier Kashiwa Stadium,,Match Report,,2024
,15,Sun,2024-05-19,16:00 (03:00),Shonan Bellmare,2–1,Albirex Niigata,"11,427",Lemon Gas Stadium Hiratsuka,,Match Report,,2024
,16,Sat,2024-05-25,14:00 (01:00),Consa Sapporo,0–3,Kashima Antlers,"12,651",Daiwa House Premist Dome,,Match Report,,2024
,16,Sat,2024-05-25,14:00 (01:00),Júbilo Iwata,3–2,Shonan Bellmare,"13,491",Yamaha Stadium,,Match Report,,2024
,16,Sat,2024-05-25,16:00 (03:00),Albirex Niigata,1–2,Avispa Fukuoka,"20,197",Denka Big Swan Stadium,,Match Report,,2024
,16,Sat,2024-05-25,16:00 (03:00),Kawasaki Frontale,1–1,Kashiwa Reysol,"21,598",Kawasaki Todoroki Stadium,,Match Report,,2024
,16,Sun,2024-05-26,14:00 (01:00),Vissel Kobe,0–1,Tokyo Verdy,"22,104",NOEVIR Stadium Kobe,,Match Report,,2024
,16,Sun,2024-05-26,15:00 (02:00),Cerezo Osaka,1–1,Sanfrecce Hiroshima,"19,67",Yodoko Sakura Stadium,,Match Report,,2024
,16,Sun,2024-05-26,15:00 (02:00),Grampus,1–1,Kyoto Sanga,"23,405",Toyota Stadium,,Match Report,,2024
,16,Sun,2024-05-26,15:00 (02:00),FC Tokyo,0–1,Gamba Osaka,"27,972",Ajinomoto Stadium,,Match Report,,2024
,16,Sun,2024-05-26,16:00 (03:00),Urawa Reds,1–2,Machida Zelvia,"39,46",Saitama Stadium 2002,,Match Report,,2024
,9,Wed,2024-05-29,19:00 (06:00),Yokohama F. Marinos,4–0,Kashiwa Reysol,"14,732",Nissan Stadium,,Match Report,,2024
,17,Fri,2024-05-31,19:00 (06:00),Sagan Tosu,0–1,FC Tokyo,"7,528",Ekimae Real Estate Stadium,,Match Report,,2024
,17,Sat,2024-06-01,14:00 (01:00),Sanfrecce Hiroshima,2–0,Júbilo Iwata,"25,517",Hot Staff Field Hiroshima,,Match Report,,2024
,17,Sat,2024-06-01,15:00 (02:00),Kashima Antlers,3–2,Yokohama F. Marinos,"52,86",Japan National Stadium,,Match Report,,2024
,17,Sat,2024-06-01,15:00 (02:00),Machida Zelvia,1–3,Albirex Niigata,"10,411",Machida GION Stadium,,Match Report,,2024
,17,Sat,2024-06-01,15:00 (02:00),Shonan Bellmare,1–2,Gamba Osaka,"11,006",Lemon Gas Stadium Hiratsuka,,Match Report,,2024
,17,Sat,2024-06-01,16:00 (03:00),Urawa Reds,1–1,Vissel Kobe,"45,976",Saitama Stadium 2002,,Match Report,,2024
,17,Sat,2024-06-01,19:00 (06:00),Kyoto Sanga,1–1,Cerezo Osaka,"14,16",Sanga Stadium by Kyocera,,Match Report,,2024
,17,Sun,2024-06-02,13:05 (00:05),Tokyo Verdy,5–3,Consa Sapporo,"16,301",Ajinomoto Stadium,,Match Report,,2024
,17,Sun,2024-06-02,17:00 (04:00),Kawasaki Frontale,2–1,Grampus,"19,463",Kawasaki Todoroki Stadium,,Match Report,,2024
,17,Sun,2024-06-02,19:00 (06:00),Kashiwa Reysol,0–2,Avispa Fukuoka,"8,198",Sankyo Frontier Kashiwa Stadium,,Match Report,,2024
,18,Sat,2024-06-15,16:00 (03:00),Yokohama F. Marinos,1–3,Machida Zelvia,"37,396",Nissan Stadium,,Match Report,,2024
,18,Sat,2024-06-15,18:30 (05:30),Sanfrecce Hiroshima,4–1,Tokyo Verdy,"25,952",Hot Staff Field Hiroshima,,Match Report,,2024
,18,Sat,2024-06-15,19:00 (06:00),Kyoto Sanga,2–0,Consa Sapporo,"11,182",Sanga Stadium by Kyocera,,Match Report,,2024
,18,Sat,2024-06-15,19:00 (06:00),Cerezo Osaka,2–1,Urawa Reds,"19,798",Yodoko Sakura Stadium,,Match Report,,2024
,18,Sun,2024-06-16,14:00 (01:00),Vissel Kobe,1–0,Kawasaki Frontale,"49,541",Japan National Stadium,,Match Report,,2024
,18,Sun,2024-06-16,15:30 (02:30),Avispa Fukuoka,2–0,Sagan Tosu,"15,88",Best Denki Stadium,,Match Report,,2024
,18,Sun,2024-06-16,18:00 (05:00),Kashima Antlers,1–1,Albirex Niigata,"15,499",Kashima Soccer Stadium,,Match Report,,2024
,18,Sun,2024-06-16,18:00 (05:00),Grampus,1–1,Shonan Bellmare,"21,99",Toyota Stadium,,Match Report,,2024
,18,Sun,2024-06-16,18:00 (05:00),FC Tokyo,1–1,Júbilo Iwata,"24,58",Ajinomoto Stadium,,Match Report,,2024
,18,Sun,2024-06-16,18:00 (05:00),Gamba Osaka,2–1,Kashiwa Reysol,"20,953",Panasonic Stadium Suita,,Match Report,,2024
,13,Wed,2024-06-19,19:03 (06:03),Yokohama F. Marinos,3–2,Sanfrecce Hiroshima,"11,11",NHK Spring Mitsuzawa Football Stadium,,Match Report,,2024
,19,Sat,2024-06-22,15:00 (02:00),Machida Zelvia,0–0,Avispa Fukuoka,"9,092",Machida GION Stadium,,Match Report,,2024
,19,Sat,2024-06-22,18:00 (05:00),Tokyo Verdy,1–0,Grampus,"20,105",Ajinomoto Stadium,,Match Report,,2024
,19,Sat,2024-06-22,18:00 (05:00),Albirex Niigata,2–2,Kawasaki Frontale,"33,885",Denka Big Swan Stadium,,Match Report,,2024
,19,Sat,2024-06-22,18:30 (05:30),Gamba Osaka,2–1,Vissel Kobe,"32,366",Panasonic Stadium Suita,,Match Report,,2024
,19,Sat,2024-06-22,18:30 (05:30),Júbilo Iwata,1–1,Cerezo Osaka,"13,287",Yamaha Stadium,,Match Report,,2024
,19,Sat,2024-06-22,19:00 (06:00),Shonan Bellmare,0–1,FC Tokyo,"11,533",Lemon Gas Stadium Hiratsuka,,Match Report,,2024
,19,Sat,2024-06-22,19:00 (06:00),Kashiwa Reysol,0–1,Sanfrecce Hiroshima,"12,867",Sankyo Frontier Kashiwa Stadium,,Match Report,,2024
,19,Sat,2024-06-22,19:00 (06:00),Sagan Tosu,3–0,Kyoto Sanga,"6,635",Ekimae Real Estate Stadium,,Match Report,,2024
,19,Sat,2024-06-22,19:00 (06:00),Urawa Reds,2–2,Kashima Antlers,"48,638",Saitama Stadium 2002,,Match Report,,2024
,19,Sun,2024-06-23,14:00 (01:00),Consa Sapporo,0–1,Yokohama F. Marinos,"26,677",Daiwa House Premist Dome,,Match Report,,2024
,20,Wed,2024-06-26,19:00 (06:00),Júbilo Iwata,3–0,Tokyo Verdy,"9,772",Yamaha Stadium,,Match Report,,2024
,20,Wed,2024-06-26,19:00 (06:00),Kashima Antlers,0–0,Gamba Osaka,"11,848",Kashima Soccer Stadium,,Match Report,,2024
,20,Wed,2024-06-26,19:00 (06:00),Vissel Kobe,0–0,Machida Zelvia,"16,517",NOEVIR Stadium Kobe,,Match Report,,2024
,20,Wed,2024-06-26,19:00 (06:00),Kawasaki Frontale,1–1,Shonan Bellmare,"20,72",Kawasaki Todoroki Stadium,,Match Report,,2024
,20,Wed,2024-06-26,19:00 (06:00),Grampus,0–1,Urawa Reds,"15,796",Toyota Stadium,,Match Report,,2024
,20,Wed,2024-06-26,19:00 (06:00),FC Tokyo,1–0,Consa Sapporo,"15,828",Ajinomoto Stadium,,Match Report,,2024
,20,Wed,2024-06-26,19:00 (06:00),Avispa Fukuoka,2–1,Yokohama F. Marinos,"6,953",Best Denki Stadium,,Match Report,,2024
,20,Wed,2024-06-26,19:00 (06:00),Sanfrecce Hiroshima,1–1,Albirex Niigata,"22,774",Hot Staff Field Hiroshima,,Match Report,,2024
,20,Wed,2024-06-26,19:00 (06:00),Cerezo Osaka,1–0,Sagan Tosu,"11,04",Yodoko Sakura Stadium,,Match Report,,2024
,20,Wed,2024-06-26,19:00 (06:00),Kyoto Sanga,2–2,Kashiwa Reysol,"6,569",Sanga Stadium by Kyocera,,Match Report,,2024
,21,Sat,2024-06-29,14:00 (01:00),Consa Sapporo,0–1,Albirex Niigata,"13,859",Daiwa House Premist Dome,,Match Report,,2024
,21,Sat,2024-06-29,19:00 (06:00),Kawasaki Frontale,1–1,Sanfrecce Hiroshima,"22,393",Kawasaki Todoroki Stadium,,Match Report,,2024
,21,Sat,2024-06-29,19:00 (06:00),Yokohama F. Marinos,1–2,Tokyo Verdy,"26,134",Nissan Stadium,,Match Report,,2024
,21,Sun,2024-06-30,18:00 (05:00),Gamba Osaka,1–3,Machida Zelvia,"26,953",Panasonic Stadium Suita,,Match Report,,2024
,21,Sun,2024-06-30,18:00 (05:00),Cerezo Osaka,2–1,Grampus,"16,4",Yodoko Sakura Stadium,,Match Report,,2024
,21,Sun,2024-06-30,18:30 (05:30),FC Tokyo,0–1,Avispa Fukuoka,"20,133",Ajinomoto Stadium,,Match Report,,2024
,21,Sun,2024-06-30,18:30 (05:30),Urawa Reds,3–0,Júbilo Iwata,"32,079",Saitama Stadium 2002,,Match Report,,2024
,21,Sun,2024-06-30,19:00 (06:00),Sagan Tosu,1–4,Kashiwa Reysol,"5,886",Ekimae Real Estate Stadium,,Match Report,,2024
,21,Sun,2024-06-30,19:00 (06:00),Vissel Kobe,3–1,Kashima Antlers,"21,963",NOEVIR Stadium Kobe,,Match Report,,2024
,21,Sun,2024-06-30,19:00 (06:00),Shonan Bellmare,0–1,Kyoto Sanga,"9,516",Lemon Gas Stadium Hiratsuka,,Match Report,,2024
,16,Wed,2024-07-03,19:00 (06:00),Yokohama F. Marinos,0–1,Sagan Tosu,"8,504",NHK Spring Mitsuzawa Football Stadium,,Match Report,,2024
,22,Fri,2024-07-05,19:00 (06:00),Sanfrecce Hiroshima,1–3,Vissel Kobe,"25,119",Hot Staff Field Hiroshima,,Match Report,,2024
,22,Sat,2024-07-06,18:00 (05:00),Machida Zelvia,1–0,Grampus,"9,117",Machida GION Stadium,,Match Report,,2024
,22,Sat,2024-07-06,18:00 (05:00),Kashima Antlers,2–0,Consa Sapporo,"16,461",Kashima Soccer Stadium,,Match Report,,2024
,22,Sat,2024-07-06,18:30 (05:30),Urawa Reds,2–3,Shonan Bellmare,"16,787",Urawa Komaba Stadium,,Match Report,,2024
,22,Sat,2024-07-06,18:30 (05:30),Júbilo Iwata,2–2,Kawasaki Frontale,"13,153",Yamaha Stadium,,Match Report,,2024
,22,Sat,2024-07-06,18:30 (05:30),Albirex Niigata,3–4,Sagan Tosu,"23,217",Denka Big Swan Stadium,,Match Report,,2024
,22,Sat,2024-07-06,18:43 (05:43),Tokyo Verdy,1–1,Cerezo Osaka,"16,265",Ajinomoto Stadium,,Match Report,,2024
,22,Sat,2024-07-06,19:00 (06:00),Gamba Osaka,4–0,Yokohama F. Marinos,"26,335",Panasonic Stadium Suita,,Match Report,,2024
,22,Sat,2024-07-06,19:30 (06:30),Kashiwa Reysol,3–2,FC Tokyo,"11,804",Sankyo Frontier Kashiwa Stadium,,Match Report,,2024
,22,Sun,2024-07-07,19:00 (06:00),Avispa Fukuoka,1–2,Kyoto Sanga,"8,821",Best Denki Stadium,,Match Report,,2024
,23,Sat,2024-07-13,14:00 (01:00),Consa Sapporo,1–1,Vissel Kobe,"16,495",Daiwa House Premist Dome,,Match Report,,2024
,23,Sat,2024-07-13,19:00 (06:00),FC Tokyo,2–0,Albirex Niigata,"57,885",Japan National Stadium,,Match Report,,2024
,23,Sun,2024-07-14,18:00 (05:00),Grampus,2–1,Kashiwa Reysol,"31,961",Toyota Stadium,,Match Report,,2024
,23,Sun,2024-07-14,18:00 (05:00),Tokyo Verdy,0–1,Machida Zelvia,"22,48",Ajinomoto Stadium,,Match Report,,2024
,23,Sun,2024-07-14,18:30 (05:30),Kyoto Sanga,0–0,Urawa Reds,"18,73",Sanga Stadium by Kyocera,Keigo Sendachi,Match Report,,2024
,23,Sun,2024-07-14,18:30 (05:30),Sanfrecce Hiroshima,1–0,Avispa Fukuoka,"24,766",Hot Staff Field Hiroshima,,Match Report,,2024
,23,Sun,2024-07-14,19:00 (06:00),Kawasaki Frontale,1–1,Cerezo Osaka,"20,725",Kawasaki Todoroki Stadium,,Match Report,,2024
,23,Sun,2024-07-14,19:00 (06:00),Sagan Tosu,0–2,Gamba Osaka,"9,913",Ekimae Real Estate Stadium,Koji Takasaki,Match Report,,2024
,23,Sun,2024-07-14,19:00 (06:00),Shonan Bellmare,5–0,Júbilo Iwata,"12,113",Lemon Gas Stadium Hiratsuka,,Match Report,,2024
,23,Sun,2024-07-14,19:30 (06:30),Yokohama F. Marinos,4–1,Kashima Antlers,"31,463",Nissan Stadium,,Match Report,,2024
,24,Sat,2024-07-20,18:00 (05:00),Kashima Antlers,2–1,FC Tokyo,"24,304",Kashima Soccer Stadium,,Match Report,,2024
,24,Sat,2024-07-20,18:00 (05:00),Machida Zelvia,1–2,Yokohama F. Marinos,"46,401",Japan National Stadium,,Match Report,,2024
,24,Sat,2024-07-20,19:00 (06:00),Júbilo Iwata,1–2,Kyoto Sanga,"11,831",Yamaha Stadium,,Match Report,,2024
,24,Sat,2024-07-20,19:00 (06:00),Urawa Reds,3–4,Consa Sapporo,"35,429",Saitama Stadium 2002,,Match Report,,2024
,24,Sat,2024-07-20,19:00 (06:00),Avispa Fukuoka,0–1,Tokyo Verdy,"12,356",Best Denki Stadium,,Match Report,,2024
,24,Sat,2024-07-20,19:00 (06:00),Gamba Osaka,0–1,Shonan Bellmare,"22,655",Panasonic Stadium Suita,,Match Report,,2024
,24,Sat,2024-07-20,19:00 (06:00),Vissel Kobe,3–3,Grampus,"23,65",NOEVIR Stadium Kobe,,Match Report,,2024
,24,Sat,2024-07-20,19:00 (06:00),Cerezo Osaka,1–2,Albirex Niigata,"18,468",Yodoko Sakura Stadium,,Match Report,,2024
,24,Sat,2024-07-20,19:00 (06:00),Kashiwa Reysol,2–3,Kawasaki Frontale,"12,853",Sankyo Frontier Kashiwa Stadium,,Match Report,,2024
,24,Sun,2024-07-21,19:00 (06:00),Sagan Tosu,1–4,Sanfrecce Hiroshima,"12,144",Ekimae Real Estate Stadium,Akihiko Ikeuchi,Match Report,,2024
,25,Wed,2024-08-07,19:00 (06:00),Kyoto Sanga,3–2,Grampus,"14,924",Sanga Stadium by Kyocera,,Match Report,,2024
,25,Wed,2024-08-07,19:00 (06:00),Tokyo Verdy,0–1,Sanfrecce Hiroshima,"11,243",Ajinomoto Stadium,,Match Report,,2024
,25,Wed,2024-08-07,19:00 (06:00),Cerezo Osaka,0–0,Machida Zelvia,"15,232",Yodoko Sakura Stadium,,Match Report,,2024
,25,Wed,2024-08-07,19:00 (06:00),Shonan Bellmare,1–1,Avispa Fukuoka,"9,691",Lemon Gas Stadium Hiratsuka,,Match Report,,2024
,25,Wed,2024-08-07,19:00 (06:00),Kawasaki Frontale,3–0,Vissel Kobe,"18,318",Kawasaki Todoroki Stadium,,Match Report,,2024
,25,Wed,2024-08-07,19:00 (06:00),Kashima Antlers,3–0,Sagan Tosu,"14,106",Kashima Soccer Stadium,,Match Report,,2024
,25,Wed,2024-08-07,19:00 (06:00),Albirex Niigata,2–2,Júbilo Iwata,"17,861",Denka Big Swan Stadium,,Match Report,,2024
,25,Wed,2024-08-07,19:00 (06:00),Gamba Osaka,0–0,FC Tokyo,"19,298",Panasonic Stadium Suita,,Match Report,,2024
,25,Wed,2024-08-07,19:30 (06:30),Yokohama F. Marinos,3–2,Consa Sapporo,"18,574",Nissan Stadium,,Match Report,,2024
,26,Sat,2024-08-10,14:00 (01:00),Consa Sapporo,2–2,Avispa Fukuoka,"24,039",Daiwa House Premist Dome,Yudai Yamamoto,Match Report,,2024
,26,Sun,2024-08-11,18:00 (05:00),Machida Zelvia,0–1,Shonan Bellmare,"10,767",Machida GION Stadium,Masuya Ueda,Match Report,,2024
,26,Sun,2024-08-11,18:30 (05:30),Sanfrecce Hiroshima,2–0,Cerezo Osaka,"25,817",Hot Staff Field Hiroshima,Keigo Sendachi,Match Report,,2024
,26,Sun,2024-08-11,19:00 (06:00),FC Tokyo,0–3,Kawasaki Frontale,"37,452",Ajinomoto Stadium,Yuichi Nishimura,Match Report,,2024
,26,Sun,2024-08-11,19:00 (06:00),Júbilo Iwata,2–1,Kashima Antlers,"32,995",Shizuoka Stadium Ecopa,Atsushi Kamimura,Match Report,,2024
,26,Sun,2024-08-11,19:00 (06:00),Sagan Tosu,1–1,Urawa Reds,"14,972",Ekimae Real Estate Stadium,Futoshi Nakamura,Match Report,,2024
,26,Sun,2024-08-11,19:00 (06:00),Grampus,1–0,Tokyo Verdy,"40,498",Toyota Stadium,Takafumi Mikuriya,Match Report,,2024
,26,Sun,2024-08-11,19:00 (06:00),Kashiwa Reysol,0–0,Gamba Osaka,"13,549",Sankyo Frontier Kashiwa Stadium,Ryo Tanimoto,Match Report,,2024
,26,Sun,2024-08-11,19:30 (06:30),Yokohama F. Marinos,1–2,Vissel Kobe,"30,419",Nissan Stadium,,Match Report,,2024
,26,Mon,2024-08-12,19:00 (06:00),Albirex Niigata,2–0,Kyoto Sanga,"27,643",Denka Big Swan Stadium,Takuto Okabe,Match Report,,2024
,27,Fri,2024-08-16,19:30 (06:30),Consa Sapporo,5–3,Sagan Tosu,"18,051",Daiwa House Premist Dome,,Match Report,,2024
,27,Sat,2024-08-17,18:00 (05:00),Kashima Antlers,0–0,Urawa Reds,"33,295",Kashima Soccer Stadium,,Match Report,,2024
,27,Sat,2024-08-17,18:00 (05:00),Machida Zelvia,4–0,Júbilo Iwata,"12,306",Machida GION Stadium,,Match Report,,2024
,27,Sat,2024-08-17,19:00 (06:00),Shonan Bellmare,1–2,Kashiwa Reysol,"11,618",Lemon Gas Stadium Hiratsuka,,Match Report,,2024
,27,Sat,2024-08-17,19:00 (06:00),FC Tokyo,0–0,Tokyo Verdy,"39,921",Ajinomoto Stadium,,Match Report,,2024
,27,Sat,2024-08-17,19:00 (06:00),Vissel Kobe,2–2,Gamba Osaka,"26,654",NOEVIR Stadium Kobe,Yudai Yamamoto,Match Report,,2024
,27,Sat,2024-08-17,19:00 (06:00),Kawasaki Frontale,1–3,Yokohama F. Marinos,"22,85",Kawasaki Todoroki Stadium,Koichiro Fukushima,Match Report,,2024
,27,Sat,2024-08-17,19:00 (06:00),Grampus,1–2,Sanfrecce Hiroshima,"38,219",Toyota Stadium,,Match Report,,2024
,27,Sat,2024-08-17,19:00 (06:00),Cerezo Osaka,3–5,Kyoto Sanga,"19,019",Yodoko Sakura Stadium,Masuya Ueda,Match Report,,2024
,27,Sat,2024-08-17,19:30 (06:30),Avispa Fukuoka,0–1,Albirex Niigata,"8,524",Best Denki Stadium,,Match Report,,2024
,28,Sat,2024-08-24,18:30 (05:30),Gamba Osaka,2–2,Avispa Fukuoka,"33,878",Panasonic Stadium Suita,,Match Report,,2024
,28,Sat,2024-08-24,19:00 (06:00),Shonan Bellmare,0–1,Grampus,"12,797",Lemon Gas Stadium Hiratsuka,,Match Report,,2024
,28,Sat,2024-08-24,19:00 (06:00),Kyoto Sanga,3–0,FC Tokyo,"13,193",Sanga Stadium by Kyocera,,Match Report,,2024
,28,Sat,2024-08-24,19:00 (06:00),Yokohama F. Marinos,4–0,Cerezo Osaka,"47,926",Japan National Stadium,,Match Report,,2024
,28,Sun,2024-08-25,18:00 (05:00),Tokyo Verdy,2–1,Kashima Antlers,"24,814",Ajinomoto Stadium,Hiroki Kasahara,Match Report,,2024
,28,Sun,2024-08-25,18:30 (05:30),Sanfrecce Hiroshima,2–0,Kashiwa Reysol,"25,296",Hot Staff Field Hiroshima,Koki Nagamine,Match Report,,2024
,28,Sun,2024-08-25,19:00 (06:00),Vissel Kobe,2–0,Sagan Tosu,"18,875",NOEVIR Stadium Kobe,Akihiko Ikeuchi,Match Report,,2024
,28,Sun,2024-08-25,19:00 (06:00),Júbilo Iwata,0–2,Consa Sapporo,"10,684",Yamaha Stadium,Shū Kawamata,Match Report,,2024
,28,Sun,2024-08-25,19:00 (06:00),Albirex Niigata,0–0,Machida Zelvia,"18,588",Denka Big Swan Stadium,Takafumi Mikuriya,Match Report,,2024
,29,Sat,2024-08-31,18:00 (05:00),Machida Zelvia,2–2,Urawa Reds,"48,887",Japan National Stadium,Hiroyuki Kimura,Match Report,,2024
,29,Sat,2024-08-31,18:30 (05:30),Sanfrecce Hiroshima,3–2,FC Tokyo,"24,451",Hot Staff Field Hiroshima,Yūsuke Araki,Match Report,,2024
,29,Sat,2024-08-31,19:00 (06:00),Kashiwa Reysol,2–3,Tokyo Verdy,"12,692",Sankyo Frontier Kashiwa Stadium,Keigo Sendachi,Match Report,,2024
,29,Sat,2024-08-31,19:00 (06:00),Sagan Tosu,1–2,Shonan Bellmare,"10,097",Ekimae Real Estate Stadium,Jumpei Iida,Match Report,,2024
,29,Sun,2024-09-01,14:00 (01:00),Consa Sapporo,2–0,Kawasaki Frontale,"21,022",Daiwa House Premist Dome,Kōei Koya,Match Report,,2024
,29,Sun,2024-09-01,19:00 (06:00),Avispa Fukuoka,0–2,Vissel Kobe,"12,344",Best Denki Stadium,Yuichi Nishimura,Match Report,,2024
,30,Fri,2024-09-13,19:00 (06:00),Yokohama F. Marinos,1–2,Kyoto Sanga,"10,679",NHK Spring Mitsuzawa Football Stadium,Yuichi Nishimura,Match Report,,2024
,30,Fri,2024-09-13,19:00 (06:00),Vissel Kobe,2–1,Cerezo Osaka,"13,803",NOEVIR Stadium Kobe,Takafumi Mikuriya,Match Report,,2024
,30,Fri,2024-09-13,19:00 (06:00),Kawasaki Frontale,3–2,Sagan Tosu,"18,397",Kawasaki Todoroki Stadium,Koki Nagamine,Match Report,,2024
,30,Sat,2024-09-14,14:00 (01:00),Consa Sapporo,0–2,Tokyo Verdy,"19,105",Daiwa House Premist Dome,Masuya Ueda,Match Report,,2024
,30,Sat,2024-09-14,18:00 (05:00),Avispa Fukuoka,0–3,Machida Zelvia,"9,488",Best Denki Stadium,Yudai Yamamoto,Match Report,,2024
,30,Sat,2024-09-14,18:00 (05:00),Kashima Antlers,2–2,Sanfrecce Hiroshima,"22,448",Kashima Soccer Stadium,Akihiko Ikeuchi,Match Report,,2024
,30,Sat,2024-09-14,19:00 (06:00),Kashiwa Reysol,0–2,Júbilo Iwata,"13,005",Sankyo Frontier Kashiwa Stadium,Kōei Koya,Match Report,,2024
,30,Sat,2024-09-14,19:00 (06:00),FC Tokyo,4–1,Grampus,"55,896",Japan National Stadium,César Ramos,Match Report,,2024
,30,Sat,2024-09-14,19:00 (06:00),Albirex Niigata,3–1,Shonan Bellmare,"21,666",Denka Big Swan Stadium,Atsushi Kamimura,Match Report,,2024
,30,Sat,2024-09-14,19:00 (06:00),Gamba Osaka,0–1,Urawa Reds,"31,016",Panasonic Stadium Suita,Futoshi Nakamura,Match Report,,2024
,29,Wed,2024-09-18,19:00 (06:00),Grampus,3–0,Albirex Niigata,"10,083",Toyota Stadium,Yūsuke Ohashi,Match Report,,2024
,31,Sat,2024-09-21,18:00 (05:00),Kashima Antlers,0–0,Kashiwa Reysol,"21,384",Kashima Soccer Stadium,Koichiro Fukushima,Match Report,,2024
,31,Sat,2024-09-21,19:00 (06:00),Machida Zelvia,0–0,Consa Sapporo,"10,596",Machida GION Stadium,Yoshimi Yamashita,Match Report,,2024
,31,Sat,2024-09-21,19:00 (06:00),Júbilo Iwata,0–0,Avispa Fukuoka,"12,421",Yamaha Stadium,Takuto Okabe,Match Report,,2024
,31,Sat,2024-09-21,19:00 (06:00),Urawa Reds,0–2,FC Tokyo,"41,379",Saitama Stadium 2002,Ryo Tanimoto,Match Report,,2024
,31,Sun,2024-09-22,16:00 (03:00),Grampus,2–0,Kawasaki Frontale,"32,768",Toyota Stadium,Abdulhadi Al Asmar Al Ruaile,Match Report,,2024
,31,Sun,2024-09-22,18:00 (05:00),Tokyo Verdy,2–0,Sagan Tosu,"18,992",Ajinomoto Stadium,Yoshirō Imamura,Match Report,,2024
,31,Sun,2024-09-22,18:00 (05:00),Albirex Niigata,2–3,Vissel Kobe,"23,492",Denka Big Swan Stadium,Kōei Koya,Match Report,,2024
,31,Sun,2024-09-22,18:30 (05:30),Sanfrecce Hiroshima,6–2,Yokohama F. Marinos,"25,814",Hot Staff Field Hiroshima,César Arturo Ramos,Match Report,,2024
,31,Sun,2024-09-22,19:00 (06:00),Shonan Bellmare,1–2,Cerezo Osaka,"10,948",Lemon Gas Stadium Hiratsuka,Shū Kawamata,Match Report,,2024
,31,Sun,2024-09-22,19:00 (06:00),Kyoto Sanga,2–2,Gamba Osaka,"20,323",Sanga Stadium by Kyocera,Yūsuke Ohashi,Match Report,,2024
,32,Fri,2024-09-27,19:00 (06:00),Kawasaki Frontale,5–1,Albirex Niigata,"20,142",Kawasaki Todoroki Stadium,Futoshi Nakamura,Match Report,,2024
,32,Sat,2024-09-28,13:00 (00:00),Consa Sapporo,2–0,Kyoto Sanga,"17,86",Daiwa House Premist Dome,César Arturo Ramos,Match Report,,2024
,32,Sat,2024-09-28,16:00 (03:00),Grampus,2–0,Júbilo Iwata,"30,529",Toyota Stadium,Keigo Sendachi,Match Report,,2024
,32,Sat,2024-09-28,17:00 (04:00),Gamba Osaka,1–1,Tokyo Verdy,"27,424",Panasonic Stadium Suita,Takuto Okabe,Match Report,,2024
,32,Sat,2024-09-28,17:00 (04:00),Yokohama F. Marinos,1–3,FC Tokyo,"28,601",Nissan Stadium,Shū Kawamata,Match Report,,2024
,32,Sat,2024-09-28,18:00 (05:00),Cerezo Osaka,0–0,Kashiwa Reysol,"14,082",Yodoko Sakura Stadium,Hiroyuki Kimura,Match Report,,2024
,32,Sat,2024-09-28,19:00 (06:00),Vissel Kobe,1–0,Urawa Reds,"22,109",NOEVIR Stadium Kobe,Jumpei Iida,Match Report,,2024
,32,Sat,2024-09-28,19:00 (06:00),Sagan Tosu,0–0,Avispa Fukuoka,"17,563",Ekimae Real Estate Stadium,Abdulhadi Al Asmar Al Ruaile,Match Report,,2024
,32,Sat,2024-09-28,19:00 (06:00),Sanfrecce Hiroshima,2–0,Machida Zelvia,"26,655",Hot Staff Field Hiroshima,Yūsuke Araki,Match Report,,2024
,32,Sat,2024-09-28,19:00 (06:00),Shonan Bellmare,3–2,Kashima Antlers,"11,404",Lemon Gas Stadium Hiratsuka,Hayato Shimizu,Match Report,,2024
,29,Wed,2024-10-02,19:00 (06:00),Cerezo Osaka,1–0,Gamba Osaka,"21,962",Yodoko Sakura Stadium,Akihiko Ikeuchi,Match Report,,2024
,33,Fri,2024-10-04,19:00 (06:00),Avispa Fukuoka,1–0,Grampus,"7,67",Best Denki Stadium,Hayato Shimizu,Match Report,,2024
,33,Sat,2024-10-05,14:00 (01:00),Albirex Niigata,0–4,Kashima Antlers,"27,552",Denka Big Swan Stadium,Hiroyuki Kimura,Match Report,,2024
,33,Sat,2024-10-05,15:00 (02:00),Machida Zelvia,1–4,Kawasaki Frontale,"12,753",Machida GION Stadium,Yoshirō Imamura,Match Report,,2024
,33,Sat,2024-10-05,15:00 (02:00),FC Tokyo,1–1,Sagan Tosu,"21,14",Ajinomoto Stadium,Yudai Yamamoto,Match Report,,2024
,33,Sat,2024-10-05,16:00 (03:00),Urawa Reds,0–1,Cerezo Osaka,"32,129",Saitama Stadium 2002,Masuya Ueda,Match Report,,2024
,33,Sat,2024-10-05,16:00 (03:00),Kashiwa Reysol,1–0,Yokohama F. Marinos,"12,914",Sankyo Frontier Kashiwa Stadium,Jumpei Iida,Match Report,,2024
,33,Sat,2024-10-05,17:30 (04:30),Gamba Osaka,2–1,Consa Sapporo,"24,95",Panasonic Stadium Suita,Abdulhadi Al Asmar Al Ruaile,Match Report,,2024
,33,Sun,2024-10-06,14:00 (01:00),Kyoto Sanga,2–3,Vissel Kobe,"19,082",Sanga Stadium by Kyocera,Takuto Okabe,Match Report,,2024
,33,Sun,2024-10-06,16:00 (03:00),Júbilo Iwata,1–2,Sanfrecce Hiroshima,"12,099",Yamaha Stadium,Atsushi Kamimura,Match Report,,2024
,33,Sun,2024-10-06,16:00 (03:00),Tokyo Verdy,0–2,Shonan Bellmare,"19,01",Ajinomoto Stadium,Yūsuke Araki,Match Report,,2024
,34,Fri,2024-10-18,19:00 (06:00),Kawasaki Frontale,1–1,Gamba Osaka,"19,982",Kawasaki Todoroki Stadium,Yoshimi Yamashita,Match Report,,2024
,34,Fri,2024-10-18,19:00 (06:00),Vissel Kobe,0–2,FC Tokyo,"15,153",NOEVIR Stadium Kobe,Futoshi Nakamura,Match Report,,2024
,34,Fri,2024-10-18,19:30 (06:30),Yokohama F. Marinos,0–0,Albirex Niigata,"18,781",Nissan Stadium,Ryo Tanimoto,Match Report,,2024
,34,Sat,2024-10-19,14:00 (01:00),Grampus,0–2,Consa Sapporo,"33,587",Toyota Stadium,Atsushi Kamimura,Match Report,,2024
,34,Sat,2024-10-19,14:00 (01:00),Kashima Antlers,0–0,Avispa Fukuoka,"18,939",Kashima Soccer Stadium,Jumpei Iida,Match Report,,2024
,34,Sat,2024-10-19,14:00 (01:00),Kashiwa Reysol,1–1,Machida Zelvia,"13,895",Sankyo Frontier Kashiwa Stadium,Kōei Koya,Match Report,,2024
,34,Sat,2024-10-19,14:00 (01:00),Kyoto Sanga,2–0,Sagan Tosu,"12,861",Sanga Stadium by Kyocera,Koichiro Fukushima,Match Report,,2024
,34,Sat,2024-10-19,15:00 (02:00),Shonan Bellmare,2–1,Sanfrecce Hiroshima,"12,303",Lemon Gas Stadium Hiratsuka,Yudai Yamamoto,Match Report,,2024
,34,Sat,2024-10-19,15:00 (02:00),Cerezo Osaka,1–2,Júbilo Iwata,"17,021",Yodoko Sakura Stadium,Hayato Shimizu,Match Report,,2024
,34,Sat,2024-10-19,17:00 (04:00),Tokyo Verdy,2–1,Urawa Reds,"27,886",Ajinomoto Stadium,Yuichi Nishimura,Match Report,,2024
,35,Wed,2024-10-23,19:00 (06:00),Gamba Osaka,3–2,Grampus,"16,021",Panasonic Stadium Suita,Takuto Okabe,Match Report,,2024
,35,Wed,2024-10-23,19:00 (06:00),Albirex Niigata,0–2,Tokyo Verdy,"13,368",Denka Big Swan Stadium,Koji Takasaki,Match Report,,2024
,25,Wed,2024-10-23,19:30 (06:30),Urawa Reds,1–0,Kashiwa Reysol,"26,304",Saitama Stadium 2002,Koichiro Fukushima,Match Report,,2024
,35,Wed,2024-10-30,19:00 (06:00),Yokohama F. Marinos,0–0,Urawa Reds,"21,397",Nissan Stadium,Akihiko Ikeuchi,Match Report,,2024
,35,Fri,2024-11-01,19:00 (06:00),Kawasaki Frontale,1–3,Kashima Antlers,"20,834",Kawasaki Todoroki Stadium,Ryo Tanimoto,Match Report,,2024
,35,Fri,2024-11-01,19:00 (06:00),Vissel Kobe,2–0,Júbilo Iwata,"16,379",NOEVIR Stadium Kobe,Yudai Yamamoto,Match Report,,2024
,35,Sun,2024-11-03,13:00 (00:00),Consa Sapporo,1–1,Cerezo Osaka,"26,544",Daiwa House Premist Dome,Yoshirō Imamura,Match Report,,2024
,35,Sun,2024-11-03,13:00 (00:00),Sanfrecce Hiroshima,0–1,Kyoto Sanga,"26,521",Hot Staff Field Hiroshima,Akihiko Ikeuchi,Match Report,,2024
,35,Sun,2024-11-03,14:00 (01:00),Sagan Tosu,2–1,Machida Zelvia,"8,731",Ekimae Real Estate Stadium,Hayato Shimizu,Match Report,,2024
,35,Sun,2024-11-03,14:00 (01:00),FC Tokyo,0–2,Shonan Bellmare,"28,337",Ajinomoto Stadium,Masuya Ueda,Match Report,,2024
,35,Sun,2024-11-03,15:00 (01:00),Avispa Fukuoka,2–1,Kashiwa Reysol,"11,079",Best Denki Stadium,Futoshi Nakamura,Match Report,,2024
,36,Sat,2024-11-09,14:00 (01:00),Kyoto Sanga,1–1,Kawasaki Frontale,"15,643",Sanga Stadium by Kyocera,Hiroki Kasahara,Match Report,,2024
,36,Sat,2024-11-09,14:00 (01:00),Machida Zelvia,3–0,FC Tokyo,"45,288",Japan National Stadium,Yuichi Nishimura,Match Report,,2024
,36,Sat,2024-11-09,14:00 (01:00),Sagan Tosu,1–2,Yokohama F. Marinos,"9,479",Ekimae Real Estate Stadium,Jumpei Iida,Match Report,,2024
,36,Sat,2024-11-09,14:00 (01:00),Shonan Bellmare,1–1,Consa Sapporo,"12,6",Lemon Gas Stadium Hiratsuka,Ryo Tanimoto,Match Report,,2024
,36,Sat,2024-11-09,14:00 (01:00),Kashima Antlers,0–0,Grampus,"22,945",Kashima Soccer Stadium,Masuya Ueda,Match Report,,2024
,36,Sat,2024-11-09,15:00 (02:00),Kashiwa Reysol,1–1,Albirex Niigata,"14,472",Sankyo Frontier Kashiwa Stadium,Yūsuke Araki,Match Report,,2024
,36,Sat,2024-11-09,15:00 (02:00),Cerezo Osaka,1–0,Avispa Fukuoka,"15,458",Yodoko Sakura Stadium,Akihiko Ikeuchi,Match Report,,2024
,36,Sat,2024-11-09,15:00 (02:00),Júbilo Iwata,3–4,Gamba Osaka,"13,64",Yamaha Stadium,Yoshirō Imamura,Match Report,,2024
,36,Sun,2024-11-10,14:00 (01:00),Tokyo Verdy,1–1,Vissel Kobe,"21,709",Ajinomoto Stadium,Hiroyuki Kimura,Match Report,,2024
,36,Sun,2024-11-10,15:00 (02:00),Urawa Reds,3–0,Sanfrecce Hiroshima,"42,076",Saitama Stadium 2002,Kōei Koya,Match Report,,2024
,29,Sat,2024-11-16,14:00 (01:00),Júbilo Iwata,3–4,Yokohama F. Marinos,"13,214",Yamaha Stadium,Yoshimi Yamashita,Match Report,,2024
,29,Sun,2024-11-17,14:00 (01:00),Kyoto Sanga,0–0,Kashima Antlers,"15,205",Sanga Stadium by Kyocera,Ryo Tanimoto,Match Report,,2024
,28,Fri,2024-11-22,19:00 (06:00),Urawa Reds,1–1,Kawasaki Frontale,"35,188",Saitama Stadium 2002,Masuya Ueda,Match Report,,2024
,37,Sat,2024-11-30,14:00 (01:00),Cerezo Osaka,0–2,Kashima Antlers,"21,171",Yodoko Sakura Stadium,Kōei Koya,Match Report,,2024
,37,Sat,2024-11-30,14:00 (01:00),Kashiwa Reysol,1–1,Vissel Kobe,"13,7",Sankyo Frontier Kashiwa Stadium,Takafumi Mikuriya,Match Report,,2024
,37,Sat,2024-11-30,14:00 (01:00),Grampus,0–3,Sagan Tosu,"14,734",Gifu Nagaragawa Stadium,Koji Takasaki,Match Report,,2024
,37,Sat,2024-11-30,14:00 (01:00),Albirex Niigata,0–1,Gamba Osaka,"27,628",Denka Big Swan Stadium,Akihiko Ikeuchi,Match Report,,2024
,37,Sat,2024-11-30,14:00 (01:00),Machida Zelvia,1–0,Kyoto Sanga,"11,541",Machida GION Stadium,Futoshi Nakamura,Match Report,,2024
,37,Sat,2024-11-30,14:00 (01:00),Avispa Fukuoka,1–0,Urawa Reds,"17,161",Best Denki Stadium,Atsushi Kamimura,Match Report,,2024
,37,Sat,2024-11-30,14:00 (01:00),Tokyo Verdy,4–5,Kawasaki Frontale,"26,387",Ajinomoto Stadium,Yoshimi Yamashita,Match Report,,2024
,37,Sat,2024-11-30,14:00 (01:00),Shonan Bellmare,2–3,Yokohama F. Marinos,"13,192",Lemon Gas Stadium Hiratsuka,Yuichi Nishimura,Match Report,,2024
,37,Sat,2024-11-30,14:00 (01:00),Júbilo Iwata,2–1,FC Tokyo,"13,95",Yamaha Stadium,Takuto Okabe,Match Report,,2024
,37,Sun,2024-12-01,14:00 (01:00),Sanfrecce Hiroshima,5–1,Consa Sapporo,"27,105",Hot Staff Field Hiroshima,Koichiro Fukushima,Match Report,,2024
,38,Sun,2024-12-08,14:00 (01:00),Gamba Osaka,3–1,Sanfrecce Hiroshima,"34,653",Panasonic Stadium Suita,Hiroki Kasahara,Match Report,,2024
,38,Sun,2024-12-08,14:00 (01:00),Urawa Reds,0–0,Albirex Niigata,"55,184",Saitama Stadium 2002,Yuichi Nishimura,Match Report,,2024
,38,Sun,2024-12-08,14:00 (01:00),Consa Sapporo,1–0,Kashiwa Reysol,"21,721",Daiwa House Premist Dome,Yudai Yamamoto,Match Report,,2024
,38,Sun,2024-12-08,14:00 (01:00),Vissel Kobe,3–0,Shonan Bellmare,"27,444",NOEVIR Stadium Kobe,Yūsuke Araki,Match Report,,2024
,38,Sun,2024-12-08,14:00 (01:00),Sagan Tosu,3–0,Júbilo Iwata,"14,243",Ekimae Real Estate Stadium,Koichiro Fukushima,Match Report,,2024
,38,Sun,2024-12-08,14:00 (01:00),Yokohama F. Marinos,0–2,Grampus,"42,866",Nissan Stadium,Ryo Tanimoto,Match Report,,2024
,38,Sun,2024-12-08,14:00 (01:00),FC Tokyo,3–0,Cerezo Osaka,"32,787",Ajinomoto Stadium,Yoshimi Yamashita,Match Report,,2024
,38,Sun,2024-12-08,14:00 (01:00),Kyoto Sanga,0–0,Tokyo Verdy,"17,04",Sanga Stadium by Kyocera,Shū Kawamata,Match Report,,2024
,38,Sun,2024-12-08,14:00 (01:00),Kashima Antlers,3–1,Machida Zelvia,"32,84",Kashima Soccer Stadium,Hiroyuki Kimura,Match Report,,2024
,38,Sun,2024-12-08,14:00 (01:00),Kawasaki Frontale,3–1,Avispa Fukuoka,"23,603",Kawasaki Todoroki Stadium,Keigo Sendachi,Match Report,,2024
,1,Fri,2025-02-14,19:00 (06:00),Gamba Osaka,2–5,Cerezo Osaka,"34,86",Panasonic Stadium Suita,Hiroyuki Kimura,Match Report,,2025
,1,Sat,2025-02-15,14:00 (01:00),Fagiano Okayama,2–0,Kyoto Sanga,"14,575",JFE Sunny Country Stadium,Takafumi Mikuriya,Match Report,,2025
,1,Sat,2025-02-15,14:00 (01:00),Yokohama F. Marinos,1–1,Albirex Niigata,"32,713",Nissan Stadium,Koichiro Fukushima,Match Report,,2025
,1,Sat,2025-02-15,14:00 (01:00),Avispa Fukuoka,0–1,Kashiwa Reysol,"9,923",Best Denki Stadium,Kōei Koya,Match Report,,2025
,1,Sat,2025-02-15,14:00 (01:00),Yokohama FC,0–1,FC Tokyo,"12,195",NHK Spring Mitsuzawa Football Stadium,Atsushi Kamimura,Match Report,,2025
,1,Sat,2025-02-15,14:00 (01:00),Vissel Kobe,0–0,Urawa Reds,"22,266",NOEVIR Stadium Kobe,Yūsuke Araki,Match Report,,2025
,1,Sat,2025-02-15,15:00 (02:00),Kawasaki Frontale,4–0,Grampus,"23,005",Kawasaki Todoroki Stadium,Koji Takasaki,Match Report,,2025
,1,Sat,2025-02-15,15:00 (02:00),Shonan Bellmare,1–0,Kashima Antlers,"13,025",Lemon Gas Stadium Hiratsuka,Masuya Ueda,Match Report,,2025
,1,Sun,2025-02-16,14:00 (01:00),Machida Zelvia,1–2,Sanfrecce Hiroshima,"12,773",Machida GION Stadium,Yudai Yamamoto,Match Report,,2025
,1,Sun,2025-02-16,14:00 (01:00),Tokyo Verdy,0–1,Shimizu S-Pulse,"52,541",Japan National Stadium,Futoshi Nakamura,Match Report,,2025
,2,Sat,2025-02-22,14:00 (01:00),Shimizu S-Pulse,2–0,Albirex Niigata,"18,141",IAI Stadium Nihondaira,Koji Takasaki,Match Report,,2025
,2,Sat,2025-02-22,14:00 (01:00),Kyoto Sanga,1–1,Urawa Reds,"14,718",Sanga Stadium by Kyocera,Takuto Okabe,Match Report,,2025
,2,Sat,2025-02-22,14:00 (01:00),Kashiwa Reysol,1–1,Kawasaki Frontale,"13,695",Sankyo Frontier Kashiwa Stadium,Koichiro Fukushima,Match Report,,2025
,2,Sat,2025-02-22,14:00 (01:00),Grampus,2–2,Vissel Kobe,"31,088",Toyota Stadium,Hiroyuki Kimura,Match Report,,2025
,2,Sat,2025-02-22,14:00 (01:00),Yokohama FC,1–0,Fagiano Okayama,"7,274",NHK Spring Mitsuzawa Football Stadium,Yudai Yamamoto,Match Report,,2025
,2,Sat,2025-02-22,15:00 (02:00),Kashima Antlers,4–0,Tokyo Verdy,"26,021",Kashima Soccer Stadium,Akihiko Ikeuchi,Match Report,,2025
,2,Sat,2025-02-22,15:00 (02:00),FC Tokyo,0–1,Machida Zelvia,"29,545",Ajinomoto Stadium,Futoshi Nakamura,Match Report,,2025
,2,Sat,2025-02-22,15:00 (02:00),Gamba Osaka,2–1,Avispa Fukuoka,"22,614",Panasonic Stadium Suita,Shū Kawamata,Match Report,,2025
,2,Sat,2025-02-22,15:00 (02:00),Cerezo Osaka,1–2,Shonan Bellmare,"16,002",Yodoko Sakura Stadium,Keigo Sendachi,Match Report,,2025
,2,Sun,2025-02-23,00:00 (01:00),Sanfrecce Hiroshima,1–0,Yokohama F. Marinos,"27,123",Edion Peace Wing Hiroshima,Ryo Tanimoto,Match Report,,2025
,3,Wed,2025-02-26,19:00 (06:00),Fagiano Okayama,2–0,Gamba Osaka,"13,555",JFE Sunny Country Stadium,Koki Nagamine,Match Report,,2025
,3,Wed,2025-02-26,19:00 (06:00),Kashima Antlers,2–1,Albirex Niigata,"12,106",Kashima Soccer Stadium,Ryo Tanimoto,Match Report,,2025
,3,Wed,2025-02-26,19:00 (06:00),Kashiwa Reysol,2–1,Cerezo Osaka,"8,946",Sankyo Frontier Kashiwa Stadium,Masuya Ueda,Match Report,,2025
,3,Wed,2025-02-26,19:00 (06:00),Machida Zelvia,0–1,Tokyo Verdy,"6,825",Machida GION Stadium,Nathan Verboomen,Match Report,,2025
,3,Wed,2025-02-26,19:00 (06:00),FC Tokyo,3–1,Grampus,"14,971",Ajinomoto Stadium,Takafumi Mikuriya,Match Report,,2025
,3,Wed,2025-02-26,19:00 (06:00),Avispa Fukuoka,1–2,Kawasaki Frontale,"7,106",Best Denki Stadium,Hiroyuki Kimura,Match Report,,2025
,3,Wed,2025-02-26,19:00 (06:00),Shonan Bellmare,2–1,Urawa Reds,"11,351",Lemon Gas Stadium Hiratsuka,Yūsuke Ohashi,Match Report,,2025
,3,Wed,2025-02-26,19:00 (06:00),Vissel Kobe,1–1,Kyoto Sanga,"11,335",NOEVIR Stadium Kobe,Kōei Koya,Match Report,,2025
,3,Wed,2025-02-26,19:00 (06:00),Shimizu S-Pulse,1–1,Sanfrecce Hiroshima,"12,238",IAI Stadium Nihondaira,Akihiko Ikeuchi,Match Report,,2025
,3,Wed,2025-02-26,19:00 (06:00),Yokohama F. Marinos,0–0,Yokohama FC,"17,115",Nissan Stadium,Yūsuke Araki,Match Report,,2025
,4,Sat,2025-03-01,13:00 (00:00),Yokohama F. Marinos,1–1,Shonan Bellmare,"25,561",Nissan Stadium,Yoshirō Imamura,Match Report,,2025
,4,Sat,2025-03-01,14:00 (01:00),Kashima Antlers,2–0,FC Tokyo,"21,421",Kashima Soccer Stadium,Yūsuke Araki,Match Report,,2025
,4,Sat,2025-03-01,15:00 (02:00),Vissel Kobe,0–1,Avispa Fukuoka,"20,89",NOEVIR Stadium Kobe,Masuya Ueda,Match Report,,2025
,4,Sat,2025-03-01,15:00 (02:00),Kawasaki Frontale,0–1,Kyoto Sanga,"22,404",Kawasaki Todoroki Stadium,Yudai Yamamoto,Match Report,,2025
,4,Sun,2025-03-02,14:00 (01:00),Grampus,1–2,Machida Zelvia,"34,718",Toyota Stadium,Takuto Okabe,Match Report,,2025
,4,Sun,2025-03-02,14:00 (01:00),Albirex Niigata,2–2,Cerezo Osaka,"22,933",Denka Big Swan Stadium,Atsushi Kamimura,Match Report,,2025
,4,Sun,2025-03-02,14:00 (01:00),Tokyo Verdy,0–1,Gamba Osaka,"21,26",Ajinomoto Stadium,Keigo Sendachi,Match Report,,2025
,4,Sun,2025-03-02,14:00 (01:00),Fagiano Okayama,1–1,Shimizu S-Pulse,"13,33",JFE Sunny Country Stadium,Koichiro Fukushima,Match Report,,2025
,4,Sun,2025-03-02,14:30 (01:30),Sanfrecce Hiroshima,1–0,Yokohama FC,"25,043",Edion Peace Wing Hiroshima,Hayato Shimizu,Match Report,,2025
,4,Sun,2025-03-02,15:00 (02:00),Urawa Reds,0–2,Kashiwa Reysol,"51,009",Saitama Stadium 2002,Nathan Verboomen,Match Report,,2025
,5,Sat,2025-03-08,14:00 (01:00),Urawa Reds,1–0,Fagiano Okayama,"35,269",Saitama Stadium 2002,Kōei Koya,Match Report,,2025
,5,Sat,2025-03-08,14:05 (01:05),Albirex Niigata,2–2,Tokyo Verdy,"20,503",Denka Big Swan Stadium,Hiroyuki Kimura,Match Report,,2025
,5,Sat,2025-03-08,15:00 (02:00),Gamba Osaka,1–0,Shimizu S-Pulse,"29,071",Panasonic Stadium Suita,Ryo Tanimoto,Match Report,,2025
,5,Sat,2025-03-08,16:00 (03:00),Yokohama FC,0–2,Machida Zelvia,"7,934",NHK Spring Mitsuzawa Football Stadium,Koki Nagamine,Match Report,,2025
,5,Sat,2025-03-08,16:00 (03:00),FC Tokyo,0–0,Shonan Bellmare,"19,654",Ajinomoto Stadium,Akihiko Ikeuchi,Match Report,,2025
,5,Sat,2025-03-08,16:00 (03:00),Kashiwa Reysol,1–3,Kashima Antlers,"13,309",Sankyo Frontier Kashiwa Stadium,Takafumi Mikuriya,Match Report,,2025
,5,Sat,2025-03-08,16:00 (03:00),Cerezo Osaka,1–1,Grampus,"17,171",Yodoko Sakura Stadium,Nathan Verboomen,Match Report,,2025
,5,Sun,2025-03-09,14:00 (01:00),Kyoto Sanga,0–1,Avispa Fukuoka,"11,535",Sanga Stadium by Kyocera,Yoshirō Imamura,Match Report,,2025
,6,Sat,2025-03-15,14:00 (01:00),Avispa Fukuoka,1–0,FC Tokyo,"7,721",Best Denki Stadium,Hayato Shimizu,Match Report,,2025
,6,Sat,2025-03-15,14:00 (01:00),Yokohama FC,2–0,Cerezo Osaka,"6,431",NHK Spring Mitsuzawa Football Stadium,Yoshirō Imamura,Match Report,,2025
,6,Sat,2025-03-15,14:00 (01:00),Machida Zelvia,1–0,Albirex Niigata,"10,152",Machida GION Stadium,Koji Takasaki,Match Report,,2025
,6,Sat,2025-03-15,14:00 (01:00),Tokyo Verdy,2–1,Grampus,"16,3",Ajinomoto Stadium,Shū Kawamata,Match Report,,2025
,6,Sun,2025-03-16,13:00 (00:00),Shimizu S-Pulse,1–2,Kyoto Sanga,"14,012",IAI Stadium Nihondaira,Takafumi Mikuriya,Match Report,,2025
,6,Sun,2025-03-16,14:00 (01:00),Fagiano Okayama,0–0,Kawasaki Frontale,"13,699",JFE Sunny Country Stadium,Masuya Ueda,Match Report,,2025
,6,Sun,2025-03-16,14:00 (01:00),Yokohama F. Marinos,2–0,Gamba Osaka,"23,169",Nissan Stadium,Nathan Verboomen,Match Report,,2025
,6,Sun,2025-03-16,14:00 (01:00),Kashima Antlers,1–1,Urawa Reds,"31,574",Kashima Soccer Stadium,Futoshi Nakamura,Match Report,,2025
,6,Sun,2025-03-16,14:00 (01:00),Sanfrecce Hiroshima,1–1,Kashiwa Reysol,"25,283",Edion Peace Wing Hiroshima,Koki Nagamine,Match Report,,2025
,6,Sun,2025-03-16,15:00 (02:00),Shonan Bellmare,1–2,Vissel Kobe,"9,537",Lemon Gas Stadium Hiratsuka,Ryo Tanimoto,Match Report,,2025
,7,Fri,2025-03-28,19:00 (06:00),Cerezo Osaka,1–1,Urawa Reds,"18,366",Yodoko Sakura Stadium,Takafumi Mikuriya,Match Report,,2025
,7,Sat,2025-03-29,12:55 (23:55),Fagiano Okayama,1–0,Yokohama F. Marinos,"14,892",JFE Sunny Country Stadium,Yūsuke Ohashi,Match Report,,2025
,7,Sat,2025-03-29,13:00 (00:00),Shimizu S-Pulse,3–0,Shonan Bellmare,"17,684",IAI Stadium Nihondaira,Hiroyuki Kimura,Match Report,,2025
,7,Sat,2025-03-29,14:00 (01:00),Grampus,2–1,Yokohama FC,"32,226",Toyota Stadium,Futoshi Nakamura,Match Report,,2025
,7,Sat,2025-03-29,14:00 (01:00),Kashiwa Reysol,0–0,Tokyo Verdy,"11,888",Sankyo Frontier Kashiwa Stadium,Ryo Tanimoto,Match Report,,2025
,7,Sat,2025-03-29,14:00 (01:00),Kyoto Sanga,1–0,Sanfrecce Hiroshima,"14,393",Sanga Stadium by Kyocera,Yoshimi Yamashita,Match Report,,2025
,7,Sat,2025-03-29,14:00 (01:00),Albirex Niigata,3–3,Gamba Osaka,"20,497",Denka Big Swan Stadium,Masuya Ueda,Match Report,,2025
,7,Sat,2025-03-29,15:00 (02:00),Avispa Fukuoka,2–2,Machida Zelvia,"7,6",Best Denki Stadium,Akihiko Ikeuchi,Match Report,,2025
,7,Sat,2025-03-29,15:00 (02:00),Kashima Antlers,1–0,Vissel Kobe,"22,601",Kashima Soccer Stadium,Yudai Yamamoto,Match Report,,2025
,7,Sat,2025-03-29,17:00 (04:00),FC Tokyo,0–3,Kawasaki Frontale,"33,632",Ajinomoto Stadium,Koichiro Fukushima,Match Report,,2025
,8,Wed,2025-04-02,05:00 (06:00),Sanfrecce Hiroshima,1–0,Kashima Antlers,"24,868",Edion Peace Wing Hiroshima,Hiroki Kasahara,Match Report,,2025
,8,Wed,2025-04-02,19:00 (06:00),Kawasaki Frontale,2–0,Shonan Bellmare,"21,392",Kawasaki Todoroki Stadium,Yoshirō Imamura,Match Report,,2025
,8,Wed,2025-04-02,19:00 (06:00),Tokyo Verdy,2–2,FC Tokyo,"26,865",Ajinomoto Stadium,Fu Ming,Match Report,,2025
,8,Wed,2025-04-02,19:00 (06:00),Gamba Osaka,0–1,Machida Zelvia,"23,125",Panasonic Stadium Suita,Takafumi Mikuriya,Match Report,,2025
,8,Wed,2025-04-02,19:00 (06:00),Cerezo Osaka,2–1,Fagiano Okayama,"17,141",Yodoko Sakura Stadium,Takuto Okabe,Match Report,,2025
,8,Wed,2025-04-02,19:00 (06:00),Kyoto Sanga,1–1,Kashiwa Reysol,"9,059",Sanga Stadium by Kyocera,Hayato Shimizu,Match Report,,2025
,8,Wed,2025-04-02,19:00 (06:00),Albirex Niigata,0–1,Avispa Fukuoka,"13,627",Denka Big Swan Stadium,Keigo Sendachi,Match Report,,2025
,8,Wed,2025-04-02,19:00 (06:00),Yokohama FC,0–1,Vissel Kobe,"8,032",NHK Spring Mitsuzawa Football Stadium,Koichiro Fukushima,Match Report,,2025
,8,Wed,2025-04-02,19:00 (06:00),Grampus,2–0,Yokohama F. Marinos,"21,892",Toyota Stadium,Koji Takasaki,Match Report,,2025
,8,Wed,2025-04-02,19:30 (06:30),Urawa Reds,2–1,Shimizu S-Pulse,"25,326",Saitama Stadium 2002,Shū Kawamata,Match Report,,2025
,9,Sat,2025-04-05,14:00 (01:00),Yokohama F. Marinos,0–0,Tokyo Verdy,"24,17",Nissan Stadium,Yudai Yamamoto,Match Report,,2025
,9,Sun,2025-04-06,01:00 (02:00),Sanfrecce Hiroshima,2–1,Cerezo Osaka,"25,324",Edion Peace Wing Hiroshima,Yoshirō Imamura,Match Report,,2025
,9,Sun,2025-04-06,13:00 (00:00),Fagiano Okayama,1–0,FC Tokyo,"15,073",JFE Sunny Country Stadium,Futoshi Nakamura,Match Report,,2025
,9,Sun,2025-04-06,14:00 (01:00),Vissel Kobe,0–1,Albirex Niigata,"36,407",Japan National Stadium,Akihiko Ikeuchi,Match Report,,2025
,9,Sun,2025-04-06,14:00 (01:00),Yokohama FC,2–0,Shimizu S-Pulse,"9,106",NHK Spring Mitsuzawa Football Stadium,Yūsuke Ohashi,Match Report,,2025
,9,Sun,2025-04-06,14:00 (01:00),Machida Zelvia,2–2,Kawasaki Frontale,"11,974",Machida GION Stadium,Hiroyuki Kimura,Match Report,,2025
,9,Sun,2025-04-06,14:00 (01:00),Avispa Fukuoka,1–0,Urawa Reds,"11,683",Best Denki Stadium,Hiroki Kasahara,Match Report,,2025
,9,Sun,2025-04-06,15:00 (02:00),Shonan Bellmare,2–1,Grampus,"9,9",Lemon Gas Stadium Hiratsuka,Jumpei Iida,Match Report,,2025
,9,Sun,2025-04-06,15:00 (02:00),Kashiwa Reysol,1–0,Gamba Osaka,"12,833",Sankyo Frontier Kashiwa Stadium,Kōei Koya,Match Report,,2025
,9,Sun,2025-04-06,15:00 (02:00),Kashima Antlers,3–4,Kyoto Sanga,"16,859",Kashima Soccer Stadium,Masuya Ueda,Match Report,,2025
,5,Wed,2025-04-09,19:00 (06:00),Kawasaki Frontale,3–3,Yokohama F. Marinos,"21,478",Kawasaki Todoroki Stadium,Takafumi Mikuriya,Match Report,,2025
,10,Fri,2025-04-11,19:00 (06:00),FC Tokyo,1–1,Kashiwa Reysol,"43,813",Japan National Stadium,Hiroyuki Kimura,Match Report,,2025
,10,Sat,2025-04-12,00:00 (01:00),Sanfrecce Hiroshima,0–1,Fagiano Okayama,"26,135",Edion Peace Wing Hiroshima,Koji Takasaki,Match Report,,2025
,10,Sat,2025-04-12,14:00 (01:00),Avispa Fukuoka,2–1,Yokohama F. Marinos,"8,255",Best Denki Stadium,Jumpei Iida,Match Report,,2025
,10,Sat,2025-04-12,14:00 (01:00),Shimizu S-Pulse,1–1,Kawasaki Frontale,"17,629",IAI Stadium Nihondaira,Atsushi Kamimura,Match Report,,2025
,10,Sat,2025-04-12,14:00 (01:00),Gamba Osaka,2–0,Grampus,"28,074",Panasonic Stadium Suita,Ryo Tanimoto,Match Report,,2025
,10,Sat,2025-04-12,15:00 (02:00),Cerezo Osaka,1–0,Kashima Antlers,"19,41",Yodoko Sakura Stadium,Akihiko Ikeuchi,Match Report,,2025
,10,Sat,2025-04-12,15:00 (02:00),Tokyo Verdy,0–1,Vissel Kobe,"17,474",Ajinomoto Stadium,Futoshi Nakamura,Match Report,,2025
,10,Sat,2025-04-12,16:00 (03:00),Kyoto Sanga,2–0,Shonan Bellmare,"11,419",Sanga Stadium by Kyocera,Shū Kawamata,Match Report,,2025
,10,Sun,2025-04-13,14:00 (01:00),Machida Zelvia,0–2,Urawa Reds,"44,363",Japan National Stadium,Yudai Yamamoto,Match Report,,2025
,10,Sun,2025-04-13,14:00 (01:00),Albirex Niigata,0–0,Yokohama FC,"19,527",Denka Big Swan Stadium,Yoshimi Yamashita,Match Report,,2025
,12,Wed,2025-04-16,19:00 (06:00),Vissel Kobe,2–1,Kawasaki Frontale,"11,019",NOEVIR Stadium Kobe,Masuya Ueda,Match Report,,2025
,12,Wed,2025-04-16,19:00 (06:00),Yokohama F. Marinos,2–3,Shimizu S-Pulse,"16,785",Nissan Stadium,Akihiko Ikeuchi,Match Report,,2025
,20,Wed,2025-04-16,19:30 (06:30),Urawa Reds,2–1,Kyoto Sanga,"21,383",Saitama Stadium 2002,Takafumi Mikuriya,Match Report,,2025
,11,Sat,2025-04-19,14:00 (01:00),Albirex Niigata,1–2,Kyoto Sanga,"22,266",Denka Big Swan Stadium,Kōei Koya,Match Report,,2025
,11,Sun,2025-04-20,14:00 (01:00),Grampus,2–1,Sanfrecce Hiroshima,"29,072",Toyota Stadium,Takuto Okabe,Match Report,,2025
,11,Sun,2025-04-20,14:00 (01:00),Vissel Kobe,1–0,Machida Zelvia,"21,92",NOEVIR Stadium Kobe,Hiroki Kasahara,Match Report,,2025
,11,Sun,2025-04-20,14:00 (01:00),Fagiano Okayama,1–2,Kashima Antlers,"15,325",JFE Sunny Country Stadium,Keigo Sendachi,Match Report,,2025
,11,Sun,2025-04-20,14:00 (01:00),Yokohama FC,1–1,Gamba Osaka,"9,697",NHK Spring Mitsuzawa Football Stadium,Koji Takasaki,Match Report,,2025
,11,Sun,2025-04-20,14:00 (01:00),Shimizu S-Pulse,3–1,Avispa Fukuoka,"16,366",IAI Stadium Nihondaira,Yoshirō Imamura,Match Report,,2025
,11,Sun,2025-04-20,15:00 (02:00),Shonan Bellmare,0–1,Kashiwa Reysol,"11,936",Lemon Gas Stadium Hiratsuka,Yūsuke Ohashi,Match Report,,2025
,11,Sun,2025-04-20,15:00 (02:00),Cerezo Osaka,1–1,FC Tokyo,"16,113",Yodoko Sakura Stadium,Yudai Yamamoto,Match Report,,2025
,11,Sun,2025-04-20,15:00 (02:00),Kawasaki Frontale,0–0,Tokyo Verdy,"21,87",Kawasaki Todoroki Stadium,Akihiko Ikeuchi,Match Report,,2025
,11,Sun,2025-04-20,16:00 (03:00),Urawa Reds,3–1,Yokohama F. Marinos,"41,981",Saitama Stadium 2002,Futoshi Nakamura,Match Report,,2025
,12,Fri,2025-04-25,19:00 (06:00),Kyoto Sanga,2–1,Yokohama FC,"10,671",Sanga Stadium by Kyocera,Koki Nagamine,Match Report,,2025
,12,Fri,2025-04-25,19:00 (06:00),Machida Zelvia,0–1,Shonan Bellmare,"7,683",Machida GION Stadium,Futoshi Nakamura,Match Report,,2025
,12,Fri,2025-04-25,19:00 (06:00),Tokyo Verdy,1–0,Cerezo Osaka,"11,334",Ajinomoto Stadium,Ryo Tanimoto,Match Report,,2025
,12,Fri,2025-04-25,19:00 (06:00),Kashima Antlers,1–0,Grampus,"13,55",Kashima Soccer Stadium,Koichiro Fukushima,Match Report,,2025
,12,Fri,2025-04-25,19:00 (06:00),Avispa Fukuoka,1–1,Fagiano Okayama,"6,157",Best Denki Stadium,Hayato Shimizu,Match Report,,2025
,12,Fri,2025-04-25,19:30 (06:30),Urawa Reds,1–0,Sanfrecce Hiroshima,"28,555",Saitama Stadium 2002,Hiroyuki Kimura,Match Report,,2025
,12,Fri,2025-04-25,19:30 (06:30),FC Tokyo,3–0,Gamba Osaka,"44,519",Japan National Stadium,Jumpei Iida,Match Report,,2025
,12,Sat,2025-04-26,14:00 (01:00),Kashiwa Reysol,1–1,Albirex Niigata,"13,03",Sankyo Frontier Kashiwa Stadium,Takafumi Mikuriya,Match Report,,2025
,13,Tue,2025-04-29,13:05 (00:05),FC Tokyo,0–2,Shimizu S-Pulse,"33,769",Ajinomoto Stadium,Ryo Tanimoto,Match Report,,2025
,13,Tue,2025-04-29,14:00 (01:00),Sanfrecce Hiroshima,0–1,Albirex Niigata,"25,246",Edion Peace Wing Hiroshima,Shū Kawamata,Match Report,,2025
,13,Tue,2025-04-29,14:00 (01:00),Fagiano Okayama,0–1,Tokyo Verdy,"14,285",JFE Sunny Country Stadium,Koki Nagamine,Match Report,,2025
,13,Tue,2025-04-29,14:00 (01:00),Grampus,1–2,Kashiwa Reysol,"34,151",Toyota Stadium,Masuya Ueda,Match Report,,2025
,13,Tue,2025-04-29,14:00 (01:00),Yokohama FC,0–3,Kashima Antlers,"13,252",NHK Spring Mitsuzawa Football Stadium,Jumpei Iida,Match Report,,2025
,13,Tue,2025-04-29,15:00 (02:00),Gamba Osaka,2–1,Kyoto Sanga,"30,62",Panasonic Stadium Suita,Yudai Yamamoto,Match Report,,2025
,13,Tue,2025-04-29,15:00 (02:00),Shonan Bellmare,0–0,Avispa Fukuoka,"11,644",Lemon Gas Stadium Hiratsuka,Yoshimi Yamashita,Match Report,,2025
,13,Tue,2025-04-29,15:00 (02:00),Cerezo Osaka,1–2,Machida Zelvia,"18,03",Yodoko Sakura Stadium,Kōei Koya,Match Report,,2025
,14,Sat,2025-05-03,13:00 (00:00),Sanfrecce Hiroshima,2–1,Avispa Fukuoka,"25,631",Edion Peace Wing Hiroshima,Koki Nagamine,Match Report,,2025
,14,Sat,2025-05-03,14:00 (01:00),Shimizu S-Pulse,0–3,Grampus,"52,847",Japan National Stadium,Hiroki Kasahara,Match Report,,2025
,14,Sat,2025-05-03,14:00 (01:00),Albirex Niigata,2–3,FC Tokyo,"30,272",Denka Big Swan Stadium,Yūsuke Ohashi,Match Report,,2025
,14,Sat,2025-05-03,15:00 (02:00),Gamba Osaka,4–0,Shonan Bellmare,"28,352",Panasonic Stadium Suita,Akihiko Ikeuchi,Match Report,,2025
,14,Sat,2025-05-03,15:00 (02:00),Kashima Antlers,1–0,Machida Zelvia,"33,762",Kashima Soccer Stadium,Takafumi Mikuriya,Match Report,,2025
,14,Sat,2025-05-03,15:00 (02:00),Urawa Reds,2–0,Tokyo Verdy,"52,429",Saitama Stadium 2002,Yoshirō Imamura,Match Report,,2025
,14,Sat,2025-05-03,15:00 (02:00),Vissel Kobe,2–0,Fagiano Okayama,"25,596",NOEVIR Stadium Kobe,Koichiro Fukushima,Match Report,,2025
,14,Sat,2025-05-03,19:00 (06:00),Kyoto Sanga,2–3,Cerezo Osaka,"18,452",Sanga Stadium by Kyocera,Futoshi Nakamura,Match Report,,2025
,15,Tue,2025-05-06,14:00 (01:00),Vissel Kobe,1–3,Cerezo Osaka,"24,891",NOEVIR Stadium Kobe,Jumpei Iida,Match Report,,2025
,15,Tue,2025-05-06,14:00 (01:00),Urawa Reds,0–1,Gamba Osaka,"41,77",Saitama Stadium 2002,Kōei Koya,Match Report,,2025
,15,Tue,2025-05-06,14:00 (01:00),Avispa Fukuoka,0–1,Kashima Antlers,"14,039",Best Denki Stadium,Masuya Ueda,Match Report,,2025
,15,Tue,2025-05-06,14:00 (01:00),Grampus,0–0,Fagiano Okayama,"24,867",Toyota Stadium,Atsushi Kamimura,Match Report,,2025
,15,Tue,2025-05-06,16:00 (03:00),Kashiwa Reysol,1–0,Shimizu S-Pulse,"11,747",Sankyo Frontier Kashiwa Stadium,Shū Kawamata,Match Report,,2025
,15,Tue,2025-05-06,16:00 (03:00),Tokyo Verdy,2–0,Yokohama FC,"14,258",Ajinomoto Stadium,Keigo Sendachi,Match Report,,2025
,15,Wed,2025-05-07,19:00 (06:00),Shonan Bellmare,0–1,Sanfrecce Hiroshima,"8,871",Lemon Gas Stadium Hiratsuka,Yudai Yamamoto,Match Report,,2025
,15,Wed,2025-05-07,19:00 (06:00),Machida Zelvia,1–2,Kyoto Sanga,"7,183",Machida GION Stadium,Koji Takasaki,Match Report,,2025
,16,Sat,2025-05-10,14:00 (01:00),Yokohama FC,1–0,Avispa Fukuoka,"8,311",NHK Spring Mitsuzawa Football Stadium,Atsushi Kamimura,Match Report,,2025
,16,Sat,2025-05-10,15:00 (02:00),FC Tokyo,1–0,Vissel Kobe,"24,837",Ajinomoto Stadium,Takuto Okabe,Match Report,,2025
,16,Sat,2025-05-10,16:00 (03:00),Kashiwa Reysol,2–0,Fagiano Okayama,"12,414",Sankyo Frontier Kashiwa Stadium,Jumpei Iida,Match Report,,2025
,16,Sun,2025-05-11,13:05 (00:05),Shimizu S-Pulse,2–2,Machida Zelvia,"16,741",IAI Stadium Nihondaira,Yoshimi Yamashita,Match Report,,2025
,16,Sun,2025-05-11,13:05 (00:05),Kashima Antlers,2–1,Kawasaki Frontale,"59,574",Japan National Stadium,Futoshi Nakamura,Match Report,,2025
,16,Sun,2025-05-11,14:00 (01:00),Kyoto Sanga,1–1,Grampus,"16,994",Sanga Stadium by Kyocera,Hiroyuki Kimura,Match Report,,2025
,16,Sun,2025-05-11,14:05 (01:05),Albirex Niigata,1–1,Urawa Reds,"27,412",Denka Big Swan Stadium,Koji Takasaki,Match Report,,2025
,16,Sun,2025-05-11,15:00 (02:00),Tokyo Verdy,0–2,Shonan Bellmare,"14,801",Ajinomoto Stadium,Hayato Shimizu,Match Report,,2025
,16,Sun,2025-05-11,15:00 (02:00),Cerezo Osaka,1–0,Yokohama F. Marinos,"18,797",Yodoko Sakura Stadium,Hiroki Kasahara,Match Report,,2025
,16,Sun,2025-05-11,15:00 (02:00),Gamba Osaka,0–1,Sanfrecce Hiroshima,"30,633",Panasonic Stadium Suita,Koichiro Fukushima,Match Report,,2025
,14,Wed,2025-05-14,19:00 (06:00),Yokohama F. Marinos,0–2,Kashiwa Reysol,"14,513",Nissan Stadium,Koki Nagamine,Match Report,,2025
,14,Wed,2025-05-14,19:00 (06:00),Kawasaki Frontale,2–1,Yokohama FC,"20,175",Kawasaki Todoroki Stadium,Yūsuke Araki,Match Report,,2025
,17,Sat,2025-05-17,14:00 (01:00),Sanfrecce Hiroshima,2–1,Tokyo Verdy,"24,837",Edion Peace Wing Hiroshima,Takafumi Mikuriya,Match Report,,2025
,17,Sat,2025-05-17,14:00 (01:00),Vissel Kobe,3–2,Gamba Osaka,"23,275",NOEVIR Stadium Kobe,Ryo Tanimoto,Match Report,,2025
,17,Sat,2025-05-17,14:00 (01:00),Machida Zelvia,3–0,Kashiwa Reysol,"8,741",Machida GION Stadium,Akihiko Ikeuchi,Match Report,,2025
,17,Sat,2025-05-17,14:00 (01:00),Yokohama F. Marinos,0–3,Kyoto Sanga,"20,786",Nissan Stadium,Martin Petersen,Match Report,,2025
,17,Sat,2025-05-17,14:30 (01:30),Avispa Fukuoka,1–1,Grampus,"7,37",Best Denki Stadium,Kōei Koya,Match Report,,2025
,17,Sat,2025-05-17,15:00 (02:00),Kashima Antlers,1–0,Shimizu S-Pulse,"20,864",Kashima Soccer Stadium,Florian Badstübner,Match Report,,2025
,17,Sat,2025-05-17,15:00 (02:00),Shonan Bellmare,0–1,Yokohama FC,"8,476",Lemon Gas Stadium Hiratsuka,Hiroyuki Kimura,Match Report,,2025
,17,Sat,2025-05-17,16:00 (03:00),Urawa Reds,3–2,FC Tokyo,"36,002",Saitama Stadium 2002,Yudai Yamamoto,Match Report,,2025
,17,Sun,2025-05-18,15:00 (02:00),Fagiano Okayama,2–1,Albirex Niigata,"14,666",JFE Sunny Country Stadium,Masuya Ueda,Match Report,,2025
,17,Sun,2025-05-18,15:00 (02:00),Kawasaki Frontale,2–0,Cerezo Osaka,"22,07",Kawasaki Todoroki Stadium,Yūsuke Ohashi,Match Report,,2025
,13,Wed,2025-05-21,19:00 (06:00),Kawasaki Frontale,2–2,Urawa Reds,"20,302",Kawasaki Todoroki Stadium,Jumpei Iida,Match Report,,2025
,13,Wed,2025-05-21,19:00 (06:00),Yokohama F. Marinos,1–2,Vissel Kobe,"15,373",Nissan Stadium,Futoshi Nakamura,Match Report,,2025
,18,Sat,2025-05-24,15:00 (02:00),Cerezo Osaka,2–0,Avispa Fukuoka,"14,693",Yodoko Sakura Stadium,Yūsuke Araki,Match Report,,2025
,18,Sat,2025-05-24,17:30 (04:30),Grampus,2–1,Urawa Reds,"31,001",Toyota Stadium,Akihiko Ikeuchi,Match Report,,2025
,18,Sun,2025-05-25,13:00 (00:00),Fagiano Okayama,2–2,Machida Zelvia,"14,022",JFE Sunny Country Stadium,Ryo Tanimoto,Match Report,,2025
,18,Sun,2025-05-25,14:00 (01:00),Yokohama F. Marinos,3–1,Kashima Antlers,"32,443",Nissan Stadium,Koichiro Fukushima,Match Report,,2025
,18,Sun,2025-05-25,14:00 (01:00),Albirex Niigata,2–1,Shonan Bellmare,"18,426",Denka Big Swan Stadium,Martin Petersen,Match Report,,2025
,18,Sun,2025-05-25,14:00 (01:00),Shimizu S-Pulse,3–2,Vissel Kobe,"17,528",IAI Stadium Nihondaira,Hayato Shimizu,Match Report,,2025
,18,Sun,2025-05-25,14:00 (01:00),Yokohama FC,1–1,Kashiwa Reysol,"8,779",NHK Spring Mitsuzawa Football Stadium,Yoshirō Imamura,Match Report,,2025
,18,Sun,2025-05-25,15:00 (02:00),Tokyo Verdy,1–0,Kyoto Sanga,"13,252",Ajinomoto Stadium,Hiroki Kasahara,Match Report,,2025
,18,Sun,2025-05-25,15:00 (02:00),FC Tokyo,0–3,Sanfrecce Hiroshima,"46,206",Japan National Stadium,Florian Badstübner,Match Report,,2025
,18,Sun,2025-05-25,16:00 (03:00),Kawasaki Frontale,2–2,Gamba Osaka,"21,44",Kawasaki Todoroki Stadium,Keigo Sendachi,Match Report,,2025
,22,Wed,2025-05-28,19:30 (06:30),Urawa Reds,0–0,Cerezo Osaka,"24,697",Saitama Stadium 2002,Shū Kawamata,Match Report,,2025
,19,Sat,2025-05-31,14:00 (01:00),Avispa Fukuoka,0–0,Tokyo Verdy,"7,409",Best Denki Stadium,Florian Badstübner,Match Report,,2025
,19,Sat,2025-05-31,14:00 (01:00),Grampus,3–0,Albirex Niigata,"23,541",Toyota Stadium,Yudai Yamamoto,Match Report,,2025
,19,Sat,2025-05-31,14:00 (01:00),Machida Zelvia,0–3,Yokohama F. Marinos,"10,289",Machida GION Stadium,Fu Ming,Match Report,,2025
,19,Sat,2025-05-31,16:00 (03:00),Kashiwa Reysol,1–3,Vissel Kobe,"12,989",Sankyo Frontier Kashiwa Stadium,Yūsuke Araki,Match Report,,2025
,19,Sat,2025-05-31,17:30 (04:30),Sanfrecce Hiroshima,1–2,Kawasaki Frontale,"25,909",Edion Peace Wing Hiroshima,Martin Petersen,Match Report,,2025
,19,Sat,2025-05-31,18:00 (05:00),Gamba Osaka,0–1,Kashima Antlers,"32,013",Panasonic Stadium Suita,Takafumi Mikuriya,Match Report,,2025
,19,Sat,2025-05-31,19:00 (06:00),Kyoto Sanga,3–0,FC Tokyo,"16,302",Sanga Stadium by Kyocera,Yoshirō Imamura,Match Report,,2025
,19,Sun,2025-06-01,15:00 (02:00),Shonan Bellmare,1–1,Fagiano Okayama,"11,696",Lemon Gas Stadium Hiratsuka,Atsushi Kamimura,Match Report,,2025
,19,Sun,2025-06-01,15:00 (02:00),Cerezo Osaka,4–2,Shimizu S-Pulse,"20,864",Yodoko Sakura Stadium,Hiroyuki Kimura,Match Report,,2025
,19,Sun,2025-06-01,16:00 (03:00),Urawa Reds,2–1,Yokohama FC,"39,995",Saitama Stadium 2002,Hiroki Kasahara,Match Report,,2025
,20,Sat,2025-06-14,17:30 (04:30),Shonan Bellmare,1–2,Machida Zelvia,"10,745",Lemon Gas Stadium Hiratsuka,Hiroki Kasahara,Match Report,,2025
,20,Sat,2025-06-14,18:00 (05:00),Yokohama FC,0–1,Kawasaki Frontale,"11,188",NHK Spring Mitsuzawa Football Stadium,Masuya Ueda,Match Report,,2025
,20,Sat,2025-06-14,18:00 (05:00),Kashima Antlers,1–1,Sanfrecce Hiroshima,"22,725",Kashima Soccer Stadium,Ryo Tanimoto,Match Report,,2025
,20,Sat,2025-06-14,19:00 (06:00),FC Tokyo,2–2,Cerezo Osaka,"24,572",Ajinomoto Stadium,Yūsuke Araki,Match Report,,2025
,20,Sun,2025-06-15,14:00 (01:00),Albirex Niigata,1–0,Yokohama F. Marinos,"30,474",Denka Big Swan Stadium,Takafumi Mikuriya,Match Report,,2025
,20,Sun,2025-06-15,18:00 (05:00),Fagiano Okayama,0–1,Avispa Fukuoka,"14,653",JFE Sunny Country Stadium,Łukasz Kuźma,Match Report,,2025
,20,Sun,2025-06-15,18:00 (05:00),Vissel Kobe,2–1,Grampus,"22,175",NOEVIR Stadium Kobe,Robert Jones,Match Report,,2025
,20,Sun,2025-06-15,18:00 (05:00),Tokyo Verdy,0–3,Kashiwa Reysol,"15,375",Ajinomoto Stadium,Koichiro Fukushima,Match Report,,2025
,20,Sun,2025-06-15,18:30 (05:30),Shimizu S-Pulse,0–0,Gamba Osaka,"16,401",IAI Stadium Nihondaira,Koji Takasaki,Match Report,,2025
,21,Sat,2025-06-21,16:00 (03:00),Machida Zelvia,2–1,Kashima Antlers,"13,828",Machida GION Stadium,Yudai Yamamoto,Match Report,,2025
,21,Sat,2025-06-21,16:00 (03:00),Avispa Fukuoka,3–2,Albirex Niigata,"11,35",Best Denki Stadium,Yūsuke Ohashi,Match Report,,2025
,21,Sat,2025-06-21,18:30 (05:30),Cerezo Osaka,2–1,Tokyo Verdy,"18,024",Yodoko Sakura Stadium,Atsushi Kamimura,Match Report,,2025
,21,Sat,2025-06-21,19:00 (06:00),Kashiwa Reysol,3–3,Kyoto Sanga,"12,954",Sankyo Frontier Kashiwa Stadium,Futoshi Nakamura,Match Report,,2025
,21,Sat,2025-06-21,19:00 (06:00),Yokohama F. Marinos,0–1,Fagiano Okayama,"29,282",Nissan Stadium,Jumpei Iida,Match Report,,2025
,21,Sat,2025-06-21,19:00 (06:00),Grampus,1–1,Shimizu S-Pulse,"33,833",Toyota Stadium,Yoshirō Imamura,Match Report,,2025
,21,Sat,2025-06-21,19:00 (06:00),Kawasaki Frontale,1–2,Vissel Kobe,"23,103",Kawasaki Todoroki Stadium,Łukasz Kuźma,Match Report,,2025
,21,Sun,2025-06-22,18:00 (05:00),Yokohama FC,0–4,Sanfrecce Hiroshima,"10,475",NHK Spring Mitsuzawa Football Stadium,Yūsuke Araki,Match Report,,2025
,21,Sun,2025-06-22,18:30 (05:30),Gamba Osaka,2–0,FC Tokyo,"28,747",Panasonic Stadium Suita,Robert Jones,Match Report,,2025
,15,Wed,2025-06-25,19:00 (06:00),Kawasaki Frontale,3–1,Albirex Niigata,"20,905",Kawasaki Todoroki Stadium,Shū Kawamata,Match Report,,2025
,15,Wed,2025-06-25,19:30 (06:30),Yokohama F. Marinos,0–3,FC Tokyo,"19,244",Nissan Stadium,Łukasz Kuźma,Match Report,,2025
,22,Sat,2025-06-28,18:00 (05:00),Kashima Antlers,1–2,Fagiano Okayama,"22,254",Kashima Soccer Stadium,Koki Nagamine,Match Report,,2025
,22,Sat,2025-06-28,18:30 (05:30),Shimizu S-Pulse,0–2,Kashiwa Reysol,"18,159",IAI Stadium Nihondaira,Keigo Sendachi,Match Report,,2025
,22,Sat,2025-06-28,19:00 (06:00),FC Tokyo,2–1,Yokohama FC,"24,233",Ajinomoto Stadium,Akihiko Ikeuchi,Match Report,,2025
,22,Sat,2025-06-28,19:00 (06:00),Kyoto Sanga,3–1,Gamba Osaka,"20,174",Sanga Stadium by Kyocera,Łukasz Kuźma,Match Report,,2025
,22,Sat,2025-06-28,19:00 (06:00),Sanfrecce Hiroshima,1–2,Grampus,"26,246",Edion Peace Wing Hiroshima,Hiroki Kasahara,Match Report,,2025
,22,Sat,2025-06-28,19:00 (06:00),Avispa Fukuoka,0–0,Vissel Kobe,"11,783",Best Denki Stadium,Yūsuke Araki,Match Report,,2025
,22,Sat,2025-06-28,19:00 (06:00),Shonan Bellmare,1–1,Yokohama F. Marinos,"13,031",Lemon Gas Stadium Hiratsuka,Yoshimi Yamashita,Match Report,,2025
,22,Sun,2025-06-29,18:00 (05:00),Tokyo Verdy,1–0,Kawasaki Frontale,"22,326",Ajinomoto Stadium,Kōei Koya,Match Report,,2025
,22,Sun,2025-06-29,18:00 (05:00),Albirex Niigata,0–4,Machida Zelvia,"20,087",Denka Big Swan Stadium,Hayato Shimizu,Match Report,,2025
,5,Wed,2025-07-02,19:00 (06:00),Vissel Kobe,1–0,Sanfrecce Hiroshima,"14,95",NOEVIR Stadium Kobe,Kōei Koya,Match Report,,2025
,23,Sat,2025-07-05,18:00 (05:00),Machida Zelvia,3–0,Shimizu S-Pulse,"11,779",Machida GION Stadium,Takuto Okabe,Match Report,,2025
,23,Sat,2025-07-05,18:55 (05:55),Fagiano Okayama,0–1,Sanfrecce Hiroshima,"15,451",JFE Sunny Country Stadium,Hayato Shimizu,Match Report,,2025
,23,Sat,2025-07-05,19:00 (06:00),Kyoto Sanga,2–1,Albirex Niigata,"14,633",Sanga Stadium by Kyocera,Keigo Sendachi,Match Report,,2025
,23,Sat,2025-07-05,19:00 (06:00),Yokohama FC,0–1,Yokohama F. Marinos,"13,3",NHK Spring Mitsuzawa Football Stadium,Hiroki Kasahara,Match Report,,2025
,23,Sat,2025-07-05,19:00 (06:00),Grampus,0–0,Tokyo Verdy,"34,095",Toyota Stadium,Koji Takasaki,Match Report,,2025
,23,Sat,2025-07-05,19:00 (06:00),Vissel Kobe,4–0,Shonan Bellmare,"20,941",NOEVIR Stadium Kobe,Jumpei Iida,Match Report,,2025
,23,Sat,2025-07-05,19:00 (06:00),Kashiwa Reysol,1–0,FC Tokyo,"13,447",Sankyo Frontier Kashiwa Stadium,Koki Nagamine,Match Report,,2025
,23,Sat,2025-07-05,19:00 (06:00),Cerezo Osaka,0–1,Gamba Osaka,"22,365",Yodoko Sakura Stadium,Ryo Tanimoto,Match Report,,2025
,23,Sat,2025-07-05,19:00 (06:00),Kawasaki Frontale,2–1,Kashima Antlers,"23,675",Kawasaki Todoroki Stadium,Yūsuke Araki,Match Report,,2025
,24,Sat,2025-07-19,19:00 (06:00),FC Tokyo,3–2,Urawa Reds,"35,687",Ajinomoto Stadium,Takafumi Mikuriya,Match Report,,2025
,24,Sat,2025-07-19,19:00 (06:00),Shonan Bellmare,3–3,Cerezo Osaka,"11,213",Lemon Gas Stadium Hiratsuka,Yūsuke Ohashi,Match Report,,2025
,24,Sun,2025-07-20,18:00 (05:00),Kashima Antlers,3–2,Kashiwa Reysol,"33,4",Kashima Soccer Stadium,Hiroyuki Kimura,Match Report,,2025
,24,Sun,2025-07-20,18:00 (05:00),Tokyo Verdy,0–1,Machida Zelvia,"22,217",Ajinomoto Stadium,Yudai Yamamoto,Match Report,,2025
,24,Sun,2025-07-20,18:30 (05:30),Shimizu S-Pulse,2–0,Yokohama FC,"18,012",IAI Stadium Nihondaira,Shū Kawamata,Match Report,,2025
,24,Sun,2025-07-20,19:00 (06:00),Albirex Niigata,0–2,Sanfrecce Hiroshima,"22,178",Denka Big Swan Stadium,Yoshirō Imamura,Match Report,,2025
,24,Sun,2025-07-20,19:00 (06:00),Fagiano Okayama,1–2,Vissel Kobe,"15,153",JFE Sunny Country Stadium,Akihiko Ikeuchi,Match Report,,2025
,24,Sun,2025-07-20,19:00 (06:00),Gamba Osaka,2–1,Kawasaki Frontale,"31,898",Panasonic Stadium Suita,Futoshi Nakamura,Match Report,,2025
,24,Sun,2025-07-20,19:00 (06:00),Yokohama F. Marinos,3–0,Grampus,"32,113",Nissan Stadium,Masuya Ueda,Match Report,,2025
,24,Mon,2025-07-21,18:00 (05:00),Avispa Fukuoka,2–2,Kyoto Sanga,"9,943",Best Denki Stadium,Atsushi Kamimura,Match Report,,2025
,21,Wed,2025-07-23,19:30 (06:30),Urawa Reds,4–1,Shonan Bellmare,"26,977",Saitama Stadium 2002,Hayato Shimizu,Match Report,,2025
,23,Sun,2025-07-27,19:00 (06:00),Urawa Reds,0–0,Avispa Fukuoka,"33,85",Saitama Stadium 2002,Koichiro Fukushima,Match Report,,2025
,25,Sat,2025-08-09,18:00 (05:00),Tokyo Verdy,1–0,Yokohama F. Marinos,"26,902",Ajinomoto Stadium,Futoshi Nakamura,Match Report,,2025
,25,Sat,2025-08-09,18:00 (05:00),Yokohama FC,1–2,Urawa Reds,"13,048",NHK Spring Mitsuzawa Football Stadium,Yūsuke Araki,Match Report,,2025
,25,Sat,2025-08-09,19:00 (06:00),Kawasaki Frontale,2–5,Avispa Fukuoka,"22,062",Kawasaki Todoroki Stadium,Hayato Shimizu,Match Report,,2025
,25,Sun,2025-08-10,18:30 (05:30),Sanfrecce Hiroshima,0–0,Shimizu S-Pulse,"23,969",Edion Peace Wing Hiroshima,Iván Barton,Match Report,,2025
,25,Sun,2025-08-10,19:00 (06:00),Machida Zelvia,2–0,Vissel Kobe,"12,619",Machida GION Stadium,Hiroyuki Kimura,Match Report,,2025
,25,Sun,2025-08-10,19:00 (06:00),Grampus,1–2,Kyoto Sanga,"39,896",Toyota Stadium,Takuto Okabe,Match Report,,2025
,25,Sun,2025-08-10,19:00 (06:00),Gamba Osaka,0–3,Fagiano Okayama,"35,245",Panasonic Stadium Suita,Atsushi Kamimura,Match Report,,2025
,25,Sun,2025-08-10,19:00 (06:00),Kashiwa Reysol,2–0,Shonan Bellmare,"14,048",Sankyo Frontier Kashiwa Stadium,Shū Kawamata,Match Report,,2025
,25,Sun,2025-08-10,19:00 (06:00),FC Tokyo,0–1,Kashima Antlers,"40,939",Ajinomoto Stadium,Jumpei Iida,Match Report,,2025
,25,Mon,2025-08-11,19:00 (06:00),Cerezo Osaka,3–1,Albirex Niigata,"18,674",Yodoko Sakura Stadium,Akihiko Ikeuchi,Match Report,,2025
,26,Sat,2025-08-16,18:00 (05:00),Kashima Antlers,1–1,Avispa Fukuoka,"30,672",Kashima Soccer Stadium,Iván Barton,Match Report,,2025
,26,Sat,2025-08-16,18:30 (05:30),Shimizu S-Pulse,1–3,Yokohama F. Marinos,"18,198",IAI Stadium Nihondaira,Masuya Ueda,Match Report,,2025
,26,Sat,2025-08-16,19:00 (06:00),Vissel Kobe,0–1,Yokohama FC,"23,166",NOEVIR Stadium Kobe,Akihiko Ikeuchi,Match Report,,2025
,26,Sat,2025-08-16,19:00 (06:00),Machida Zelvia,3–0,Cerezo Osaka,"11,971",Machida GION Stadium,Hiroki Kasahara,Match Report,,2025
,26,Sat,2025-08-16,19:00 (06:00),Kyoto Sanga,1–0,Tokyo Verdy,"18,3",Sanga Stadium by Kyocera,Koichiro Fukushima,Match Report,,2025
,26,Sat,2025-08-16,19:00 (06:00),Urawa Reds,2–1,Grampus,"45,652",Saitama Stadium 2002,Kōei Koya,Match Report,,2025
,26,Sat,2025-08-16,19:00 (06:00),Albirex Niigata,1–1,Kawasaki Frontale,"26,493",Denka Big Swan Stadium,Atsushi Kamimura,Match Report,,2025
,26,Sat,2025-08-16,19:00 (06:00),Sanfrecce Hiroshima,1–0,Gamba Osaka,"25,925",Edion Peace Wing Hiroshima,Takafumi Mikuriya,Match Report,,2025
,26,Sat,2025-08-16,19:00 (06:00),Shonan Bellmare,2–2,FC Tokyo,"12,608",Lemon Gas Stadium Hiratsuka,Koji Takasaki,Match Report,,2025
,26,Sun,2025-08-17,18:30 (05:30),Fagiano Okayama,2–1,Kashiwa Reysol,"15,421",JFE Sunny Country Stadium,Naoto Uehara,Match Report,,2025
,30,Wed,2025-08-20,05:00 (06:00),Sanfrecce Hiroshima,0–1,Vissel Kobe,"24,847",Edion Peace Wing Hiroshima,Yūsuke Araki,Match Report,,2025
,30,Wed,2025-08-20,19:00 (06:00),Machida Zelvia,3–1,Gamba Osaka,"10,108",Machida GION Stadium,Iván Barton,Match Report,,2025
,27,Fri,2025-08-22,19:00 (06:00),Kashiwa Reysol,4–2,Urawa Reds,"13,922",Sankyo Frontier Kashiwa Stadium,Fu Ming,Match Report,,2025
,27,Sat,2025-08-23,18:00 (05:00),Avispa Fukuoka,0–0,Shimizu S-Pulse,"11,434",Best Denki Stadium,Kōei Koya,Match Report,,2025
,27,Sat,2025-08-23,19:00 (06:00),Cerezo Osaka,1–1,Vissel Kobe,"21,578",Yodoko Sakura Stadium,Futoshi Nakamura,Match Report,,2025
,27,Sat,2025-08-23,19:00 (06:00),Albirex Niigata,1–2,Kashima Antlers,"26,1",Denka Big Swan Stadium,Hiroki Kasahara,Match Report,,2025
,27,Sat,2025-08-23,19:00 (06:00),Fagiano Okayama,1–0,Shonan Bellmare,"14,256",JFE Sunny Country Stadium,Keigo Sendachi,Match Report,,2025
,27,Sat,2025-08-23,19:00 (06:00),Grampus,3–4,Kawasaki Frontale,"40,055",Toyota Stadium,Daichi Shiino,Match Report,,2025
,27,Sat,2025-08-23,19:00 (06:00),Gamba Osaka,3–2,Yokohama FC,"27,994",Panasonic Stadium Suita,Hayato Shimizu,Match Report,,2025
,27,Sat,2025-08-23,19:00 (06:00),Tokyo Verdy,0–3,Sanfrecce Hiroshima,"17,48",Ajinomoto Stadium,Akihiko Ikeuchi,Match Report,,2025
,27,Sat,2025-08-23,19:30 (06:30),Yokohama F. Marinos,0–0,Machida Zelvia,"32,188",Nissan Stadium,Takafumi Mikuriya,Match Report,,2025
,27,Sun,2025-08-24,19:00 (06:00),FC Tokyo,0–4,Kyoto Sanga,"27,591",Ajinomoto Stadium,Iván Barton,Match Report,,2025
,28,Sat,2025-08-30,18:00 (05:00),Yokohama FC,0–0,Tokyo Verdy,"10,512",NHK Spring Mitsuzawa Football Stadium,Koji Takasaki,Match Report,,2025
,28,Sat,2025-08-30,19:00 (06:00),Vissel Kobe,1–0,Yokohama F. Marinos,"23,198",NOEVIR Stadium Kobe,Yudai Yamamoto,Match Report,,2025
,28,Sat,2025-08-30,19:00 (06:00),Kyoto Sanga,5–0,Fagiano Okayama,"20,03",Sanga Stadium by Kyocera,Yūsuke Ohashi,Match Report,,2025
,28,Sun,2025-08-31,18:30 (05:30),Shimizu S-Pulse,1–1,Kashima Antlers,"17,922",IAI Stadium Nihondaira,Yoshirō Imamura,Match Report,,2025
,28,Sun,2025-08-31,19:00 (06:00),Shonan Bellmare,4–5,Gamba Osaka,"13,2",Lemon Gas Stadium Hiratsuka,Yuzo Sutani,Match Report,,2025
,28,Sun,2025-08-31,19:00 (06:00),Urawa Reds,1–0,Albirex Niigata,"30,968",Saitama Stadium 2002,Hiroyuki Kimura,Match Report,,2025
,28,Sun,2025-08-31,19:00 (06:00),Kawasaki Frontale,5–3,Machida Zelvia,"22,27",Kawasaki Todoroki Stadium,Koichiro Fukushima,Match Report,,2025
,28,Sun,2025-08-31,19:00 (06:00),Kashiwa Reysol,2–1,Avispa Fukuoka,"13,995",Sankyo Frontier Kashiwa Stadium,Keigo Sendachi,Match Report,,2025
,28,Sun,2025-08-31,19:00 (06:00),Cerezo Osaka,1–1,Sanfrecce Hiroshima,"19,899",Yodoko Sakura Stadium,Masuya Ueda,Match Report,,2025
,28,Sun,2025-08-31,19:00 (06:00),Grampus,1–1,FC Tokyo,"39,815",Toyota Stadium,Yūsuke Araki,Match Report,,2025
,29,Fri,2025-09-12,05:00 (06:00),Sanfrecce Hiroshima,1–1,Kyoto Sanga,"25,369",Edion Peace Wing Hiroshima,Hiroyuki Kimura,Match Report,,2025
,29,Fri,2025-09-12,19:00 (06:00),Machida Zelvia,1–1,Yokohama FC,"7,035",Machida GION Stadium,Yoshirō Imamura,Match Report,,2025
,29,Fri,2025-09-12,19:00 (06:00),Vissel Kobe,0–0,Kashiwa Reysol,"15,051",NOEVIR Stadium Kobe,Jumpei Iida,Match Report,,2025
,29,Sat,2025-09-13,18:00 (05:00),Avispa Fukuoka,2–4,Cerezo Osaka,"9,643",Best Denki Stadium,Yoshimi Yamashita,Match Report,,2025
,29,Sat,2025-09-13,18:55 (05:55),Fagiano Okayama,0–1,Grampus,"14,735",JFE Sunny Country Stadium,Koji Takasaki,Match Report,,2025
,29,Sat,2025-09-13,19:00 (06:00),Kashima Antlers,3–0,Shonan Bellmare,"23,121",Kashima Soccer Stadium,Akihiko Ikeuchi,Match Report,,2025
,29,Sat,2025-09-13,19:00 (06:00),Gamba Osaka,1–0,Urawa Reds,"31,998",Panasonic Stadium Suita,Elmoiz Ali Mohamed Ahmed,Match Report,,2025
,29,Sat,2025-09-13,19:00 (06:00),Albirex Niigata,0–1,Shimizu S-Pulse,"24,557",Denka Big Swan Stadium,Takuto Okabe,Match Report,,2025
,29,Sat,2025-09-13,19:00 (06:00),Yokohama F. Marinos,0–3,Kawasaki Frontale,"41,221",Nissan Stadium,Yūsuke Ohashi,Match Report,,2025
,29,Mon,2025-09-15,19:00 (06:00),FC Tokyo,1–0,Tokyo Verdy,"37,424",Ajinomoto Stadium,Yudai Yamamoto,Match Report,,2025
,30,Sat,2025-09-20,17:00 (04:00),Grampus,3–1,Shonan Bellmare,"29,55",Toyota Stadium,Mohamed Ahmed Al Shrief,Match Report,,2025
,30,Sat,2025-09-20,18:00 (05:00),Yokohama FC,1–0,Albirex Niigata,"9,462",NHK Spring Mitsuzawa Football Stadium,Futoshi Nakamura,Match Report,,2025
,30,Sat,2025-09-20,18:00 (05:00),Tokyo Verdy,4–2,Fagiano Okayama,"13,516",Ajinomoto Stadium,Yuzo Sutani,Match Report,,2025
,30,Sat,2025-09-20,18:30 (05:30),Cerezo Osaka,1–1,Kashiwa Reysol,"18,938",Yodoko Sakura Stadium,Takafumi Mikuriya,Match Report,,2025
,30,Sat,2025-09-20,19:00 (06:00),Urawa Reds,0–1,Kashima Antlers,"53,301",Saitama Stadium 2002,Koichiro Fukushima,Match Report,,2025
,30,Sat,2025-09-20,19:00 (06:00),Kawasaki Frontale,0–1,FC Tokyo,"22,338",Kawasaki Todoroki Stadium,Faisal Suleiman Al Balawi,Match Report,,2025
,30,Sat,2025-09-20,19:00 (06:00),Kyoto Sanga,0–1,Shimizu S-Pulse,"19,056",Sanga Stadium by Kyocera,Koki Nagamine,Match Report,,2025
,30,Sat,2025-09-20,19:00 (06:00),Yokohama F. Marinos,2–0,Avispa Fukuoka,"21,84",Nissan Stadium,Hiroki Kasahara,Match Report,,2025
,31,Tue,2025-09-23,14:00 (01:00),Albirex Niigata,0–0,Grampus,"19,673",Denka Big Swan Stadium,Yūsuke Ohashi,Match Report,,2025
,31,Tue,2025-09-23,18:00 (05:00),FC Tokyo,1–0,Avispa Fukuoka,"24,412",Ajinomoto Stadium,Masuya Ueda,Match Report,,2025
,31,Tue,2025-09-23,18:00 (05:00),Kashima Antlers,3–1,Cerezo Osaka,"25,752",Kashima Soccer Stadium,Faisal Suleiman Al Balawi,Match Report,,2025
,31,Tue,2025-09-23,18:00 (05:00),Fagiano Okayama,0–0,Yokohama FC,"13,537",JFE Sunny Country Stadium,Atsushi Kamimura,Match Report,,2025
,31,Tue,2025-09-23,18:00 (05:00),Shimizu S-Pulse,0–0,Urawa Reds,"17,202",IAI Stadium Nihondaira,Koji Takasaki,Match Report,,2025
,31,Tue,2025-09-23,19:00 (06:00),Gamba Osaka,3–1,Yokohama F. Marinos,"26,768",Panasonic Stadium Suita,Keigo Sendachi,Match Report,,2025
,31,Tue,2025-09-23,19:00 (06:00),Kashiwa Reysol,0–0,Sanfrecce Hiroshima,"13,552",Sankyo Frontier Kashiwa Stadium,Mohamed Ahmed El Shenawy,Match Report,,2025
,31,Tue,2025-09-23,19:00 (06:00),Shonan Bellmare,1–2,Kawasaki Frontale,"12,76",Lemon Gas Stadium Hiratsuka,Kōei Koya,Match Report,,2025
,31,Tue,2025-09-23,19:00 (06:00),Vissel Kobe,4–0,Tokyo Verdy,"17,132",NOEVIR Stadium Kobe,Hiroyuki Kimura,Match Report,,2025
,31,Tue,2025-09-23,19:00 (06:00),Kyoto Sanga,1–1,Machida Zelvia,"18,964",Sanga Stadium by Kyocera,Jumpei Iida,Match Report,,2025
,32,Sat,2025-09-27,16:00 (03:00),Machida Zelvia,1–0,Fagiano Okayama,"10,113",Machida GION Stadium,Shū Kawamata,Match Report,,2025
,32,Sat,2025-09-27,17:00 (04:00),Grampus,0–4,Kashima Antlers,"34,648",Toyota Stadium,Futoshi Nakamura,Match Report,,2025
,32,Sat,2025-09-27,17:00 (04:00),Gamba Osaka,4–2,Albirex Niigata,"26,768",Panasonic Stadium Suita,Akihiko Ikeuchi,Match Report,,2025
,32,Sat,2025-09-27,18:00 (05:00),Tokyo Verdy,0–0,Urawa Reds,"24,643",Ajinomoto Stadium,Ryo Tanimoto,Match Report,,2025
,32,Sat,2025-09-27,18:00 (05:00),Avispa Fukuoka,1–2,Sanfrecce Hiroshima,"11,472",Best Denki Stadium,Hayato Shimizu,Match Report,,2025
,32,Sat,2025-09-27,19:00 (06:00),Vissel Kobe,2–1,Shimizu S-Pulse,"18,914",NOEVIR Stadium Kobe,Faisal Suleiman Al Balawi,Match Report,,2025
,32,Sun,2025-09-28,17:00 (04:00),Yokohama FC,1–0,Shonan Bellmare,"12,751",NHK Spring Mitsuzawa Football Stadium,Hiroki Kasahara,Match Report,,2025
,32,Sun,2025-09-28,18:00 (05:00),FC Tokyo,2–3,Yokohama F. Marinos,"33,46",Ajinomoto Stadium,Kōei Koya,Match Report,,2025
,32,Sun,2025-09-28,18:30 (05:30),Cerezo Osaka,1–2,Kyoto Sanga,"21,935",Yodoko Sakura Stadium,Daichi Shiino,Match Report,,2025
,32,Sun,2025-09-28,19:00 (06:00),Kawasaki Frontale,4–4,Kashiwa Reysol,"21,652",Kawasaki Todoroki Stadium,Koki Nagamine,Match Report,,2025
,33,Fri,2025-10-03,19:00 (06:00),Shonan Bellmare,0–1,Tokyo Verdy,"11,46",Lemon Gas Stadium Hiratsuka,Yoshimi Yamashita,Match Report,,2025
,33,Sat,2025-10-04,02:00 (03:00),Sanfrecce Hiroshima,2–1,Machida Zelvia,"25,877",Edion Peace Wing Hiroshima,Hiroki Kasahara,Match Report,,2025
,33,Sat,2025-10-04,13:00 (00:00),Shimizu S-Pulse,1–1,FC Tokyo,"17,099",IAI Stadium Nihondaira,Jumpei Iida,Match Report,,2025
,33,Sat,2025-10-04,13:30 (00:30),Grampus,2–1,Cerezo Osaka,"33,496",Toyota Stadium,Hayato Shimizu,Match Report,,2025
,33,Sat,2025-10-04,14:00 (01:00),Albirex Niigata,1–1,Fagiano Okayama,"19,567",Denka Big Swan Stadium,Koki Nagamine,Match Report,,2025
,33,Sat,2025-10-04,15:00 (02:00),Avispa Fukuoka,1–0,Yokohama FC,"9,076",Best Denki Stadium,Yuzo Sutani,Match Report,,2025
,33,Sat,2025-10-04,17:00 (04:00),Urawa Reds,1–0,Vissel Kobe,"38,062",Saitama Stadium 2002,Akihiko Ikeuchi,Match Report,,2025
,33,Sat,2025-10-04,17:30 (04:30),Kashiwa Reysol,1–0,Yokohama F. Marinos,"13,884",Sankyo Frontier Kashiwa Stadium,Koji Takasaki,Match Report,,2025
,33,Sat,2025-10-04,19:00 (06:00),Kyoto Sanga,1–1,Kawasaki Frontale,"19,265",Sanga Stadium by Kyocera,Atsushi Kamimura,Match Report,,2025
,33,Sun,2025-10-05,15:00 (02:00),Kashima Antlers,0–0,Gamba Osaka,"32,407",Kashima Soccer Stadium,Yudai Yamamoto,Match Report,,2025
,34,Fri,2025-10-17,05:00 (06:00),Sanfrecce Hiroshima,0–0,FC Tokyo,"25,728",Edion Peace Wing Hiroshima,Akihiko Ikeuchi,Match Report,,2025
,34,Fri,2025-10-17,19:00 (06:00),Vissel Kobe,0–0,Kashima Antlers,"25,806",NOEVIR Stadium Kobe,Takafumi Mikuriya,Match Report,,2025
,34,Sat,2025-10-18,14:00 (01:00),Yokohama F. Marinos,4–0,Urawa Reds,"36,442",Nissan Stadium,Hiroki Kasahara,Match Report,,2025
,34,Sat,2025-10-18,14:00 (01:00),Kawasaki Frontale,5–3,Shimizu S-Pulse,"22,292",Kawasaki Todoroki Stadium,Shū Kawamata,Match Report,,2025
,34,Sat,2025-10-18,14:00 (01:00),Gamba Osaka,0–5,Kashiwa Reysol,"30,282",Panasonic Stadium Suita,Koichiro Fukushima,Match Report,,2025
,34,Sat,2025-10-18,14:00 (01:00),Machida Zelvia,0–0,Avispa Fukuoka,"9,68",Machida GION Stadium,Ryo Tanimoto,Match Report,,2025
,34,Sat,2025-10-18,14:00 (01:00),Fagiano Okayama,1–2,Cerezo Osaka,"14,903",JFE Sunny Country Stadium,Yūsuke Ohashi,Match Report,,2025
,34,Sat,2025-10-18,14:00 (01:00),Yokohama FC,2–2,Grampus,"11,465",NHK Spring Mitsuzawa Football Stadium,Jumpei Iida,Match Report,,2025
,34,Sat,2025-10-18,14:00 (01:00),Tokyo Verdy,1–0,Albirex Niigata,"17,497",Ajinomoto Stadium,Kōei Koya,Match Report,,2025
,34,Sun,2025-10-19,15:00 (02:00),Shonan Bellmare,1–1,Kyoto Sanga,"11,688",Lemon Gas Stadium Hiratsuka,Yoshirō Imamura,Match Report,,2025
,35,Sat,2025-10-25,14:00 (01:00),Kyoto Sanga,1–1,Kashima Antlers,"20,353",Sanga Stadium by Kyocera,Hiroyuki Kimura,Match Report,,2025
,35,Sat,2025-10-25,14:00 (01:00),FC Tokyo,3–1,Fagiano Okayama,"24,664",Ajinomoto Stadium,Yoshimi Yamashita,Match Report,,2025
,35,Sat,2025-10-25,14:00 (01:00),Kashiwa Reysol,2–0,Yokohama FC,"12,95",Sankyo Frontier Kashiwa Stadium,Akihiko Ikeuchi,Match Report,,2025
,35,Sat,2025-10-25,14:00 (01:00),Shimizu S-Pulse,1–0,Tokyo Verdy,"16,814",IAI Stadium Nihondaira,Futoshi Nakamura,Match Report,,2025
,35,Sat,2025-10-25,14:00 (01:00),Yokohama F. Marinos,3–0,Sanfrecce Hiroshima,"27,356",Nissan Stadium,Jumpei Iida,Match Report,,2025
,35,Sat,2025-10-25,14:00 (01:00),Urawa Reds,0–0,Machida Zelvia,"34,551",Saitama Stadium 2002,Koichiro Fukushima,Match Report,,2025
,35,Sat,2025-10-25,14:00 (01:00),Grampus,0–2,Gamba Osaka,"30,084",Toyota Stadium,Fu Ming,Match Report,,2025
,35,Sat,2025-10-25,15:00 (02:00),Cerezo Osaka,2–0,Kawasaki Frontale,"17,36",Yodoko Sakura Stadium,Ryo Tanimoto,Match Report,,2025
,35,Sun,2025-10-26,14:00 (01:00),Albirex Niigata,2–2,Vissel Kobe,"19,48",Denka Big Swan Stadium,Masuya Ueda,Match Report,,2025
,35,Sun,2025-10-26,14:40 (01:40),Avispa Fukuoka,1–0,Shonan Bellmare,"11,047",Best Denki Stadium,Keigo Sendachi,Match Report,,2025
,36,Sat,2025-11-08,14:00 (01:00),Kashima Antlers,2–1,Yokohama FC,"34,873",Kashima Soccer Stadium,Koichiro Fukushima,Match Report,,2025
,36,Sat,2025-11-08,14:00 (01:00),Tokyo Verdy,0–0,Avispa Fukuoka,"15,091",Ajinomoto Stadium,Atsushi Kamimura,Match Report,,2025
,36,Sat,2025-11-08,15:00 (02:00),Shonan Bellmare,5–2,Albirex Niigata,"11,505",Lemon Gas Stadium Hiratsuka,Jumpei Iida,Match Report,,2025
,36,Sat,2025-11-08,15:00 (02:00),Kawasaki Frontale,1–1,Fagiano Okayama,"23,343",Kawasaki Todoroki Stadium,Hayato Shimizu,Match Report,,2025
,36,Sat,2025-11-08,16:00 (03:00),Kashiwa Reysol,1–0,Grampus,"13,634",Sankyo Frontier Kashiwa Stadium,Masuya Ueda,Match Report,,2025
,36,Sun,2025-11-09,14:00 (01:00),Kyoto Sanga,0–3,Yokohama F. Marinos,"19,828",Sanga Stadium by Kyocera,Koki Nagamine,Match Report,,2025
,36,Sun,2025-11-09,14:00 (01:00),Machida Zelvia,0–1,FC Tokyo,"46,838",Japan National Stadium,Futoshi Nakamura,Match Report,,2025
,36,Sun,2025-11-09,15:00 (02:00),Shimizu S-Pulse,1–4,Cerezo Osaka,"15,91",IAI Stadium Nihondaira,Yūsuke Araki,Match Report,,2025
,36,Sun,2025-11-09,15:00 (02:00),Gamba Osaka,1–1,Vissel Kobe,"34,695",Panasonic Stadium Suita,Akihiko Ikeuchi,Match Report,,2025
,36,Sat,2025-11-08,23:00 (00:00),Sanfrecce Hiroshima,3–0,Urawa Reds,"26,383",Edion Peace Wing Hiroshima,Ryo Tanimoto,Match Report,,2025
,37,Sun,2025-11-30,14:00 (01:00),Kawasaki Frontale,1–2,Sanfrecce Hiroshima,"23,173",Kawasaki Todoroki Stadium,Koji Takasaki,Match Report,,2025
,37,Sun,2025-11-30,14:00 (01:00),Avispa Fukuoka,1–0,Gamba Osaka,"17,587",Best Denki Stadium,Hiroyuki Kimura,Match Report,,2025
,37,Sun,2025-11-30,14:00 (01:00),Yokohama FC,0–1,Kyoto Sanga,"9,804",NHK Spring Mitsuzawa Football Stadium,Yudai Yamamoto,Match Report,,2025
,37,Sun,2025-11-30,14:00 (01:00),Shonan Bellmare,1–0,Shimizu S-Pulse,"12,531",Lemon Gas Stadium Hiratsuka,Koki Nagamine,Match Report,,2025
,37,Sun,2025-11-30,14:00 (01:00),Yokohama F. Marinos,3–1,Cerezo Osaka,"42,665",Nissan Stadium,Futoshi Nakamura,Match Report,,2025
,37,Sun,2025-11-30,14:00 (01:00),Tokyo Verdy,0–1,Kashima Antlers,"38,168",Ajinomoto Stadium,Takafumi Mikuriya,Match Report,,2025
,37,Sun,2025-11-30,14:00 (01:00),Fagiano Okayama,0–1,Urawa Reds,"15,623",JFE Sunny Country Stadium,Keigo Sendachi,Match Report,,2025
,37,Sun,2025-11-30,14:00 (01:00),Vissel Kobe,0–0,FC Tokyo,"21,948",NOEVIR Stadium Kobe,Koichiro Fukushima,Match Report,,2025
,37,Sun,2025-11-30,14:00 (01:00),Machida Zelvia,3–1,Grampus,"12,396",Machida GION Stadium,Kōei Koya,Match Report,,2025
,37,Sun,2025-11-30,14:00 (01:00),Albirex Niigata,1–3,Kashiwa Reysol,"25,346",Denka Big Swan Stadium,Hiroki Kasahara,Match Report,,2025
,38,Sat,2025-12-06,00:00 (01:00),Sanfrecce Hiroshima,2–1,Shonan Bellmare,"26,373",Edion Peace Wing Hiroshima,Akihiko Ikeuchi,Match Report,,2025
,38,Sat,2025-12-06,14:00 (01:00),Kashima Antlers,2–1,Yokohama F. Marinos,"37,079",Kashima Soccer Stadium,Hiroyuki Kimura,Match Report,,2025
,38,Sat,2025-12-06,14:00 (01:00),Shimizu S-Pulse,1–2,Fagiano Okayama,"18,346",IAI Stadium Nihondaira,Hiroki Kasahara,Match Report,,2025
,38,Sat,2025-12-06,14:00 (01:00),Grampus,1–0,Avispa Fukuoka,"34,975",Toyota Stadium,Hayato Shimizu,Match Report,,2025
,38,Sat,2025-12-06,14:00 (01:00),Gamba Osaka,4–1,Tokyo Verdy,"33,627",Panasonic Stadium Suita,Yudai Yamamoto,Match Report,,2025
,38,Sat,2025-12-06,14:00 (01:00),Urawa Reds,4–0,Kawasaki Frontale,"47,878",Saitama Stadium 2002,Kōei Koya,Match Report,,2025
,38,Sat,2025-12-06,14:00 (01:00),Kashiwa Reysol,1–0,Machida Zelvia,"14,092",Sankyo Frontier Kashiwa Stadium,Koichiro Fukushima,Match Report,,2025
,38,Sat,2025-12-06,14:00 (01:00),Cerezo Osaka,1–3,Yokohama FC,"19,07",Yodoko Sakura Stadium,Yoshirō Imamura,Match Report,,2025
,38,Sat,2025-12-06,14:00 (01:00),FC Tokyo,1–1,Albirex Niigata,"36,276",Ajinomoto Stadium,Takuto Okabe,Match Report,,2025
,38,Sat,2025-12-06,14:00 (01:00),Kyoto Sanga,2–0,Vissel Kobe,"20,074",Sanga Stadium by Kyocera,Takafumi Mikuriya,Match Report,,2025
